time_step,passenger_sequence,target_x,target_y,current_x,current_y,current_cell,state
1230,75,8,2,4.4,3,{L},0
1230,76,4,8,2.700000000000001,7,{L},0
1230,77,6,1,2.5333333333333345,3,{L},0
1230,78,2,9,1.5000000000000002,7,{L},2
1230,79,6,2,0.8666666666666666,3,{L},0
1230,80,2,8,0,2.2666666666659543,{L},0
1230,81,4,1,0,-0.7333333333340526,{L},0
1230,82,4,2,0,-3.133333333334039,{L},0
1230,83,2,1,0,-5.533333333333988,{L},0
1230,84,17,6,0,-7.933333333333976,{L},0
1230,85,2,2,0,-10.200000000000614,{L},0
1230,86,16,6,0,-12.200000000000582,{L},0
1230,87,15,6,0,-14.200000000000546,{L},0
1230,88,14,6,0,-15.866666666667165,{L},0
1230,89,17,4,0,-17.40000000000046,{L},0
1230,90,13,6,0,-19.133333333333773,{L},0
1230,91,16,4,0,-20.733333333333725,{L},0
1230,92,12,6,0,-22.266666666667,{L},0
1230,93,15,4,0,-24.000000000000313,{L},0
1230,94,11,6,0,-25.60000000000028,{L},0
1230,95,14,4,0,-27.13333333333356,{L},0
1230,96,10,6,0,-28.86666666666686,{L},0
1230,97,13,4,0,-30.466666666666825,{L},0
1230,98,9,6,0,-32.000000000000114,{L},0
1230,99,12,4,0,-33.73333333333342,{L},0
1230,100,8,6,0,-35.33333333333337,{L},0
1230,101,11,4,0,-36.86666666666666,{L},0
1230,102,7,6,0,-38.59999999999997,{L},0
1230,103,10,4,0,-40.199999999999925,{L},0
1230,104,6,6,0,-41.733333333333206,{L},0
1230,105,9,4,0,-43.46666666666652,{L},0
1230,106,5,6,0,-45.066666666666485,{L},0
1230,107,8,4,0,-46.59999999999976,{L},0
1230,108,4,6,0,-48.33333333333306,{L},0
1230,109,7,4,0,-49.933333333333024,{L},0
1230,110,3,6,0,-51.46666666666632,{L},0
1230,111,6,4,0,-53.19999999999962,{L},0
1230,112,2,6,0,-54.79999999999957,{L},0
1230,113,5,4,0,-56.33333333333286,{L},0
1230,114,1,6,0,-58.06666666666617,{L},0
1230,115,4,4,0,-59.666666666666124,{L},0
1230,116,3,4,0,-61.199999999999406,{L},0
1230,117,2,4,0,-62.93333333333272,{L},0
1230,118,1,4,0,-64.5333333333327,{L},0
