time_step,passenger_sequence,target_x,target_y,current_x,current_y,current_cell,state
1573,90,13,6,11.666666666666641,7,{L},0
1573,92,12,6,9.699999999999982,7,{L},0
1573,93,15,4,13.199999999999969,3,{L},0
1573,94,11,6,8.999999999999984,7,{L},0
1573,95,14,4,10.666666666666645,3,{L},0
1573,96,10,6,6.5999999999999925,7,{L},0
1573,97,13,4,8.299999999999986,3,{L},0
1573,98,9,6,5.899999999999995,7,{L},0
1573,99,12,4,7.599999999999989,3,{L},0
1573,100,8,6,3.5000000000000018,7,{L},0
1573,101,11,4,5.1999999999999975,3,{L},0
1573,102,7,6,2.800000000000001,7,{L},0
1573,103,10,4,2.800000000000001,3,{L},0
1573,104,6,6,2.1000000000000005,7,{L},0
1573,105,9,4,2.1000000000000005,3,{L},0
1573,106,5,6,0,5.933333333333388,{L},0
1573,107,8,4,0,2.0666666666667752,{L},0
1573,108,4,6,0,-0.3333333333331964,{L},0
1573,109,7,4,0,-2.733333333333168,{L},0
1573,110,3,6,0,-5.133333333333138,{L},0
1573,111,6,4,0,-7.533333333333112,{L},0
1573,112,2,6,0,-9.933333333333064,{L},0
1573,113,5,4,0,-12.199999999999683,{L},0
1573,114,1,6,0,-14.199999999999662,{L},0
1573,115,4,4,0,-16.133333333332946,{L},0
1573,116,3,4,0,-17.733333333332894,{L},0
1573,117,2,4,0,-19.466666666666207,{L},0
1573,118,1,4,0,-21.066666666666173,{L},0
