time_step,passenger_sequence,target_x,target_y,current_x,current_y,current_cell,state
1126,64,10,8,9.599999999999982,7,{L},2
1126,65,12,1,9.33333333333333,3,{L},0
1126,67,12,2,8.000000000000004,3,{L},0
1126,68,8,8,5.699999999999996,7,{L},1
1126,69,10,1,5.7666666666666675,3,{L},0
1126,70,6,9,3.3000000000000016,7,{L},1
1126,71,10,2,4.033333333333338,3,{L},0
1126,72,6,8,1.9000000000000006,7,{L},0
1126,73,8,1,3.633333333333337,3,{L},0
1126,74,4,9,0.8999999999999999,7,{L},1
1126,75,8,2,0.39999999999999997,3,{L},0
1126,76,4,8,0,1.7333333333325853,{L},0
1126,77,6,1,0,-1.1333333333340916,{L},0
1126,78,2,9,0,-3.5333333333340997,{L},0
1126,79,6,2,0,-5.933333333334088,{L},0
1126,80,2,8,0,-8.33333333333405,{L},0
1126,81,4,1,0,-10.466666666667383,{L},0
1126,82,4,2,0,-12.533333333334028,{L},0
1126,83,2,1,0,-14.333333333333968,{L},0
1126,84,17,6,0,-16.06666666666728,{L},0
1126,85,2,2,0,-17.666666666667254,{L},0
1126,86,16,6,0,-19.200000000000557,{L},0
1126,87,15,6,0,-20.933333333333856,{L},0
1126,88,14,6,0,-22.533333333333808,{L},0
1126,89,17,4,0,-24.066666666667103,{L},0
1126,90,13,6,0,-25.800000000000416,{L},0
1126,91,16,4,0,-27.400000000000368,{L},0
1126,92,12,6,0,-28.933333333333643,{L},0
1126,93,15,4,0,-30.666666666666956,{L},0
1126,94,11,6,0,-32.26666666666692,{L},0
1126,95,14,4,0,-33.8000000000002,{L},0
1126,96,10,6,0,-35.5333333333335,{L},0
1126,97,13,4,0,-37.13333333333347,{L},0
1126,98,9,6,0,-38.66666666666676,{L},0
1126,99,12,4,0,-40.40000000000006,{L},0
1126,100,8,6,0,-42.000000000000014,{L},0
1126,101,11,4,0,-43.5333333333333,{L},0
1126,102,7,6,0,-45.266666666666616,{L},0
1126,103,10,4,0,-46.86666666666657,{L},0
1126,104,6,6,0,-48.39999999999985,{L},0
1126,105,9,4,0,-50.13333333333316,{L},0
1126,106,5,6,0,-51.73333333333313,{L},0
1126,107,8,4,0,-53.2666666666664,{L},0
1126,108,4,6,0,-54.9999999999997,{L},0
1126,109,7,4,0,-56.59999999999967,{L},0
1126,110,3,6,0,-58.13333333333296,{L},0
1126,111,6,4,0,-59.86666666666626,{L},0
1126,112,2,6,0,-61.466666666666214,{L},0
1126,113,5,4,0,-62.9999999999995,{L},0
1126,114,1,6,0,-64.73333333333285,{L},0
1126,115,4,4,0,-66.33333333333289,{L},0
1126,116,3,4,0,-67.86666666666625,{L},0
1126,117,2,4,0,-69.59999999999965,{L},0
1126,118,1,4,0,-71.1999999999997,{L},0
