time_step,passenger_sequence,target_x,target_y,current_x,current_y,current_cell,state
1779,109,7,4,6.5999999999999925,3,{L},2
1779,113,5,4,4.5,3,{L},2
1779,115,4,4,1.3,3,{L},1
1779,116,3,4,0,2.4666666666670767,{L},0
1779,117,2,4,0,-0.5333333333329087,{L},0
1779,118,1,4,0,-2.9333333333328806,{L},0
