time_step,passenger_sequence,target_x,target_y,current_x,current_y,current_cell,state
1799,115,4,4,2.700000000000001,3,{L},0
1799,116,3,4,1.9000000000000006,3,{L},0
1799,117,2,4,0.7999999999999999,3,{L},0
1799,118,1,4,0,1.6666666666671195,{L},0
