time_step,passenger_sequence,target_x,target_y,current_x,current_y,current_cell,state
1357,84,17,6,6.299999999999994,7,{L},0
1357,85,2,2,1.5000000000000002,3,{L},2
1357,86,16,6,2.2000000000000006,7,{L},0
1357,87,15,6,0.7,7,{L},0
1357,88,14,6,0,4.99999999999948,{L},0
1357,89,17,4,0,2.0666666666661784,{L},0
1357,90,13,6,0,-0.3333333333338075,{L},0
1357,91,16,4,0,-2.733333333333765,{L},0
1357,92,12,6,0,-5.133333333333714,{L},0
1357,93,15,4,0,-7.533333333333702,{L},0
1357,94,11,6,0,-9.866666666667001,{L},0
1357,95,14,4,0,-12.066666666666947,{L},0
1357,96,10,6,0,-14.066666666666912,{L},0
1357,97,13,4,0,-15.80000000000021,{L},0
1357,98,9,6,0,-17.3333333333335,{L},0
1357,99,12,4,0,-19.066666666666805,{L},0
1357,100,8,6,0,-20.666666666666757,{L},0
1357,101,11,4,0,-22.200000000000045,{L},0
1357,102,7,6,0,-23.93333333333336,{L},0
1357,103,10,4,0,-25.53333333333331,{L},0
1357,104,6,6,0,-27.066666666666592,{L},0
1357,105,9,4,0,-28.799999999999905,{L},0
1357,106,5,6,0,-30.39999999999987,{L},0
1357,107,8,4,0,-31.933333333333145,{L},0
1357,108,4,6,0,-33.666666666666444,{L},0
1357,109,7,4,0,-35.26666666666641,{L},0
1357,110,3,6,0,-36.799999999999706,{L},0
1357,111,6,4,0,-38.533333333333005,{L},0
1357,112,2,6,0,-40.133333333332956,{L},0
1357,113,5,4,0,-41.666666666666245,{L},0
1357,114,1,6,0,-43.39999999999956,{L},0
1357,115,4,4,0,-44.99999999999951,{L},0
1357,116,3,4,0,-46.53333333333279,{L},0
1357,117,2,4,0,-48.266666666666104,{L},0
1357,118,1,4,0,-49.86666666666607,{L},0
