time_step,passenger_sequence,target_x,target_y,current_x,current_y,current_cell,state
1574,90,13,6,11.799999999999974,7,{L},0
1574,92,12,6,9.799999999999981,7,{L},0
1574,93,15,4,13.399999999999968,3,{L},0
1574,94,11,6,9.099999999999984,7,{L},0
1574,95,14,4,10.733333333333311,3,{L},0
1574,96,10,6,6.699999999999992,7,{L},0
1574,97,13,4,8.399999999999986,3,{L},0
1574,98,9,6,5.999999999999995,7,{L},0
1574,99,12,4,7.699999999999989,3,{L},0
1574,100,8,6,3.600000000000002,7,{L},0
1574,101,11,4,5.299999999999997,3,{L},0
1574,102,7,6,2.9000000000000012,7,{L},0
1574,103,10,4,2.9000000000000012,3,{L},0
1574,104,6,6,2.2000000000000006,7,{L},0
1574,105,9,4,2.2000000000000006,3,{L},0
1574,106,5,6,0,6.200000000000054,{L},0
1574,107,8,4,0,2.2666666666667754,{L},0
1574,108,4,6,0,-0.1333333333331964,{L},0
1574,109,7,4,0,-2.533333333333168,{L},0
1574,110,3,6,0,-4.933333333333138,{L},0
1574,111,6,4,0,-7.333333333333112,{L},0
1574,112,2,6,0,-9.733333333333064,{L},0
1574,113,5,4,0,-11.999999999999684,{L},0
1574,114,1,6,0,-14.066666666666329,{L},0
1574,115,4,4,0,-15.999999999999613,{L},0
1574,116,3,4,0,-17.59999999999956,{L},0
1574,117,2,4,0,-19.333333333332874,{L},0
1574,118,1,4,0,-20.93333333333284,{L},0
