time_step,passenger_sequence,target_x,target_y,current_x,current_y,current_cell,state
1433,84,17,6,15.199999999999973,7,{L},0
1433,86,16,6,9.799999999999981,7,{L},0
1433,87,15,6,8.299999999999986,7,{L},0
1433,88,14,6,6.999999999999991,7,{L},0
1433,89,17,4,7.29999999999999,3,{L},0
1433,90,13,6,4.899999999999999,7,{L},0
1433,91,16,4,4.899999999999999,3,{L},0
1433,92,12,6,2.500000000000001,7,{L},0
1433,93,15,4,2.500000000000001,3,{L},0
1433,94,11,6,0.1,7,{L},0
1433,95,14,4,0.1,3,{L},0
1433,96,10,6,0,0.599999999999739,{L},0
1433,97,13,4,0,-1.9333333333335656,{L},0
1433,98,9,6,0,-4.333333333333528,{L},0
1433,99,12,4,0,-6.733333333333509,{L},0
1433,100,8,6,0,-9.133333333333464,{L},0
1433,101,11,4,0,-11.333333333333417,{L},0
1433,102,7,6,0,-13.400000000000063,{L},0
1433,103,10,4,0,-15.333333333333346,{L},0
1433,104,6,6,0,-16.933333333333294,{L},0
1433,105,9,4,0,-18.666666666666607,{L},0
1433,106,5,6,0,-20.266666666666573,{L},0
1433,107,8,4,0,-21.799999999999848,{L},0
1433,108,4,6,0,-23.533333333333147,{L},0
1433,109,7,4,0,-25.133333333333113,{L},0
1433,110,3,6,0,-26.66666666666641,{L},0
1433,111,6,4,0,-28.399999999999707,{L},0
1433,112,2,6,0,-29.99999999999966,{L},0
1433,113,5,4,0,-31.533333333332948,{L},0
1433,114,1,6,0,-33.26666666666626,{L},0
1433,115,4,4,0,-34.86666666666621,{L},0
1433,116,3,4,0,-36.399999999999494,{L},0
1433,117,2,4,0,-38.13333333333281,{L},0
1433,118,1,4,0,-39.73333333333277,{L},0
