time_step,passenger_sequence,target_x,target_y,current_x,current_y,current_cell,state
1735,107,8,4,7.099999999999991,3,{L},0
1735,109,7,4,4.899999999999999,3,{L},0
1735,111,6,4,5.599999999999996,3,{L},2
1735,112,2,6,0.5,7,{L},0
1735,113,5,4,3.3000000000000016,3,{L},1
1735,114,1,6,0,1.666666666666988,{L},0
1735,115,4,4,0,-1.133333333332969,{L},0
1735,116,3,4,0,-3.5333333333329238,{L},0
1735,117,2,4,0,-5.933333333332912,{L},0
1735,118,1,4,0,-8.333333333332885,{L},0
