time_step,passenger_sequence,target_x,target_y,current_x,current_y,current_cell,state
1443,84,17,6,16.533333333333307,7,{L},2
1443,86,16,6,10.19999999999998,7,{L},1
1443,87,15,6,8.699999999999985,7,{L},1
1443,88,14,6,7.39999999999999,7,{L},1
1443,89,17,4,8.299999999999986,3,{L},0
1443,90,13,6,5.299999999999997,7,{L},1
1443,91,16,4,5.899999999999995,3,{L},0
1443,92,12,6,2.9000000000000012,7,{L},1
1443,93,15,4,3.5000000000000018,3,{L},0
1443,94,11,6,0.5,7,{L},1
1443,95,14,4,1.0999999999999999,3,{L},0
1443,96,10,6,0,3.266666666666405,{L},0
1443,97,13,4,0,0.06666666666643412,{L},0
1443,98,9,6,0,-2.3333333333335267,{L},0
1443,99,12,4,0,-4.7333333333335075,{L},0
1443,100,8,6,0,-7.133333333333467,{L},0
1443,101,11,4,0,-9.466666666666757,{L},0
1443,102,7,6,0,-11.733333333333402,{L},0
1443,103,10,4,0,-13.800000000000018,{L},0
1443,104,6,6,0,-15.599999999999966,{L},0
1443,105,9,4,0,-17.33333333333328,{L},0
1443,106,5,6,0,-18.933333333333245,{L},0
1443,107,8,4,0,-20.46666666666652,{L},0
1443,108,4,6,0,-22.199999999999818,{L},0
1443,109,7,4,0,-23.799999999999784,{L},0
1443,110,3,6,0,-25.33333333333308,{L},0
1443,111,6,4,0,-27.06666666666638,{L},0
1443,112,2,6,0,-28.66666666666633,{L},0
1443,113,5,4,0,-30.19999999999962,{L},0
1443,114,1,6,0,-31.933333333332932,{L},0
1443,115,4,4,0,-33.533333333332884,{L},0
1443,116,3,4,0,-35.066666666666165,{L},0
1443,117,2,4,0,-36.79999999999948,{L},0
1443,118,1,4,0,-38.399999999999444,{L},0
