time_step,passenger_sequence,target_x,target_y,current_x,current_y,current_cell,state
1183,67,12,2,11.233333333333325,3,{L},0
1183,69,10,1,8.999999999999993,3,{L},0
1183,70,6,9,5.599999999999996,7,{L},2
1183,71,10,2,9.499999999999993,3,{L},0
1183,72,6,8,4.4,7,{L},1
1183,73,8,1,7.533333333333335,3,{L},2
1183,74,4,9,3.1000000000000014,7,{L},1
1183,75,8,2,3.8000000000000016,3,{L},1
1183,76,4,8,0.7,7,{L},1
1183,77,6,1,1.9333333333333331,3,{L},1
1183,78,2,9,0,5.4666666666659,{L},0
1183,79,6,2,0,1.6666666666659153,{L},0
1183,80,2,8,0,-0.7333333333340455,{L},0
1183,81,4,1,0,-3.133333333334053,{L},0
1183,82,4,2,0,-5.533333333334041,{L},0
1183,83,2,1,0,-7.93333333333399,{L},0
1183,84,17,6,0,-10.200000000000635,{L},0
1183,85,2,2,0,-12.200000000000607,{L},0
1183,86,16,6,0,-14.066666666667242,{L},0
1183,87,15,6,0,-15.866666666667207,{L},0
1183,88,14,6,0,-17.46666666666716,{L},0
1183,89,17,4,0,-19.000000000000455,{L},0
1183,90,13,6,0,-20.733333333333768,{L},0
1183,91,16,4,0,-22.33333333333372,{L},0
1183,92,12,6,0,-23.866666666666994,{L},0
1183,93,15,4,0,-25.600000000000307,{L},0
1183,94,11,6,0,-27.200000000000273,{L},0
1183,95,14,4,0,-28.733333333333555,{L},0
1183,96,10,6,0,-30.466666666666853,{L},0
1183,97,13,4,0,-32.06666666666682,{L},0
1183,98,9,6,0,-33.60000000000011,{L},0
1183,99,12,4,0,-35.333333333333414,{L},0
1183,100,8,6,0,-36.933333333333366,{L},0
1183,101,11,4,0,-38.466666666666654,{L},0
1183,102,7,6,0,-40.19999999999997,{L},0
1183,103,10,4,0,-41.79999999999992,{L},0
1183,104,6,6,0,-43.3333333333332,{L},0
1183,105,9,4,0,-45.066666666666514,{L},0
1183,106,5,6,0,-46.66666666666648,{L},0
1183,107,8,4,0,-48.199999999999754,{L},0
1183,108,4,6,0,-49.93333333333305,{L},0
1183,109,7,4,0,-51.53333333333302,{L},0
1183,110,3,6,0,-53.066666666666315,{L},0
1183,111,6,4,0,-54.79999999999961,{L},0
1183,112,2,6,0,-56.399999999999565,{L},0
1183,113,5,4,0,-57.933333333332854,{L},0
1183,114,1,6,0,-59.66666666666617,{L},0
1183,115,4,4,0,-61.26666666666612,{L},0
1183,116,3,4,0,-62.7999999999994,{L},0
1183,117,2,4,0,-64.53333333333273,{L},0
1183,118,1,4,0,-66.13333333333279,{L},0
