time_step,passenger_sequence,target_x,target_y,current_x,current_y,current_cell,state
1295,79,6,2,4.933333333333333,3,{L},0
1295,81,4,1,2.666666666666668,3,{L},0
1295,82,4,2,1.7666666666666668,3,{L},0
1295,83,2,1,1.5000000000000002,3,{L},2
1295,84,17,6,0.1,7,{L},0
1295,85,2,2,0.06666666666666667,3,{L},0
1295,86,16,6,0,0.3999999999994086,{L},0
1295,87,15,6,0,-2.133333333333896,{L},0
1295,88,14,6,0,-4.5333333333338555,{L},0
1295,89,17,4,0,-6.933333333333826,{L},0
1295,90,13,6,0,-9.333333333333808,{L},0
1295,91,16,4,0,-11.466666666667091,{L},0
1295,92,12,6,0,-13.400000000000365,{L},0
1295,93,15,4,0,-15.333333333333677,{L},0
1295,94,11,6,0,-16.933333333333643,{L},0
1295,95,14,4,0,-18.466666666666924,{L},0
1295,96,10,6,0,-20.200000000000223,{L},0
1295,97,13,4,0,-21.80000000000019,{L},0
1295,98,9,6,0,-23.333333333333478,{L},0
1295,99,12,4,0,-25.066666666666784,{L},0
1295,100,8,6,0,-26.666666666666735,{L},0
1295,101,11,4,0,-28.200000000000024,{L},0
1295,102,7,6,0,-29.933333333333337,{L},0
1295,103,10,4,0,-31.53333333333329,{L},0
1295,104,6,6,0,-33.06666666666657,{L},0
1295,105,9,4,0,-34.79999999999988,{L},0
1295,106,5,6,0,-36.39999999999985,{L},0
1295,107,8,4,0,-37.933333333333124,{L},0
1295,108,4,6,0,-39.66666666666642,{L},0
1295,109,7,4,0,-41.26666666666639,{L},0
1295,110,3,6,0,-42.799999999999685,{L},0
1295,111,6,4,0,-44.53333333333298,{L},0
1295,112,2,6,0,-46.133333333332935,{L},0
1295,113,5,4,0,-47.666666666666224,{L},0
1295,114,1,6,0,-49.39999999999954,{L},0
1295,115,4,4,0,-50.99999999999949,{L},0
1295,116,3,4,0,-52.53333333333277,{L},0
1295,117,2,4,0,-54.26666666666608,{L},0
1295,118,1,4,0,-55.86666666666605,{L},0
