time_step,passenger_sequence,target_x,target_y,current_x,current_y,current_cell,state
1251,75,8,2,5.933333333333328,3,{L},0
1251,76,4,8,3.5000000000000018,7,{L},2
1251,77,6,1,4.566666666666667,3,{L},0
1251,79,6,2,2.800000000000001,3,{L},0
1251,80,2,8,0.5,7,{L},0
1251,81,4,1,0.43333333333333335,3,{L},0
1251,82,4,2,0,1.4666666666659613,{L},0
1251,83,2,1,0,-1.333333333333985,{L},0
1251,84,17,6,0,-3.733333333333972,{L},0
1251,85,2,2,0,-6.133333333333953,{L},0
1251,86,16,6,0,-8.466666666667262,{L},0
1251,87,15,6,0,-10.733333333333892,{L},0
1251,88,14,6,0,-12.800000000000509,{L},0
1251,89,17,4,0,-14.60000000000047,{L},0
1251,90,13,6,0,-16.333333333333783,{L},0
1251,91,16,4,0,-17.933333333333735,{L},0
1251,92,12,6,0,-19.46666666666701,{L},0
1251,93,15,4,0,-21.200000000000323,{L},0
1251,94,11,6,0,-22.80000000000029,{L},0
1251,95,14,4,0,-24.33333333333357,{L},0
1251,96,10,6,0,-26.06666666666687,{L},0
1251,97,13,4,0,-27.666666666666835,{L},0
1251,98,9,6,0,-29.200000000000124,{L},0
1251,99,12,4,0,-30.93333333333343,{L},0
1251,100,8,6,0,-32.53333333333338,{L},0
1251,101,11,4,0,-34.06666666666667,{L},0
1251,102,7,6,0,-35.79999999999998,{L},0
1251,103,10,4,0,-37.399999999999935,{L},0
1251,104,6,6,0,-38.933333333333216,{L},0
1251,105,9,4,0,-40.66666666666653,{L},0
1251,106,5,6,0,-42.266666666666495,{L},0
1251,107,8,4,0,-43.79999999999977,{L},0
1251,108,4,6,0,-45.53333333333307,{L},0
1251,109,7,4,0,-47.133333333333034,{L},0
1251,110,3,6,0,-48.66666666666633,{L},0
1251,111,6,4,0,-50.39999999999963,{L},0
1251,112,2,6,0,-51.99999999999958,{L},0
1251,113,5,4,0,-53.53333333333287,{L},0
1251,114,1,6,0,-55.26666666666618,{L},0
1251,115,4,4,0,-56.866666666666134,{L},0
1251,116,3,4,0,-58.399999999999416,{L},0
1251,117,2,4,0,-60.13333333333273,{L},0
1251,118,1,4,0,-61.733333333332695,{L},0
