time_step,passenger_sequence,target_x,target_y,current_x,current_y,current_cell,state
1789,115,4,4,1.7000000000000004,3,{L},0
1789,116,3,4,0.8999999999999999,3,{L},0
1789,117,2,4,0,2.133333333333758,{L},0
1789,118,1,4,0,-0.9333333333328802,{L},0
