time_step,passenger_sequence,target_x,target_y,current_x,current_y,current_cell,state
1619,94,11,6,10.29999999999998,7,{L},0
1619,95,14,4,13.599999999999968,3,{L},2
1619,96,10,6,7.899999999999988,7,{L},0
1619,97,13,4,10.733333333333311,3,{L},1
1619,98,9,6,7.19999999999999,7,{L},0
1619,99,12,4,10.09999999999998,3,{L},1
1619,100,8,6,4.799999999999999,7,{L},0
1619,101,11,4,7.699999999999989,3,{L},1
1619,102,7,6,5.699999999999996,7,{L},0
1619,103,10,4,6.999999999999991,3,{L},1
1619,104,6,6,3.4000000000000017,7,{L},0
1619,105,9,4,4.6,3,{L},1
1619,106,5,6,0.9999999999999999,7,{L},0
1619,107,8,4,2.2000000000000006,3,{L},1
1619,108,4,6,0,2.7333333333334697,{L},0
1619,109,7,4,0,-0.333333333333168,{L},0
1619,110,3,6,0,-2.733333333333136,{L},0
1619,111,6,4,0,-5.13333333333311,{L},0
1619,112,2,6,0,-7.533333333333069,{L},0
1619,113,5,4,0,-9.933333333333024,{L},0
1619,114,1,6,0,-12.199999999999669,{L},0
1619,115,4,4,0,-14.19999999999962,{L},0
1619,116,3,4,0,-16.066666666666233,{L},0
1619,117,2,4,0,-17.866666666666212,{L},0
1619,118,1,4,0,-19.46666666666618,{L},0
