time_step,passenger_sequence,target_x,target_y,current_x,current_y,current_cell,state
1747,107,8,4,7.599999999999989,3,{L},2
1747,109,7,4,5.299999999999997,3,{L},1
1747,111,6,4,5.599999999999996,3,{L},2
1747,112,2,6,1.5000000000000002,7,{L},2
1747,113,5,4,3.3000000000000016,3,{L},1
1747,114,1,6,0,4.866666666666988,{L},0
1747,115,4,4,0,1.266666666667031,{L},0
1747,116,3,4,0,-1.1333333333329227,{L},0
1747,117,2,4,0,-3.5333333333329096,{L},0
1747,118,1,4,0,-5.933333333332883,{L},0
