time_step,passenger_sequence,target_x,target_y,current_x,current_y,current_cell,state
1680,100,8,6,7.19999999999999,7,{L},0
1680,101,11,4,10.599999999999978,3,{L},2
1680,103,10,4,9.599999999999982,3,{L},2
1680,104,6,6,5.299999999999997,7,{L},0
1680,105,9,4,7.099999999999991,3,{L},1
1680,106,5,6,2.9000000000000012,7,{L},0
1680,107,8,4,4.699999999999999,3,{L},1
1680,108,4,6,2.1000000000000005,7,{L},0
1680,109,7,4,2.500000000000001,3,{L},1
1680,110,3,6,2.2000000000000006,7,{L},0
1680,111,6,4,1.7000000000000004,3,{L},1
1680,112,2,6,0,6.2000000000002675,{L},0
1680,113,5,4,0,2.2666666666669744,{L},0
1680,114,1,6,0,-0.13333333333301167,{L},0
1680,115,4,4,0,-2.533333333332969,{L},0
1680,116,3,4,0,-4.933333333332925,{L},0
1680,117,2,4,0,-7.333333333332913,{L},0
1680,118,1,4,0,-9.73333333333288,{L},0
