time_step,passenger_sequence,target_x,target_y,current_x,current_y,current_cell,state
998,56,14,8,9.399999999999983,7,{L},0
998,58,12,9,6.999999999999991,7,{L},0
998,59,16,2,10.266666666666664,3,{L},0
998,60,12,8,6.299999999999994,7,{L},0
998,61,14,1,7.966666666666671,3,{L},0
998,62,10,9,3.900000000000002,7,{L},0
998,63,14,2,5.400000000000003,3,{L},0
998,64,10,8,1.5000000000000002,7,{L},0
998,65,12,1,1.7333333333333332,3,{L},0
998,66,8,9,0.7999999999999999,7,{L},0
998,67,12,2,0.9333333333333332,3,{L},0
998,68,8,8,0,2.266666666666622,{L},0
998,69,10,1,0,-0.73333333333347,{L},0
998,70,6,9,0,-3.13333333333357,{L},0
998,71,10,2,0,-5.533333333333682,{L},0
998,72,6,8,0,-7.8666666666671174,{L},0
998,73,8,1,0,-10.133333333333876,{L},0
998,74,4,9,0,-12.133333333333972,{L},0
998,75,8,2,0,-14.00000000000069,{L},0
998,76,4,8,0,-15.600000000000726,{L},0
998,77,6,1,0,-17.133333333334065,{L},0
998,78,2,9,0,-18.8666666666674,{L},0
998,79,6,2,0,-20.46666666666738,{L},0
998,80,2,8,0,-22.000000000000668,{L},0
998,81,4,1,0,-23.733333333334002,{L},0
998,82,4,2,0,-25.333333333333982,{L},0
998,83,2,1,0,-26.866666666667257,{L},0
998,84,17,6,0,-28.60000000000057,{L},0
998,85,2,2,0,-30.200000000000543,{L},0
998,86,16,6,0,-31.733333333333846,{L},0
998,87,15,6,0,-33.466666666667145,{L},0
998,88,14,6,0,-35.066666666667096,{L},0
998,89,17,4,0,-36.60000000000039,{L},0
998,90,13,6,0,-38.333333333333705,{L},0
998,91,16,4,0,-39.93333333333366,{L},0
998,92,12,6,0,-41.46666666666693,{L},0
998,93,15,4,0,-43.200000000000244,{L},0
998,94,11,6,0,-44.80000000000021,{L},0
998,95,14,4,0,-46.33333333333349,{L},0
998,96,10,6,0,-48.06666666666679,{L},0
998,97,13,4,0,-49.66666666666676,{L},0
998,98,9,6,0,-51.200000000000045,{L},0
998,99,12,4,0,-52.93333333333335,{L},0
998,100,8,6,0,-54.5333333333333,{L},0
998,101,11,4,0,-56.06666666666659,{L},0
998,102,7,6,0,-57.799999999999905,{L},0
998,103,10,4,0,-59.39999999999986,{L},0
998,104,6,6,0,-60.93333333333314,{L},0
998,105,9,4,0,-62.66666666666645,{L},0
998,106,5,6,0,-64.26666666666642,{L},0
998,107,8,4,0,-65.79999999999978,{L},0
998,108,4,6,0,-67.53333333333318,{L},0
998,109,7,4,0,-69.13333333333323,{L},0
998,110,3,6,0,-70.6666666666666,{L},0
998,111,6,4,0,-72.39999999999999,{L},0
998,112,2,6,0,-74.00000000000003,{L},0
998,113,5,4,0,-75.5333333333334,{L},0
998,114,1,6,0,-77.26666666666681,{L},0
998,115,4,4,0,-78.86666666666684,{L},0
998,116,3,4,0,-80.4000000000002,{L},0
998,117,2,4,0,-82.13333333333361,{L},0
998,118,1,4,0,-83.73333333333366,{L},0
