time_step,passenger_sequence,target_x,target_y,current_x,current_y,current_cell,state
2980,158,31,1,11.166666666662,0.0,21,0
2980,159,31,-1,10.233333333328607,0.0,22,0
2980,160,29,1,9.299999999995215,0.0,23,0
2980,161,29,-1,8.366666666661832,0.0,24,0
2980,162,27,1,7.43333333332844,0.0,25,0
2980,163,27,-1,6.4999999999950475,0.0,26,0
2980,164,25,1,5.566666666661657,0.0,26,0
2980,165,25,-1,4.633333333328272,0.0,27,0
2980,166,23,1,3.6999999999948785,0.0,28,0
2980,167,23,-1,2.7666666666614836,0.0,29,0
2980,168,21,1,1.8333333333280948,0.0,30,0
2980,169,21,-1,0.8999999999946987,0.0,31,0
2980,170,19,1,-0.033333333338695176,0.0,32,0
2980,171,19,-1,-1.03333333333875,0.0,33,0
2980,172,17,1,-2.033333333338813,0.0,34,0
2980,173,17,-1,-3.0333333333388746,0.0,35,0
2980,174,15,1,-4.0333333333389305,0.0,36,0
2980,175,15,-1,-5.033333333338989,0.0,37,0
2980,176,13,1,-6.033333333339039,0.0,38,0
2980,177,13,-1,-7.0333333333390975,0.0,39,0
2980,178,11,1,-8.033333333339149,0.0,40,0
2980,179,11,-1,-9.033333333339206,0.0,41,0
2980,180,9,1,-10.033333333339257,0.0,42,0
2980,181,9,-1,-11.033333333339309,0.0,43,0
2980,182,7,1,-12.033333333339366,0.0,44,0
2980,183,7,-1,-13.033333333339417,0.0,45,0
2980,184,5,1,-14.033333333339476,0.0,46,0
2980,185,5,-1,-15.033333333339526,0.0,47,0
2980,186,3,1,-16.033333333339584,0.0,48,0
2980,187,3,-1,-17.03333333333965,0.0,49,0
2980,188,1,-1,-18.03333333333972,0.0,50,0
