time_step,passenger_sequence,target_x,target_y,current_x,current_y,current_cell,state
2935,158,31,1,6.666666666662016,0.0,25,0
2935,159,31,-1,5.733333333328623,0.0,26,0
2935,160,29,1,4.799999999995231,0.0,27,0
2935,161,29,-1,3.866666666661847,0.0,28,0
2935,162,27,1,2.933333333328451,0.0,29,0
2935,163,27,-1,1.9999999999950548,0.0,30,0
2935,164,25,1,1.06666666666166,0.0,31,0
2935,165,25,-1,0.1333333333282718,0.0,32,0
2935,166,23,1,-0.8666666666717902,0.0,33,0
2935,167,23,-1,-1.8666666666718514,0.0,34,0
2935,168,21,1,-2.8666666666719074,0.0,35,0
2935,169,21,-1,-3.8666666666719705,0.0,36,0
2935,170,19,1,-4.866666666672028,0.0,37,0
2935,171,19,-1,-5.86666666667208,0.0,38,0
2935,172,17,1,-6.866666666672138,0.0,39,0
2935,173,17,-1,-7.866666666672195,0.0,40,0
2935,174,15,1,-8.866666666672247,0.0,41,0
2935,175,15,-1,-9.866666666672305,0.0,42,0
2935,176,13,1,-10.866666666672355,0.0,43,0
2935,177,13,-1,-11.866666666672414,0.0,44,0
2935,178,11,1,-12.866666666672465,0.0,45,0
2935,179,11,-1,-13.866666666672522,0.0,46,0
2935,180,9,1,-14.866666666672574,0.0,47,0
2935,181,9,-1,-15.866666666672625,0.0,48,0
2935,182,7,1,-16.866666666672696,0.0,49,0
2935,183,7,-1,-17.866666666672764,0.0,50,0
2935,184,5,1,-18.866666666672838,0.0,51,0
2935,185,5,-1,-19.866666666672906,0.0,52,0
2935,186,3,1,-20.86666666667298,0.0,53,0
2935,187,3,-1,-21.866666666673048,0.0,54,0
2935,188,1,-1,-22.866666666673115,0.0,55,0
