time_step,passenger_sequence,target_x,target_y,current_x,current_y,current_cell,state
2857,155,4,-1,3.566666666662202,0.0,28,3
2857,157,2,-1,1.4999999999954168,0.0,31,0
2857,158,31,1,0.5666666666620225,0.0,31,0
2857,159,31,-1,-0.4333333333380396,0.0,32,0
2857,160,29,1,-1.4333333333381018,0.0,33,0
2857,161,29,-1,-2.4333333333381564,0.0,34,0
2857,162,27,1,-3.4333333333382194,0.0,35,0
2857,163,27,-1,-4.433333333338281,0.0,36,0
2857,164,25,1,-5.433333333338338,0.0,37,0
2857,165,25,-1,-6.433333333338389,0.0,38,0
2857,166,23,1,-7.433333333338448,0.0,39,0
2857,167,23,-1,-8.433333333338505,0.0,40,0
2857,168,21,1,-9.433333333338556,0.0,41,0
2857,169,21,-1,-10.433333333338615,0.0,42,0
2857,170,19,1,-11.433333333338672,0.0,43,0
2857,171,19,-1,-12.433333333338723,0.0,44,0
2857,172,17,1,-13.433333333338782,0.0,45,0
2857,173,17,-1,-14.433333333338839,0.0,46,0
2857,174,15,1,-15.43333333333889,0.0,47,0
2857,175,15,-1,-16.433333333338954,0.0,48,0
2857,176,13,1,-17.43333333333902,0.0,49,0
2857,177,13,-1,-18.433333333339096,0.0,50,0
2857,178,11,1,-19.433333333339164,0.0,51,0
2857,179,11,-1,-20.433333333339238,0.0,52,0
2857,180,9,1,-21.433333333339306,0.0,53,0
2857,181,9,-1,-22.433333333339373,0.0,54,0
2857,182,7,1,-23.433333333339448,0.0,55,0
2857,183,7,-1,-24.433333333339515,0.0,56,0
2857,184,5,1,-25.43333333333959,0.0,57,0
2857,185,5,-1,-26.433333333339657,0.0,58,0
2857,186,3,1,-27.433333333339732,0.0,59,0
2857,187,3,-1,-28.4333333333398,0.0,60,0
2857,188,1,-1,-29.433333333339867,0.0,61,0
