time_step,passenger_sequence,target_x,target_y,current_x,current_y,current_cell,state
2880,158,31,1,1.1666666666620225,0.0,31,0
2880,159,31,-1,0.23333333332862707,0.0,32,0
2880,160,29,1,-0.7666666666714349,0.0,33,0
2880,161,29,-1,-1.766666666671489,0.0,34,0
2880,162,27,1,-2.766666666671552,0.0,35,0
2880,163,27,-1,-3.766666666671615,0.0,36,0
2880,164,25,1,-4.766666666671673,0.0,37,0
2880,165,25,-1,-5.766666666671725,0.0,38,0
2880,166,23,1,-6.766666666671783,0.0,39,0
2880,167,23,-1,-7.76666666667184,0.0,40,0
2880,168,21,1,-8.766666666671892,0.0,41,0
2880,169,21,-1,-9.76666666667195,0.0,42,0
2880,170,19,1,-10.766666666672007,0.0,43,0
2880,171,19,-1,-11.766666666672059,0.0,44,0
2880,172,17,1,-12.766666666672117,0.0,45,0
2880,173,17,-1,-13.766666666672174,0.0,46,0
2880,174,15,1,-14.766666666672226,0.0,47,0
2880,175,15,-1,-15.766666666672284,0.0,48,0
2880,176,13,1,-16.766666666672347,0.0,49,0
2880,177,13,-1,-17.76666666667242,0.0,50,0
2880,178,11,1,-18.76666666667249,0.0,51,0
2880,179,11,-1,-19.766666666672563,0.0,52,0
2880,180,9,1,-20.76666666667263,0.0,53,0
2880,181,9,-1,-21.7666666666727,0.0,54,0
2880,182,7,1,-22.766666666672773,0.0,55,0
2880,183,7,-1,-23.76666666667284,0.0,56,0
2880,184,5,1,-24.766666666672915,0.0,57,0
2880,185,5,-1,-25.766666666672982,0.0,58,0
2880,186,3,1,-26.766666666673057,0.0,59,0
2880,187,3,-1,-27.766666666673125,0.0,60,0
2880,188,1,-1,-28.766666666673192,0.0,61,0
