time_step,passenger_sequence,target_x,target_y,current_x,current_y,current_cell,state
2943,158,31,1,7.466666666662013,0.0,25,0
2943,159,31,-1,6.5333333333286205,0.0,25,0
2943,160,29,1,5.599999999995228,0.0,26,0
2943,161,29,-1,4.666666666661845,0.0,27,0
2943,162,27,1,3.7333333333284515,0.0,28,0
2943,163,27,-1,2.7999999999950553,0.0,29,0
2943,164,25,1,1.8666666666616607,0.0,30,0
2943,165,25,-1,0.9333333333282717,0.0,31,0
2943,166,23,1,-5.1235959919182505e-12,0.0,32,0
2943,167,23,-1,-1.000000000005184,0.0,33,0
2943,168,21,1,-2.00000000000524,0.0,34,0
2943,169,21,-1,-3.000000000005303,0.0,35,0
2943,170,19,1,-4.000000000005365,0.0,36,0
2943,171,19,-1,-5.000000000005416,0.0,37,0
2943,172,17,1,-6.000000000005475,0.0,38,0
2943,173,17,-1,-7.000000000005532,0.0,39,0
2943,174,15,1,-8.000000000005583,0.0,40,0
2943,175,15,-1,-9.000000000005642,0.0,41,0
2943,176,13,1,-10.000000000005691,0.0,42,0
2943,177,13,-1,-11.00000000000575,0.0,43,0
2943,178,11,1,-12.000000000005802,0.0,44,0
2943,179,11,-1,-13.000000000005858,0.0,45,0
2943,180,9,1,-14.00000000000591,0.0,46,0
2943,181,9,-1,-15.000000000005961,0.0,47,0
2943,182,7,1,-16.00000000000602,0.0,48,0
2943,183,7,-1,-17.000000000006086,0.0,49,0
2943,184,5,1,-18.00000000000616,0.0,50,0
2943,185,5,-1,-19.000000000006228,0.0,51,0
2943,186,3,1,-20.000000000006303,0.0,52,0
2943,187,3,-1,-21.00000000000637,0.0,53,0
2943,188,1,-1,-22.000000000006438,0.0,54,0
