time_step,passenger_sequence,target_x,target_y,current_x,current_y,current_cell,state
2971,158,31,1,10.266666666662003,0.0,22,0
2971,159,31,-1,9.33333333332861,0.0,23,0
2971,160,29,1,8.399999999995218,0.0,24,0
2971,161,29,-1,7.466666666661835,0.0,25,0
2971,162,27,1,6.533333333328443,0.0,25,0
2971,163,27,-1,5.599999999995051,0.0,26,0
2971,164,25,1,4.66666666666166,0.0,27,0
2971,165,25,-1,3.733333333328274,0.0,28,0
2971,166,23,1,2.7999999999948777,0.0,29,0
2971,167,23,-1,1.866666666661483,0.0,30,0
2971,168,21,1,0.9333333333280941,0.0,31,0
2971,169,21,-1,-5.3012316758582756e-12,0.0,32,0
2971,170,19,1,-1.0000000000053617,0.0,33,0
2971,171,19,-1,-2.0000000000054174,0.0,34,0
2971,172,17,1,-3.0000000000054805,0.0,35,0
2971,173,17,-1,-4.000000000005542,0.0,36,0
2971,174,15,1,-5.000000000005594,0.0,37,0
2971,175,15,-1,-6.000000000005652,0.0,38,0
2971,176,13,1,-7.000000000005702,0.0,39,0
2971,177,13,-1,-8.00000000000576,0.0,40,0
2971,178,11,1,-9.000000000005812,0.0,41,0
2971,179,11,-1,-10.000000000005869,0.0,42,0
2971,180,9,1,-11.00000000000592,0.0,43,0
2971,181,9,-1,-12.000000000005972,0.0,44,0
2971,182,7,1,-13.000000000006029,0.0,45,0
2971,183,7,-1,-14.00000000000608,0.0,46,0
2971,184,5,1,-15.000000000006139,0.0,47,0
2971,185,5,-1,-16.00000000000619,0.0,48,0
2971,186,3,1,-17.000000000006263,0.0,49,0
2971,187,3,-1,-18.00000000000633,0.0,50,0
2971,188,1,-1,-19.0000000000064,0.0,51,0
