time_step,passenger_sequence,target_x,target_y,current_x,current_y,current_cell,state
3312,179,11,-1,10.566666666660758,0.0,21,2
3312,183,7,-1,6.333333333327214,0.0,26,1
3312,185,5,-1,4.366666666660439,0.0,28,1
3312,187,3,-1,2.4999999999936553,0.0,30,1
