time_step,passenger_sequence,target_x,target_y,current_x,current_y,current_cell,state
3100,158,31,1,23.166666666662085,0.0,9,0
3100,159,31,-1,22.233333333328677,0.0,10,0
3100,160,29,1,21.299999999995265,0.0,11,0
3100,161,29,-1,20.366666666661867,0.0,12,0
3100,162,27,1,19.43333333332846,0.0,13,0
3100,163,27,-1,18.499999999995048,0.0,14,0
3100,164,25,1,17.566666666661643,0.0,14,0
3100,165,25,-1,16.633333333328242,0.0,15,0
3100,166,23,1,15.699999999994837,0.0,16,0
3100,167,23,-1,14.766666666661447,0.0,17,0
3100,168,21,1,13.833333333328062,0.0,18,0
3100,169,21,-1,12.89999999999467,0.0,19,0
3100,170,19,1,11.966666666661279,0.0,20,0
3100,171,19,-1,11.033333333327894,0.0,21,0
3100,172,17,1,10.099999999994502,0.0,22,0
3100,173,17,-1,9.166666666661111,0.0,23,0
3100,174,15,1,8.233333333327726,0.0,24,0
3100,175,15,-1,7.299999999994334,0.0,25,0
3100,176,13,1,6.366666666660951,0.0,26,0
3100,177,13,-1,5.433333333327559,0.0,27,0
3100,178,11,1,4.4999999999941735,0.0,28,0
3100,179,11,-1,3.566666666660781,0.0,28,0
3100,180,9,1,2.633333333327392,0.0,29,0
3100,181,9,-1,1.699999999994003,0.0,30,0
3100,182,7,1,0.7666666666606085,0.0,31,0
3100,183,7,-1,-0.16666666667277982,0.0,32,0
3100,184,5,1,-1.1666666666728418,0.0,33,0
3100,185,5,-1,-2.166666666672896,0.0,34,0
3100,186,3,1,-3.1666666666729593,0.0,35,0
3100,187,3,-1,-4.166666666673015,0.0,36,0
3100,188,1,-1,-5.1666666666730645,0.0,37,0
