time_step,passenger_sequence,target_x,target_y,current_x,current_y,current_cell,state
3026,158,31,1,15.766666666661983,0.0,16,0
3026,159,31,-1,14.833333333328591,0.0,17,0
3026,160,29,1,13.899999999995199,0.0,18,0
3026,161,29,-1,12.966666666661816,0.0,19,0
3026,162,27,1,12.033333333328423,0.0,20,0
3026,163,27,-1,11.099999999995031,0.0,21,0
3026,164,25,1,10.16666666666164,0.0,22,0
3026,165,25,-1,9.233333333328256,0.0,23,0
3026,166,23,1,8.299999999994863,0.0,24,0
3026,167,23,-1,7.366666666661473,0.0,25,0
3026,168,21,1,6.433333333328088,0.0,26,0
3026,169,21,-1,5.499999999994696,0.0,27,0
3026,170,19,1,4.566666666661305,0.0,27,0
3026,171,19,-1,3.6333333333279185,0.0,28,0
3026,172,17,1,2.6999999999945223,0.0,29,0
3026,173,17,-1,1.7666666666611277,0.0,30,0
3026,174,15,1,0.8333333333277388,0.0,31,0
3026,175,15,-1,-0.10000000000565651,0.0,32,0
3026,176,13,1,-1.10000000000571,0.0,33,0
3026,177,13,-1,-2.100000000005773,0.0,34,0
3026,178,11,1,-3.1000000000058288,0.0,35,0
3026,179,11,-1,-4.10000000000589,0.0,36,0
3026,180,9,1,-5.100000000005942,0.0,37,0
3026,181,9,-1,-6.100000000005993,0.0,38,0
3026,182,7,1,-7.10000000000605,0.0,39,0
3026,183,7,-1,-8.100000000006101,0.0,40,0
3026,184,5,1,-9.10000000000616,0.0,41,0
3026,185,5,-1,-10.10000000000621,0.0,42,0
3026,186,3,1,-11.100000000006268,0.0,43,0
3026,187,3,-1,-12.10000000000632,0.0,44,0
3026,188,1,-1,-13.10000000000637,0.0,45,0
