time_step,passenger_sequence,target_x,target_y,current_x,current_y,current_cell,state
3698,141,27,1,23.27999999999919,0.0,9,0
3698,142,29,2,23.866666666665957,0.0,8,0
3698,143,28,3,21.813333333332785,0.0,10,0
3698,144,25,2,19.51999999999962,0.0,12,0
3698,145,32,-3,19.94666666666639,0.0,12,0
3698,146,26,-2,17.733333333333235,0.0,14,0
3698,147,26,2,16.720000000000038,0.0,15,0
3698,148,32,-2,15.786666666666841,0.0,16,0
3698,149,23,-1,14.853333333333639,0.0,17,0
3698,150,23,1,12.560000000000436,0.0,19,0
3698,151,28,-2,10.266666666667213,0.0,22,0
3698,152,24,-1,9.33333333333401,0.0,23,0
3698,153,26,1,8.400000000000809,0.0,24,0
3698,154,30,-1,7.466666666667602,0.0,25,0
3698,155,22,-1,7.653333333334401,0.0,24,0
3698,156,23,-2,5.840000000001205,0.0,26,0
3698,157,24,1,4.6666666666679975,0.0,27,0
3698,158,28,1,5.093333333334804,0.0,27,0
3698,159,26,-3,2.8000000000016008,0.0,29,0
3698,160,28,-1,1.8666666666684002,0.0,30,0
3698,161,29,-2,0.9333333333351842,0.0,31,0
3698,162,25,3,-0.06666666666468364,0.0,32,0
3698,163,27,3,-1.0666666666645213,0.0,33,0
3698,164,30,2,-2.0666666666644113,0.0,34,0
3698,165,30,1,-3.0666666666642874,0.0,35,0
3698,166,27,2,-4.066666666664162,0.0,36,0
3698,167,30,-3,-5.066666666664023,0.0,37,0
3698,168,24,-2,-6.066666666663885,0.0,38,0
3698,169,23,-3,-7.066666666663773,0.0,39,0
3698,170,28,2,-8.066666666663656,0.0,40,0
3698,171,22,-3,-9.066666666663538,0.0,41,0
3698,172,29,-1,-10.066666666663405,0.0,42,0
3698,173,31,-2,-11.066666666663288,0.0,43,0
3698,174,32,2,-12.06666666666317,0.0,44,0
3698,175,32,1,-13.066666666663037,0.0,45,0
3698,176,25,-1,-14.06666666666292,0.0,46,0
3698,177,27,-1,-15.066666666662803,0.0,47,0
3698,178,32,-1,-16.066666666662684,0.0,48,0
3698,179,27,-2,-17.066666666662545,0.0,49,0
3698,180,22,2,-18.06666666666242,0.0,50,0
3698,181,26,-1,-19.066666666662282,0.0,51,0
3698,182,32,3,-20.066666666662144,0.0,52,0
3698,183,29,1,-21.06666666666202,0.0,53,0
3698,184,30,-2,-22.06666666666188,0.0,54,0
3698,185,25,-3,-23.066666666661742,0.0,55,0
3698,186,29,-3,-24.066666666661618,0.0,56,0
3698,187,22,-2,-25.066666666661494,0.0,57,0
3698,188,30,3,-26.066666666661384,0.0,58,0
