time_step,passenger_sequence,target_x,target_y,current_x,current_y,current_cell,state
3822,145,32,-3,27.893333333332905,0.0,4,0
3822,146,26,-2,23.253333333333117,0.0,9,0
3822,147,26,2,22.23999999999992,0.0,10,0
3822,148,32,-2,21.30666666666673,0.0,11,0
3822,149,23,-1,20.373333333333548,0.0,12,0
3822,150,23,1,18.080000000000393,0.0,14,0
3822,151,28,-2,15.786666666667218,0.0,16,0
3822,152,24,-1,16.213333333334013,0.0,16,0
3822,153,26,1,14.240000000000814,0.0,18,0
3822,154,30,-1,14.666666666667608,0.0,17,0
3822,155,22,-1,13.173333333334405,0.0,19,0
3822,156,23,-2,11.36000000000121,0.0,21,0
3822,157,24,1,11.546666666668003,0.0,20,0
3822,158,28,1,10.613333333334808,0.0,21,0
3822,159,26,-3,8.320000000001604,0.0,24,0
3822,160,28,-1,7.386666666668405,0.0,25,0
3822,161,29,-2,6.4533333333351885,0.0,26,0
3822,162,25,3,5.520000000001986,0.0,26,0
3822,163,27,3,4.5866666666688145,0.0,27,0
3822,164,30,2,3.6533333333355915,0.0,28,0
3822,165,30,1,2.7200000000023823,0.0,29,0
3822,166,27,2,1.7866666666691746,0.0,30,0
3822,167,30,-3,0.85333333333598,0.0,31,0
3822,168,24,-2,-0.14666666666388073,0.0,32,0
3822,169,23,-3,-1.1466666666637682,0.0,33,0
3822,170,28,2,-2.146666666663651,0.0,34,0
3822,171,22,-3,-3.1466666666635343,0.0,35,0
3822,172,29,-1,-4.146666666663402,0.0,36,0
3822,173,31,-2,-5.146666666663284,0.0,37,0
3822,174,32,2,-6.146666666663167,0.0,38,0
3822,175,32,1,-7.146666666663034,0.0,39,0
3822,176,25,-1,-8.146666666662917,0.0,40,0
3822,177,27,-1,-9.1466666666628,0.0,41,0
3822,178,32,-1,-10.14666666666268,0.0,42,0
3822,179,27,-2,-11.146666666662563,0.0,43,0
3822,180,22,2,-12.14666666666246,0.0,44,0
3822,181,26,-1,-13.146666666662341,0.0,45,0
3822,182,32,3,-14.146666666662224,0.0,46,0
3822,183,29,1,-15.14666666666212,0.0,47,0
3822,184,30,-2,-16.146666666662,0.0,48,0
3822,185,25,-3,-17.14666666666186,0.0,49,0
3822,186,29,-3,-18.146666666661737,0.0,50,0
3822,187,22,-2,-19.146666666661613,0.0,51,0
3822,188,30,3,-20.146666666661503,0.0,52,0
