time_step,passenger_sequence,target_x,target_y,current_x,current_y,current_cell,state
3559,132,31,-1,30.53333333333145,0.0,499,3
3559,133,31,1,23.05333333333161,0.0,9,0
3559,135,31,-3,21.879999999998535,0.0,10,0
3559,136,31,3,20.90666666666533,0.0,11,0
3559,137,27,-3,20.213333333332123,0.0,12,0
3559,138,25,1,19.279999999998928,0.0,13,0
3559,139,24,2,16.986666666665755,0.0,15,0
3559,140,24,3,16.053333333332553,0.0,16,0
3559,141,27,1,16.079999999999345,0.0,16,0
3559,142,29,2,15.306666666666123,0.0,17,0
3559,143,28,3,15.973333333332908,0.0,16,0
3559,144,25,2,13.67999999999969,0.0,18,0
3559,145,32,-3,11.546666666666468,0.0,20,0
3559,146,26,-2,10.453333333333266,0.0,22,0
3559,147,26,2,9.52000000000005,0.0,22,0
3559,148,32,-2,8.586666666666835,0.0,23,0
3559,149,23,-1,9.013333333333634,0.0,23,0
3559,150,23,1,6.720000000000431,0.0,25,0
3559,151,28,-2,4.4266666666672085,0.0,28,0
3559,152,24,-1,3.493333333334007,0.0,29,0
3559,153,26,1,2.5600000000008047,0.0,29,0
3559,154,30,-1,1.626666666667597,0.0,30,0
3559,155,22,-1,0.6933333333343956,0.0,31,0
3559,156,23,-2,-0.30666666666546527,0.0,32,0
3559,157,24,1,-1.3066666666653386,0.0,33,0
3559,158,28,1,-2.3066666666652003,0.0,34,0
3559,159,26,-3,-3.3066666666650693,0.0,35,0
3559,160,28,-1,-4.3066666666649365,0.0,36,0
3559,161,29,-2,-5.306666666664819,0.0,37,0
3559,162,25,3,-6.306666666664688,0.0,38,0
3559,163,27,3,-7.306666666664526,0.0,39,0
3559,164,30,2,-8.306666666664416,0.0,40,0
3559,165,30,1,-9.306666666664292,0.0,41,0
3559,166,27,2,-10.306666666664166,0.0,42,0
3559,167,30,-3,-11.306666666664027,0.0,43,0
3559,168,24,-2,-12.306666666663888,0.0,44,0
3559,169,23,-3,-13.306666666663777,0.0,45,0
3559,170,28,2,-14.30666666666366,0.0,46,0
3559,171,22,-3,-15.306666666663542,0.0,47,0
3559,172,29,-1,-16.306666666663403,0.0,48,0
3559,173,31,-2,-17.306666666663265,0.0,49,0
3559,174,32,2,-18.306666666663126,0.0,50,0
3559,175,32,1,-19.306666666662974,0.0,51,0
3559,176,25,-1,-20.306666666662835,0.0,52,0
3559,177,27,-1,-21.306666666662696,0.0,53,0
3559,178,32,-1,-22.306666666662558,0.0,54,0
3559,179,27,-2,-23.30666666666242,0.0,55,0
3559,180,22,2,-24.306666666662295,0.0,56,0
3559,181,26,-1,-25.306666666662156,0.0,57,0
3559,182,32,3,-26.306666666662018,0.0,58,0
3559,183,29,1,-27.306666666661894,0.0,59,0
3559,184,30,-2,-28.306666666661755,0.0,60,0
3559,185,25,-3,-29.306666666661616,0.0,61,0
3559,186,29,-3,-30.306666666661492,0.0,62,0
3559,187,22,-2,-31.306666666661368,0.0,63,0
3559,188,30,3,-32.30666666666126,0.0,64,0
