time_step,passenger_sequence,target_x,target_y,current_x,current_y,current_cell,state
3620,135,31,-3,27.399999999998453,0.0,5,0
3620,136,31,3,25.026666666665253,0.0,7,0
3620,137,27,-3,24.199999999998713,0.0,8,0
3620,138,25,1,22.799999999998853,0.0,9,0
3620,139,24,2,20.50666666666568,0.0,11,0
3620,140,24,3,20.93333333333245,0.0,11,0
3620,141,27,1,20.95999999999924,0.0,11,0
3620,142,29,2,20.186666666666035,0.0,12,0
3620,143,28,3,19.493333333332835,0.0,13,0
3620,144,25,2,17.19999999999967,0.0,15,0
3620,145,32,-3,15.066666666666471,0.0,17,0
3620,146,26,-2,13.973333333333269,0.0,18,0
3620,147,26,2,13.040000000000052,0.0,19,0
3620,148,32,-2,13.466666666666839,0.0,19,0
3620,149,23,-1,12.533333333333637,0.0,19,0
3620,150,23,1,10.240000000000434,0.0,22,0
3620,151,28,-2,7.946666666667212,0.0,24,0
3620,152,24,-1,7.0133333333340095,0.0,25,0
3620,153,26,1,6.080000000000807,0.0,26,0
3620,154,30,-1,5.1466666666676,0.0,27,0
3620,155,22,-1,4.213333333334398,0.0,28,0
3620,156,23,-2,3.2800000000012033,0.0,29,0
3620,157,24,1,2.3466666666679954,0.0,30,0
3620,158,28,1,1.4133333333348008,0.0,31,0
3620,159,26,-3,0.4133333333349327,0.0,32,0
3620,160,28,-1,-0.5866666666649336,0.0,33,0
3620,161,29,-2,-1.586666666664816,0.0,34,0
3620,162,25,3,-2.586666666664685,0.0,35,0
3620,163,27,3,-3.5866666666645237,0.0,36,0
3620,164,30,2,-4.586666666664414,0.0,37,0
3620,165,30,1,-5.586666666664289,0.0,38,0
3620,166,27,2,-6.586666666664163,0.0,39,0
3620,167,30,-3,-7.586666666664025,0.0,40,0
3620,168,24,-2,-8.586666666663886,0.0,41,0
3620,169,23,-3,-9.586666666663774,0.0,42,0
3620,170,28,2,-10.586666666663657,0.0,43,0
3620,171,22,-3,-11.58666666666354,0.0,44,0
3620,172,29,-1,-12.586666666663406,0.0,45,0
3620,173,31,-2,-13.58666666666329,0.0,46,0
3620,174,32,2,-14.586666666663172,0.0,47,0
3620,175,32,1,-15.586666666663039,0.0,48,0
3620,176,25,-1,-16.58666666666291,0.0,49,0
3620,177,27,-1,-17.586666666662772,0.0,50,0
3620,178,32,-1,-18.586666666662634,0.0,51,0
3620,179,27,-2,-19.586666666662495,0.0,52,0
3620,180,22,2,-20.58666666666237,0.0,53,0
3620,181,26,-1,-21.586666666662232,0.0,54,0
3620,182,32,3,-22.586666666662094,0.0,55,0
3620,183,29,1,-23.58666666666197,0.0,56,0
3620,184,30,-2,-24.58666666666183,0.0,57,0
3620,185,25,-3,-25.586666666661692,0.0,58,0
3620,186,29,-3,-26.586666666661568,0.0,59,0
3620,187,22,-2,-27.586666666661444,0.0,60,0
3620,188,30,3,-28.586666666661333,0.0,61,0
