time_step,passenger_sequence,target_x,target_y,current_x,current_y,current_cell,state
3758,143,28,3,24.93333333333272,0.0,7,0
3758,144,25,2,22.639999999999553,0.0,9,0
3758,145,32,-3,23.066666666666322,0.0,9,0
3758,146,26,-2,20.85333333333317,0.0,11,0
3758,147,26,2,19.83999999999997,0.0,12,0
3758,148,32,-2,18.90666666666678,0.0,13,0
3758,149,23,-1,17.9733333333336,0.0,14,0
3758,150,23,1,15.680000000000438,0.0,16,0
3758,151,28,-2,13.386666666667216,0.0,19,0
3758,152,24,-1,12.453333333334013,0.0,20,0
3758,153,26,1,11.840000000000812,0.0,20,0
3758,154,30,-1,10.906666666667604,0.0,21,0
3758,155,22,-1,10.773333333334403,0.0,21,0
3758,156,23,-2,8.960000000001207,0.0,23,0
3758,157,24,1,7.786666666668,0.0,24,0
3758,158,28,1,8.213333333334806,0.0,24,0
3758,159,26,-3,5.920000000001603,0.0,26,0
3758,160,28,-1,4.986666666668403,0.0,27,0
3758,161,29,-2,4.053333333335186,0.0,28,0
3758,162,25,3,3.1200000000019847,0.0,29,0
3758,163,27,3,2.1866666666688124,0.0,30,0
3758,164,30,2,1.2533333333355894,0.0,31,0
3758,165,30,1,0.2533333333357143,0.0,32,0
3758,166,27,2,-0.746666666664159,0.0,33,0
3758,167,30,-3,-1.7466666666640203,0.0,34,0
3758,168,24,-2,-2.746666666663882,0.0,35,0
3758,169,23,-3,-3.7466666666637707,0.0,36,0
3758,170,28,2,-4.7466666666636534,0.0,37,0
3758,171,22,-3,-5.746666666663536,0.0,38,0
3758,172,29,-1,-6.746666666663403,0.0,39,0
3758,173,31,-2,-7.746666666663286,0.0,40,0
3758,174,32,2,-8.746666666663168,0.0,41,0
3758,175,32,1,-9.746666666663035,0.0,42,0
3758,176,25,-1,-10.746666666662918,0.0,43,0
3758,177,27,-1,-11.7466666666628,0.0,44,0
3758,178,32,-1,-12.746666666662682,0.0,45,0
3758,179,27,-2,-13.746666666662565,0.0,46,0
3758,180,22,2,-14.746666666662462,0.0,47,0
3758,181,26,-1,-15.746666666662342,0.0,48,0
3758,182,32,3,-16.74666666666221,0.0,49,0
3758,183,29,1,-17.746666666662087,0.0,50,0
3758,184,30,-2,-18.746666666661948,0.0,51,0
3758,185,25,-3,-19.74666666666181,0.0,52,0
3758,186,29,-3,-20.746666666661685,0.0,53,0
3758,187,22,-2,-21.74666666666156,0.0,54,0
3758,188,30,3,-22.74666666666145,0.0,55,0
