time_step,passenger_sequence,target_x,target_y,current_x,current_y,current_cell,state
3902,148,32,-2,24.02666666666667,0.0,8,0
3902,150,23,1,20.640000000000338,0.0,11,0
3902,151,28,-2,19.70666666666714,0.0,12,0
3902,152,24,-1,18.77333333333396,0.0,13,0
3902,153,26,1,17.760000000000776,0.0,14,0
3902,154,30,-1,17.226666666667583,0.0,15,0
3902,155,22,-1,16.85333333333439,0.0,15,0
3902,156,23,-2,15.280000000001213,0.0,17,0
3902,157,24,1,14.106666666668005,0.0,18,0
3902,158,28,1,13.17333333333481,0.0,19,0
3902,159,26,-3,11.040000000001607,0.0,21,0
3902,160,28,-1,9.946666666668406,0.0,22,0
3902,161,29,-2,10.373333333335191,0.0,22,0
3902,162,25,3,8.080000000001988,0.0,24,0
3902,163,27,3,7.146666666668817,0.0,25,0
3902,164,30,2,6.213333333335593,0.0,26,0
3902,165,30,1,5.280000000002384,0.0,27,0
3902,166,27,2,4.346666666669177,0.0,28,0
3902,167,30,-3,3.413333333335982,0.0,29,0
3902,168,24,-2,2.480000000002787,0.0,30,0
3902,169,23,-3,1.5466666666695652,0.0,30,0
3902,170,28,2,0.546666666669683,0.0,31,0
3902,171,22,-3,-0.45333333333019926,0.0,32,0
3902,172,29,-1,-1.4533333333300655,0.0,33,0
3902,173,31,-2,-2.4533333333299487,0.0,34,0
3902,174,32,2,-3.453333333329832,0.0,35,0
3902,175,32,1,-4.453333333329699,0.0,36,0
3902,176,25,-1,-5.4533333333295815,0.0,37,0
3902,177,27,-1,-6.453333333329464,0.0,38,0
3902,178,32,-1,-7.453333333329345,0.0,39,0
3902,179,27,-2,-8.453333333329228,0.0,40,0
3902,180,22,2,-9.453333333329125,0.0,41,0
3902,181,26,-1,-10.453333333329006,0.0,42,0
3902,182,32,3,-11.453333333328889,0.0,43,0
3902,183,29,1,-12.453333333328786,0.0,44,0
3902,184,30,-2,-13.453333333328667,0.0,45,0
3902,185,25,-3,-14.45333333332855,0.0,46,0
3902,186,29,-3,-15.453333333328446,0.0,47,0
3902,187,22,-2,-16.453333333328334,0.0,48,0
3902,188,30,3,-17.453333333328224,0.0,49,0
