time_step,passenger_sequence,target_x,target_y,current_x,current_y,current_cell,state
3912,148,32,-2,24.826666666666654,0.0,7,0
3912,150,23,1,21.44000000000032,0.0,11,0
3912,151,28,-2,20.506666666667122,0.0,11,0
3912,152,24,-1,19.57333333333394,0.0,12,0
3912,153,26,1,18.56000000000076,0.0,13,0
3912,154,30,-1,18.026666666667566,0.0,14,0
3912,155,22,-1,17.653333333334373,0.0,14,0
3912,156,23,-2,16.08000000000121,0.0,16,0
3912,157,24,1,14.906666666668006,0.0,17,0
3912,158,28,1,13.97333333333481,0.0,18,0
3912,159,26,-3,11.840000000001607,0.0,20,0
3912,160,28,-1,10.746666666668407,0.0,21,0
3912,161,29,-2,11.173333333335192,0.0,21,0
3912,162,25,3,8.880000000001989,0.0,23,0
3912,163,27,3,7.9466666666688175,0.0,24,0
3912,164,30,2,7.013333333335594,0.0,25,0
3912,165,30,1,6.080000000002385,0.0,26,0
3912,166,27,2,5.146666666669177,0.0,27,0
3912,167,30,-3,4.213333333335982,0.0,28,0
3912,168,24,-2,3.280000000002788,0.0,29,0
3912,169,23,-3,2.3466666666695657,0.0,30,0
3912,170,28,2,1.4133333333363498,0.0,31,0
3912,171,22,-3,0.4133333333364675,0.0,32,0
3912,172,29,-1,-0.5866666666633988,0.0,33,0
3912,173,31,-2,-1.5866666666632812,0.0,34,0
3912,174,32,2,-2.5866666666631644,0.0,35,0
3912,175,32,1,-3.5866666666630316,0.0,36,0
3912,176,25,-1,-4.586666666662914,0.0,37,0
3912,177,27,-1,-5.586666666662797,0.0,38,0
3912,178,32,-1,-6.586666666662678,0.0,39,0
3912,179,27,-2,-7.586666666662561,0.0,40,0
3912,180,22,2,-8.586666666662458,0.0,41,0
3912,181,26,-1,-9.586666666662339,0.0,42,0
3912,182,32,3,-10.586666666662222,0.0,43,0
3912,183,29,1,-11.586666666662119,0.0,44,0
3912,184,30,-2,-12.586666666662,0.0,45,0
3912,185,25,-3,-13.586666666661882,0.0,46,0
3912,186,29,-3,-14.58666666666178,0.0,47,0
3912,187,22,-2,-15.586666666661674,0.0,48,0
3912,188,30,3,-16.586666666661575,0.0,49,0
