time_step,passenger_sequence,target_x,target_y,current_x,current_y,current_cell,state
3876,146,26,-2,25.573333333333068,0.0,6,2
3876,147,26,2,25.199999999999857,0.0,7,0
3876,148,32,-2,23.54666666666668,0.0,8,1
3876,149,23,-1,22.533333333333502,0.0,9,2
3876,150,23,1,20.16000000000035,0.0,12,1
3876,151,28,-2,19.22666666666715,0.0,13,1
3876,152,24,-1,18.29333333333397,0.0,14,1
3876,153,26,1,16.320000000000807,0.0,16,1
3876,154,30,-1,16.746666666667593,0.0,15,1
3876,155,22,-1,16.133333333334406,0.0,16,0
3876,156,23,-2,14.800000000001212,0.0,17,1
3876,157,24,1,13.626666666668005,0.0,18,1
3876,158,28,1,12.69333333333481,0.0,19,1
3876,159,26,-3,10.560000000001606,0.0,21,1
3876,160,28,-1,9.466666666668406,0.0,23,1
3876,161,29,-2,9.89333333333519,0.0,22,1
3876,162,25,3,7.600000000001988,0.0,24,1
3876,163,27,3,6.666666666668816,0.0,25,1
3876,164,30,2,5.733333333335593,0.0,26,1
3876,165,30,1,4.800000000002384,0.0,27,1
3876,166,27,2,3.8666666666691762,0.0,28,1
3876,167,30,-3,2.9333333333359817,0.0,29,1
3876,168,24,-2,2.0000000000027867,0.0,30,1
3876,169,23,-3,1.0666666666695648,0.0,31,1
3876,170,28,2,0.06666666666968292,0.0,32,1
3876,171,22,-3,-0.9333333333301991,0.0,33,1
3876,172,29,-1,-1.933333333330066,0.0,34,1
3876,173,31,-2,-2.933333333329949,0.0,35,1
3876,174,32,2,-3.9333333333298324,0.0,36,1
3876,175,32,1,-4.933333333329699,0.0,37,1
3876,176,25,-1,-5.933333333329582,0.0,38,1
3876,177,27,-1,-6.933333333329465,0.0,39,1
3876,178,32,-1,-7.933333333329346,0.0,40,1
3876,179,27,-2,-8.933333333329228,0.0,41,1
3876,180,22,2,-9.933333333329125,0.0,42,1
3876,181,26,-1,-10.933333333329006,0.0,43,1
3876,182,32,3,-11.93333333332889,0.0,44,1
3876,183,29,1,-12.933333333328786,0.0,45,1
3876,184,30,-2,-13.933333333328667,0.0,46,1
3876,185,25,-3,-14.93333333332855,0.0,47,1
3876,186,29,-3,-15.933333333328447,0.0,48,1
3876,187,22,-2,-16.933333333328324,0.0,49,1
3876,188,30,3,-17.933333333328214,0.0,50,1
