time_step,passenger_sequence,target_x,target_y,current_x,current_y,current_cell,state
3826,145,32,-3,28.74666666666623,0.0,3,0
3826,146,26,-2,23.57333333333311,0.0,8,0
3826,147,26,2,22.559999999999913,0.0,9,0
3826,148,32,-2,21.626666666666722,0.0,10,0
3826,149,23,-1,20.69333333333354,0.0,11,0
3826,150,23,1,18.400000000000386,0.0,14,0
3826,151,28,-2,16.106666666667216,0.0,16,0
3826,152,24,-1,16.533333333334006,0.0,15,0
3826,153,26,1,14.560000000000814,0.0,17,0
3826,154,30,-1,14.986666666667608,0.0,17,0
3826,155,22,-1,13.493333333334405,0.0,19,0
3826,156,23,-2,11.68000000000121,0.0,20,0
3826,157,24,1,11.866666666668003,0.0,20,0
3826,158,28,1,10.933333333334808,0.0,21,0
3826,159,26,-3,8.640000000001605,0.0,23,0
3826,160,28,-1,7.706666666668405,0.0,24,0
3826,161,29,-2,6.773333333335189,0.0,25,0
3826,162,25,3,5.840000000001987,0.0,26,0
3826,163,27,3,4.906666666668815,0.0,27,0
3826,164,30,2,3.973333333335592,0.0,28,0
3826,165,30,1,3.0400000000023826,0.0,29,0
3826,166,27,2,2.1066666666691747,0.0,30,0
3826,167,30,-3,1.17333333333598,0.0,31,0
3826,168,24,-2,0.17333333333611928,0.0,32,0
3826,169,23,-3,-0.8266666666637682,0.0,33,0
3826,170,28,2,-1.8266666666636509,0.0,34,0
3826,171,22,-3,-2.826666666663534,0.0,35,0
3826,172,29,-1,-3.8266666666634013,0.0,36,0
3826,173,31,-2,-4.826666666663284,0.0,37,0
3826,174,32,2,-5.826666666663167,0.0,38,0
3826,175,32,1,-6.826666666663034,0.0,39,0
3826,176,25,-1,-7.826666666662916,0.0,40,0
3826,177,27,-1,-8.826666666662799,0.0,41,0
3826,178,32,-1,-9.82666666666268,0.0,42,0
3826,179,27,-2,-10.826666666662563,0.0,43,0
3826,180,22,2,-11.82666666666246,0.0,44,0
3826,181,26,-1,-12.82666666666234,0.0,45,0
3826,182,32,3,-13.826666666662224,0.0,46,0
3826,183,29,1,-14.82666666666212,0.0,47,0
3826,184,30,-2,-15.826666666662002,0.0,48,0
3826,185,25,-3,-16.82666666666187,0.0,49,0
3826,186,29,-3,-17.826666666661744,0.0,50,0
3826,187,22,-2,-18.82666666666162,0.0,51,0
3826,188,30,3,-19.82666666666151,0.0,52,0
