time_step,passenger_sequence,target_x,target_y,current_x,current_y,current_cell,state
3709,141,27,1,24.159999999999172,0.0,8,0
3709,142,29,2,24.746666666665938,0.0,7,0
3709,143,28,3,22.693333333332767,0.0,9,0
3709,144,25,2,20.3999999999996,0.0,12,0
3709,145,32,-3,20.82666666666637,0.0,11,0
3709,146,26,-2,18.613333333333216,0.0,13,0
3709,147,26,2,17.60000000000002,0.0,14,0
3709,148,32,-2,16.666666666666828,0.0,15,0
3709,149,23,-1,15.73333333333364,0.0,16,0
3709,150,23,1,13.440000000000436,0.0,19,0
3709,151,28,-2,11.146666666667214,0.0,21,0
3709,152,24,-1,10.213333333334011,0.0,22,0
3709,153,26,1,9.28000000000081,0.0,23,0
3709,154,30,-1,8.346666666667602,0.0,24,0
3709,155,22,-1,8.5333333333344,0.0,23,0
3709,156,23,-2,6.720000000001206,0.0,25,0
3709,157,24,1,5.546666666667998,0.0,26,0
3709,158,28,1,5.973333333334804,0.0,26,0
3709,159,26,-3,3.6800000000016015,0.0,28,0
3709,160,28,-1,2.7466666666684008,0.0,29,0
3709,161,29,-2,1.8133333333351849,0.0,30,0
3709,162,25,3,0.880000000001983,0.0,31,0
3709,163,27,3,-0.11999999999785484,0.0,32,0
3709,164,30,2,-1.119999999997744,0.0,33,0
3709,165,30,1,-2.11999999999762,0.0,34,0
3709,166,27,2,-3.119999999997494,0.0,35,0
3709,167,30,-3,-4.119999999997356,0.0,36,0
3709,168,24,-2,-5.119999999997217,0.0,37,0
3709,169,23,-3,-6.1199999999971055,0.0,38,0
3709,170,28,2,-7.119999999996988,0.0,39,0
3709,171,22,-3,-8.119999999996871,0.0,40,0
3709,172,29,-1,-9.119999999996738,0.0,41,0
3709,173,31,-2,-10.11999999999662,0.0,42,0
3709,174,32,2,-11.119999999996503,0.0,43,0
3709,175,32,1,-12.11999999999637,0.0,44,0
3709,176,25,-1,-13.119999999996253,0.0,45,0
3709,177,27,-1,-14.119999999996136,0.0,46,0
3709,178,32,-1,-15.119999999996017,0.0,47,0
3709,179,27,-2,-16.119999999995898,0.0,48,0
3709,180,22,2,-17.119999999995773,0.0,49,0
3709,181,26,-1,-18.119999999995635,0.0,50,0
3709,182,32,3,-19.119999999995496,0.0,51,0
3709,183,29,1,-20.119999999995372,0.0,52,0
3709,184,30,-2,-21.119999999995233,0.0,53,0
3709,185,25,-3,-22.119999999995095,0.0,54,0
3709,186,29,-3,-23.11999999999497,0.0,55,0
3709,187,22,-2,-24.119999999994846,0.0,56,0
3709,188,30,3,-25.119999999994736,0.0,57,0
