time_step,passenger_sequence,target_x,target_y,current_x,current_y,current_cell,state
3900,148,32,-2,23.866666666666674,0.0,8,0
3900,150,23,1,20.48000000000034,0.0,12,0
3900,151,28,-2,19.546666666667143,0.0,12,0
3900,152,24,-1,18.613333333333962,0.0,13,0
3900,153,26,1,17.60000000000078,0.0,14,0
3900,154,30,-1,17.066666666667587,0.0,15,0
3900,155,22,-1,16.693333333334394,0.0,15,0
3900,156,23,-2,15.120000000001212,0.0,17,0
3900,157,24,1,13.946666666668005,0.0,18,0
3900,158,28,1,13.01333333333481,0.0,19,0
3900,159,26,-3,10.880000000001607,0.0,21,0
3900,160,28,-1,9.786666666668406,0.0,22,0
3900,161,29,-2,10.213333333335191,0.0,22,0
3900,162,25,3,7.920000000001989,0.0,24,0
3900,163,27,3,6.986666666668817,0.0,25,0
3900,164,30,2,6.053333333335593,0.0,26,0
3900,165,30,1,5.120000000002384,0.0,27,0
3900,166,27,2,4.1866666666691765,0.0,28,0
3900,167,30,-3,3.253333333335982,0.0,29,0
3900,168,24,-2,2.320000000002787,0.0,30,0
3900,169,23,-3,1.386666666669565,0.0,31,0
3900,170,28,2,0.38666666666968297,0.0,32,0
3900,171,22,-3,-0.6133333333301992,0.0,33,0
3900,172,29,-1,-1.6133333333300657,0.0,34,0
3900,173,31,-2,-2.613333333329949,0.0,35,0
3900,174,32,2,-3.613333333329832,0.0,36,0
3900,175,32,1,-4.613333333329699,0.0,37,0
3900,176,25,-1,-5.613333333329582,0.0,38,0
3900,177,27,-1,-6.613333333329464,0.0,39,0
3900,178,32,-1,-7.613333333329345,0.0,40,0
3900,179,27,-2,-8.613333333329228,0.0,41,0
3900,180,22,2,-9.613333333329125,0.0,42,0
3900,181,26,-1,-10.613333333329006,0.0,43,0
3900,182,32,3,-11.613333333328889,0.0,44,0
3900,183,29,1,-12.613333333328786,0.0,45,0
3900,184,30,-2,-13.613333333328667,0.0,46,0
3900,185,25,-3,-14.61333333332855,0.0,47,0
3900,186,29,-3,-15.613333333328447,0.0,48,0
3900,187,22,-2,-16.61333333332833,0.0,49,0
3900,188,30,3,-17.61333333332822,0.0,50,0
