time_step,passenger_sequence,target_x,target_y,current_x,current_y,current_cell,state
3770,143,28,3,26.093333333332698,0.0,6,0
3770,144,25,2,23.599999999999532,0.0,8,0
3770,145,32,-3,24.0266666666663,0.0,8,0
3770,146,26,-2,21.813333333333148,0.0,10,0
3770,147,26,2,20.79999999999995,0.0,11,0
3770,148,32,-2,19.86666666666676,0.0,12,0
3770,149,23,-1,18.93333333333358,0.0,13,0
3770,150,23,1,16.640000000000423,0.0,15,0
3770,151,28,-2,14.346666666667216,0.0,18,0
3770,152,24,-1,13.413333333334014,0.0,19,0
3770,153,26,1,12.800000000000813,0.0,19,0
3770,154,30,-1,11.866666666667605,0.0,20,0
3770,155,22,-1,11.733333333334404,0.0,20,0
3770,156,23,-2,9.920000000001208,0.0,22,0
3770,157,24,1,8.746666666668,0.0,23,0
3770,158,28,1,9.173333333334806,0.0,23,0
3770,159,26,-3,6.880000000001604,0.0,25,0
3770,160,28,-1,5.946666666668404,0.0,26,0
3770,161,29,-2,5.013333333335187,0.0,27,0
3770,162,25,3,4.080000000001985,0.0,28,0
3770,163,27,3,3.1466666666688132,0.0,29,0
3770,164,30,2,2.2133333333355902,0.0,30,0
3770,165,30,1,1.280000000002381,0.0,31,0
3770,166,27,2,0.2800000000025076,0.0,32,0
3770,167,30,-3,-0.7199999999973532,0.0,33,0
3770,168,24,-2,-1.7199999999972144,0.0,34,0
3770,169,23,-3,-2.719999999997103,0.0,35,0
3770,170,28,2,-3.719999999996986,0.0,36,0
3770,171,22,-3,-4.719999999996869,0.0,37,0
3770,172,29,-1,-5.719999999996736,0.0,38,0
3770,173,31,-2,-6.7199999999966185,0.0,39,0
3770,174,32,2,-7.719999999996501,0.0,40,0
3770,175,32,1,-8.719999999996368,0.0,41,0
3770,176,25,-1,-9.71999999999625,0.0,42,0
3770,177,27,-1,-10.719999999996134,0.0,43,0
3770,178,32,-1,-11.719999999996014,0.0,44,0
3770,179,27,-2,-12.719999999995897,0.0,45,0
3770,180,22,2,-13.719999999995794,0.0,46,0
3770,181,26,-1,-14.719999999995675,0.0,47,0
3770,182,32,3,-15.719999999995558,0.0,48,0
3770,183,29,1,-16.71999999999544,0.0,49,0
3770,184,30,-2,-17.719999999995302,0.0,50,0
3770,185,25,-3,-18.719999999995164,0.0,51,0
3770,186,29,-3,-19.71999999999504,0.0,52,0
3770,187,22,-2,-20.719999999994915,0.0,53,0
3770,188,30,3,-21.719999999994805,0.0,54,0
