time_step,passenger_sequence,target_x,target_y,current_x,current_y,current_cell,state
3565,133,31,1,23.9333333333316,0.0,8,0
3565,135,31,-3,22.359999999998525,0.0,10,0
3565,136,31,3,21.38666666666532,0.0,11,0
3565,137,27,-3,20.693333333332113,0.0,11,0
3565,138,25,1,19.759999999998918,0.0,12,0
3565,139,24,2,17.466666666665745,0.0,15,0
3565,140,24,3,16.533333333332543,0.0,15,0
3565,141,27,1,16.559999999999334,0.0,15,0
3565,142,29,2,15.786666666666124,0.0,16,0
3565,143,28,3,16.4533333333329,0.0,16,0
3565,144,25,2,14.159999999999691,0.0,18,0
3565,145,32,-3,12.026666666666468,0.0,20,0
3565,146,26,-2,10.933333333333266,0.0,21,0
3565,147,26,2,10.00000000000005,0.0,22,0
3565,148,32,-2,9.066666666666835,0.0,23,0
3565,149,23,-1,9.493333333333634,0.0,23,0
3565,150,23,1,7.200000000000432,0.0,25,0
3565,151,28,-2,4.906666666667209,0.0,27,0
3565,152,24,-1,3.9733333333340073,0.0,28,0
3565,153,26,1,3.040000000000805,0.0,29,0
3565,154,30,-1,2.1066666666675973,0.0,30,0
3565,155,22,-1,1.1733333333343956,0.0,31,0
3565,156,23,-2,0.17333333333453477,0.0,32,0
3565,157,24,1,-0.8266666666653385,0.0,33,0
3565,158,28,1,-1.8266666666651998,0.0,34,0
3565,159,26,-3,-2.826666666665069,0.0,35,0
3565,160,28,-1,-3.826666666664936,0.0,36,0
3565,161,29,-2,-4.826666666664819,0.0,37,0
3565,162,25,3,-5.826666666664687,0.0,38,0
3565,163,27,3,-6.826666666664526,0.0,39,0
3565,164,30,2,-7.826666666664416,0.0,40,0
3565,165,30,1,-8.826666666664291,0.0,41,0
3565,166,27,2,-9.826666666664165,0.0,42,0
3565,167,30,-3,-10.826666666664027,0.0,43,0
3565,168,24,-2,-11.826666666663888,0.0,44,0
3565,169,23,-3,-12.826666666663776,0.0,45,0
3565,170,28,2,-13.826666666663659,0.0,46,0
3565,171,22,-3,-14.826666666663542,0.0,47,0
3565,172,29,-1,-15.826666666663408,0.0,48,0
3565,173,31,-2,-16.826666666663275,0.0,49,0
3565,174,32,2,-17.826666666663137,0.0,50,0
3565,175,32,1,-18.826666666662984,0.0,51,0
3565,176,25,-1,-19.826666666662845,0.0,52,0
3565,177,27,-1,-20.826666666662707,0.0,53,0
3565,178,32,-1,-21.826666666662568,0.0,54,0
3565,179,27,-2,-22.82666666666243,0.0,55,0
3565,180,22,2,-23.826666666662305,0.0,56,0
3565,181,26,-1,-24.826666666662167,0.0,57,0
3565,182,32,3,-25.826666666662028,0.0,58,0
3565,183,29,1,-26.826666666661904,0.0,59,0
3565,184,30,-2,-27.826666666661765,0.0,60,0
3565,185,25,-3,-28.826666666661627,0.0,61,0
3565,186,29,-3,-29.826666666661502,0.0,62,0
3565,187,22,-2,-30.826666666661378,0.0,63,0
3565,188,30,3,-31.826666666661268,0.0,64,0
