time_step,passenger_sequence,target_x,target_y,current_x,current_y,current_cell,state
4166,158,28,1,25.49333333333461,0.0,7,0
4166,159,26,-3,23.360000000001452,0.0,9,0
4166,160,28,-1,22.26666666666828,0.0,10,0
4166,161,29,-2,21.333333333335084,0.0,11,0
4166,162,25,3,21.76000000000187,0.0,10,0
4166,163,27,3,19.46666666666875,0.0,13,0
4166,164,30,2,19.093333333335536,0.0,13,0
4166,165,30,1,18.160000000002345,0.0,14,0
4166,166,27,2,17.22666666666916,0.0,15,0
4166,167,30,-3,15.813333333335992,0.0,16,0
4166,168,24,-2,14.800000000002797,0.0,17,0
4166,169,23,-3,13.866666666669575,0.0,18,0
4166,170,28,2,12.933333333336359,0.0,19,0
4166,171,22,-3,10.640000000003141,0.0,21,0
4166,172,29,-1,9.786666666669941,0.0,22,0
4166,173,31,-2,8.853333333336725,0.0,23,0
4166,174,32,2,9.20000000000351,0.0,23,0
4166,175,32,1,8.266666666670309,0.0,24,0
4166,176,25,-1,5.973333333337092,0.0,26,0
4166,177,27,-1,5.040000000003876,0.0,27,0
4166,178,32,-1,4.1066666666706615,0.0,28,0
4166,179,27,-2,3.1733333333374456,0.0,29,0
4166,180,22,2,2.240000000004215,0.0,30,0
4166,181,26,-1,1.3066666666710003,0.0,31,0
4166,182,32,3,0.30666666667111825,0.0,32,0
4166,183,29,1,-0.6933333333287781,0.0,33,0
4166,184,30,-2,-1.6933333333286589,0.0,34,0
4166,185,25,-3,-2.693333333328542,0.0,35,0
4166,186,29,-3,-3.6933333333284395,0.0,36,0
4166,187,22,-2,-4.693333333328335,0.0,37,0
4166,188,30,3,-5.693333333328246,0.0,38,0
