time_step,passenger_sequence,target_x,target_y,current_x,current_y,current_cell,state
4857,184,30,-2,26.90666666667112,0.0,5,0
4857,186,29,-3,24.160000000004732,0.0,8,0
4857,187,22,-2,21.546666666671562,0.0,10,2
4857,188,30,3,20.453333333338342,0.0,12,1
