time_step,passenger_sequence,target_x,target_y,current_x,current_y,current_cell,state
4286,161,29,-2,28.213333333334937,0.0,4,0
4286,163,27,3,24.986666666668633,0.0,7,0
4286,164,30,2,23.253333333335448,0.0,9,0
4286,165,30,1,22.320000000002256,0.0,10,0
4286,166,27,2,21.386666666669072,0.0,11,0
4286,167,30,-3,19.97333333333591,0.0,12,0
4286,168,24,-2,18.960000000002733,0.0,13,0
4286,169,23,-3,18.026666666669534,0.0,14,0
4286,170,28,2,17.09333333333634,0.0,15,0
4286,171,22,-3,16.16000000000314,0.0,16,0
4286,172,29,-1,15.306666666669946,0.0,17,0
4286,173,31,-2,14.37333333333673,0.0,18,0
4286,174,32,2,13.360000000003513,0.0,19,0
4286,175,32,1,12.426666666670313,0.0,20,0
4286,176,25,-1,11.493333333337096,0.0,21,0
4286,177,27,-1,9.200000000003879,0.0,23,0
4286,178,32,-1,8.266666666670664,0.0,24,0
4286,179,27,-2,7.333333333337449,0.0,25,0
4286,180,22,2,7.7600000000042195,0.0,24,0
4286,181,26,-1,6.826666666671005,0.0,25,0
4286,182,32,3,5.893333333337789,0.0,26,0
4286,183,29,1,3.6000000000045573,0.0,28,0
4286,184,30,-2,2.6666666666713423,0.0,29,0
4286,185,25,-3,1.7333333333381264,0.0,30,0
4286,186,29,-3,0.8000000000048962,0.0,31,0
4286,187,22,-2,-0.19999999999499846,0.0,32,0
4286,188,30,3,-1.199999999994909,0.0,33,0
