time_step,passenger_sequence,target_x,target_y,current_x,current_y,current_cell,state
4514,172,29,-1,25.22666666666975,0.0,7,0
4514,173,31,-2,24.293333333336555,0.0,8,0
4514,174,32,2,23.28000000000336,0.0,9,0
4514,175,32,1,22.34666666667018,0.0,10,0
4514,176,25,-1,20.133333333337013,0.0,12,0
4514,177,27,-1,20.640000000003784,0.0,11,0
4514,178,32,-1,19.626666666670594,0.0,12,0
4514,179,27,-2,18.6933333333374,0.0,13,0
4514,180,22,2,17.68000000000419,0.0,14,0
4514,181,26,-1,15.386666666671012,0.0,17,0
4514,182,32,3,14.453333333337795,0.0,18,0
4514,183,29,1,13.600000000004565,0.0,18,0
4514,184,30,-2,12.66666666667135,0.0,19,0
4514,185,25,-3,11.733333333338134,0.0,20,0
4514,186,29,-3,10.720000000004903,0.0,21,0
4514,187,22,-2,8.506666666671673,0.0,23,0
4514,188,30,3,7.4933333333384295,0.0,25,0
