time_step,passenger_sequence,target_x,target_y,current_x,current_y,current_cell,state
4465,167,30,-3,27.493333333335748,0.0,5,0
4465,170,28,2,25.97333333333615,0.0,6,0
4465,172,29,-1,22.746666666669803,0.0,9,0
4465,173,31,-2,21.813333333336608,0.0,10,0
4465,174,32,2,20.80000000000341,0.0,11,0
4465,175,32,1,19.866666666670234,0.0,12,0
4465,176,25,-1,17.653333333337066,0.0,14,0
4465,177,27,-1,16.720000000003868,0.0,15,0
4465,178,32,-1,15.706666666670671,0.0,16,0
4465,179,27,-2,16.213333333337452,0.0,16,0
4465,180,22,2,15.200000000004225,0.0,17,0
4465,181,26,-1,12.90666666667101,0.0,19,0
4465,182,32,3,11.973333333337793,0.0,20,0
4465,183,29,1,9.680000000004561,0.0,22,0
4465,184,30,-2,8.746666666671347,0.0,23,0
4465,185,25,-3,9.253333333338132,0.0,23,0
4465,186,29,-3,8.240000000004901,0.0,24,0
4465,187,22,-2,5.946666666671672,0.0,26,0
4465,188,30,3,5.013333333338427,0.0,27,0
