time_step,passenger_sequence,target_x,target_y,current_x,current_y,current_cell,state
4799,182,32,3,27.253333333337558,0.0,5,0
4799,183,29,1,26.400000000004344,0.0,6,0
4799,184,30,-2,24.10666666667118,0.0,8,0
4799,185,25,-3,23.173333333337986,0.0,9,0
4799,186,29,-3,22.160000000004775,0.0,10,0
4799,187,22,-2,19.946666666671597,0.0,12,0
4799,188,30,3,18.933333333338375,0.0,13,0
