time_step,passenger_sequence,target_x,target_y,current_x,current_y,current_cell,state
4521,172,29,-1,25.78666666666974,0.0,6,0
4521,173,31,-2,24.853333333336543,0.0,7,0
4521,174,32,2,23.840000000003347,0.0,8,0
4521,175,32,1,22.90666666667017,0.0,9,0
4521,176,25,-1,20.693333333337,0.0,11,0
4521,177,27,-1,21.200000000003772,0.0,11,0
4521,178,32,-1,20.186666666670583,0.0,12,0
4521,179,27,-2,19.253333333337388,0.0,13,0
4521,180,22,2,18.240000000004176,0.0,14,0
4521,181,26,-1,15.946666666671012,0.0,16,0
4521,182,32,3,15.013333333337796,0.0,17,0
4521,183,29,1,14.160000000004565,0.0,18,0
4521,184,30,-2,13.22666666667135,0.0,19,0
4521,185,25,-3,12.293333333338134,0.0,20,0
4521,186,29,-3,11.280000000004904,0.0,21,0
4521,187,22,-2,9.066666666671674,0.0,23,0
4521,188,30,3,8.05333333333843,0.0,24,0
