time_step,passenger_sequence,target_x,target_y,current_x,current_y,current_cell,state
4112,157,24,1,23.466666666667848,0.0,9,0
4112,158,28,1,22.533333333334674,0.0,9,0
4112,159,26,-3,20.400000000001516,0.0,12,0
4112,160,28,-1,19.30666666666834,0.0,13,0
4112,161,29,-2,18.373333333335147,0.0,14,0
4112,162,25,3,17.440000000001962,0.0,15,0
4112,163,27,3,16.506666666668814,0.0,15,0
4112,164,30,2,16.1333333333356,0.0,16,0
4112,165,30,1,15.200000000002392,0.0,17,0
4112,166,27,2,14.266666666669185,0.0,18,0
4112,167,30,-3,12.85333333333599,0.0,19,0
4112,168,24,-2,11.840000000002794,0.0,20,0
4112,169,23,-3,10.906666666669572,0.0,21,0
4112,170,28,2,9.973333333336356,0.0,22,0
4112,171,22,-3,7.680000000003139,0.0,24,0
4112,172,29,-1,6.826666666669939,0.0,25,0
4112,173,31,-2,5.893333333336723,0.0,26,0
4112,174,32,2,4.880000000003506,0.0,27,0
4112,175,32,1,5.306666666670307,0.0,27,0
4112,176,25,-1,3.01333333333709,0.0,29,0
4112,177,27,-1,2.080000000003874,0.0,30,0
4112,178,32,-1,1.146666666670659,0.0,31,0
4112,179,27,-2,0.14666666667077716,0.0,32,0
4112,180,22,2,-0.8533333333291191,0.0,33,0
4112,181,26,-1,-1.853333333329,0.0,34,0
4112,182,32,3,-2.8533333333288833,0.0,35,0
4112,183,29,1,-3.8533333333287807,0.0,36,0
4112,184,30,-2,-4.853333333328662,0.0,37,0
4112,185,25,-3,-5.853333333328544,0.0,38,0
4112,186,29,-3,-6.853333333328441,0.0,39,0
4112,187,22,-2,-7.853333333328337,0.0,40,0
4112,188,30,3,-8.853333333328248,0.0,41,0
