time_step,passenger_sequence,target_x,target_y,current_x,current_y,current_cell,state
4807,182,32,3,27.893333333337544,0.0,4,0
4807,183,29,1,27.04000000000433,0.0,5,0
4807,184,30,-2,24.746666666671167,0.0,7,0
4807,185,25,-3,23.813333333337972,0.0,8,0
4807,186,29,-3,22.80000000000476,0.0,9,0
4807,187,22,-2,20.586666666671583,0.0,11,0
4807,188,30,3,19.57333333333836,0.0,12,0
