time_step,passenger_sequence,target_x,target_y,current_x,current_y,current_cell,state
4444,167,30,-3,25.813333333335784,0.0,6,0
4444,170,28,2,24.293333333336186,0.0,8,0
4444,172,29,-1,21.06666666666984,0.0,11,0
4444,173,31,-2,20.133333333336644,0.0,12,0
4444,174,32,2,19.120000000003447,0.0,13,0
4444,175,32,1,18.18666666667027,0.0,14,0
4444,176,25,-1,15.9733333333371,0.0,16,0
4444,177,27,-1,15.040000000003884,0.0,17,0
4444,178,32,-1,14.02666666667067,0.0,18,0
4444,179,27,-2,14.533333333337454,0.0,17,0
4444,180,22,2,13.520000000004224,0.0,18,0
4444,181,26,-1,11.226666666671008,0.0,21,0
4444,182,32,3,10.293333333337792,0.0,22,0
4444,183,29,1,8.00000000000456,0.0,24,0
4444,184,30,-2,7.066666666671346,0.0,25,0
4444,185,25,-3,7.573333333338131,0.0,24,0
4444,186,29,-3,6.560000000004901,0.0,25,0
4444,187,22,-2,4.266666666671671,0.0,28,0
4444,188,30,3,3.3333333333384263,0.0,29,0
