time_step,passenger_sequence,target_x,target_y,current_x,current_y,current_cell,state
4091,154,30,-1,29.560000000000688,0.0,2,2
4091,157,24,1,21.786666666667884,0.0,10,0
4091,158,28,1,22.053333333334685,0.0,10,1
4091,159,26,-3,19.920000000001526,0.0,12,1
4091,160,28,-1,18.826666666668352,0.0,13,1
4091,161,29,-2,17.893333333335157,0.0,14,1
4091,162,25,3,15.760000000001995,0.0,16,0
4091,163,27,3,16.026666666668824,0.0,16,1
4091,164,30,2,14.4533333333356,0.0,18,0
4091,165,30,1,14.720000000002392,0.0,17,1
4091,166,27,2,13.786666666669184,0.0,18,1
4091,167,30,-3,12.373333333335989,0.0,20,1
4091,168,24,-2,11.360000000002794,0.0,21,1
4091,169,23,-3,10.426666666669572,0.0,22,1
4091,170,28,2,9.493333333336356,0.0,23,1
4091,171,22,-3,7.200000000003139,0.0,25,1
4091,172,29,-1,6.346666666669939,0.0,26,1
4091,173,31,-2,5.413333333336722,0.0,27,1
4091,174,32,2,4.400000000003506,0.0,28,1
4091,175,32,1,3.626666666670306,0.0,28,0
4091,176,25,-1,2.5333333333370898,0.0,29,1
4091,177,27,-1,1.6000000000038734,0.0,30,1
4091,178,32,-1,0.6666666666706592,0.0,31,1
4091,179,27,-2,-0.3333333333292229,0.0,32,1
4091,180,22,2,-1.3333333333291193,0.0,33,1
4091,181,26,-1,-2.3333333333290005,0.0,34,1
4091,182,32,3,-3.3333333333288837,0.0,35,1
4091,183,29,1,-4.333333333328781,0.0,36,1
4091,184,30,-2,-5.333333333328662,0.0,37,1
4091,185,25,-3,-6.333333333328545,0.0,38,1
4091,186,29,-3,-7.333333333328442,0.0,39,1
4091,187,22,-2,-8.333333333328337,0.0,40,1
4091,188,30,3,-9.333333333328248,0.0,41,1
