time_step,passenger_sequence,target_x,target_y,current_x,current_y,current_cell,state
4741,178,32,-1,31.66666666667037,0.0,0,3
4741,181,26,-1,25.386666666670813,0.0,7,0
4741,182,32,3,23.973333333337628,0.0,8,0
4741,183,29,1,23.120000000004413,0.0,9,0
4741,184,30,-2,20.82666666667125,0.0,11,0
4741,185,25,-3,19.893333333338056,0.0,12,0
4741,186,29,-3,18.880000000004845,0.0,13,0
4741,187,22,-2,16.666666666671667,0.0,15,0
4741,188,30,3,15.653333333338436,0.0,16,0
