time_step,passenger_sequence,target_x,target_y,current_x,current_y,current_cell,state
4341,164,30,2,26.293333333335383,0.0,6,0
4341,165,30,1,24.00000000000222,0.0,8,0
4341,166,27,2,23.066666666669036,0.0,9,0
4341,167,30,-3,21.653333333335873,0.0,10,0
4341,168,24,-2,20.640000000002697,0.0,11,0
4341,169,23,-3,21.06666666666947,0.0,11,0
4341,170,28,2,20.133333333336275,0.0,12,0
4341,171,22,-3,19.200000000003076,0.0,13,0
4341,172,29,-1,16.986666666669926,0.0,15,0
4341,173,31,-2,16.05333333333673,0.0,16,0
4341,174,32,2,15.040000000003515,0.0,17,0
4341,175,32,1,14.106666666670314,0.0,18,0
4341,176,25,-1,13.173333333337098,0.0,19,0
4341,177,27,-1,12.240000000003882,0.0,20,0
4341,178,32,-1,11.306666666670667,0.0,21,0
4341,179,27,-2,10.37333333333745,0.0,22,0
4341,180,22,2,9.44000000000422,0.0,23,0
4341,181,26,-1,8.506666666671006,0.0,23,0
4341,182,32,3,7.57333333333779,0.0,24,0
4341,183,29,1,5.280000000004558,0.0,27,0
4341,184,30,-2,4.346666666671344,0.0,28,0
4341,185,25,-3,3.413333333338128,0.0,29,0
4341,186,29,-3,2.4800000000048974,0.0,30,0
4341,187,22,-2,1.5466666666716684,0.0,30,0
4341,188,30,3,0.5466666666717578,0.0,31,0
