time_step,passenger_sequence,target_x,target_y,current_x,current_y,current_cell,state
4865,184,30,-2,27.546666666671108,0.0,4,0
4865,186,29,-3,24.80000000000472,0.0,7,0
4865,187,22,-2,21.546666666671562,0.0,10,2
4865,188,30,3,20.453333333338342,0.0,12,1
