time_step,passenger_sequence,target_x,target_y,current_x,current_y,current_cell,state
4867,184,30,-2,27.706666666671104,0.0,4,0
4867,186,29,-3,24.960000000004715,0.0,7,0
4867,187,22,-2,21.546666666671562,0.0,10,2
4867,188,30,3,20.453333333338342,0.0,12,1
