time_step,passenger_sequence,target_x,target_y,current_x,current_y,current_cell,state
4065,154,30,-1,25.626666666667404,0.0,6,0
4065,156,23,-2,22.24000000000108,0.0,10,0
4065,157,24,1,21.0666666666679,0.0,11,0
4065,158,28,1,20.133333333334726,0.0,12,0
4065,159,26,-3,19.360000000001538,0.0,13,0
4065,160,28,-1,18.266666666668364,0.0,14,0
4065,161,29,-2,17.33333333333517,0.0,15,0
4065,162,25,3,15.040000000001994,0.0,17,0
4065,163,27,3,14.106666666668822,0.0,18,0
4065,164,30,2,13.7333333333356,0.0,18,0
4065,165,30,1,12.80000000000239,0.0,19,0
4065,166,27,2,13.226666666669184,0.0,19,0
4065,167,30,-3,11.813333333335988,0.0,20,0
4065,168,24,-2,10.800000000002793,0.0,21,0
4065,169,23,-3,8.50666666666957,0.0,23,0
4065,170,28,2,8.933333333336355,0.0,23,0
4065,171,22,-3,6.6400000000031385,0.0,25,0
4065,172,29,-1,5.786666666669938,0.0,26,0
4065,173,31,-2,4.853333333336722,0.0,27,0
4065,174,32,2,3.840000000003506,0.0,28,0
4065,175,32,1,2.906666666670305,0.0,29,0
4065,176,25,-1,1.9733333333370893,0.0,30,0
4065,177,27,-1,1.040000000003873,0.0,31,0
4065,178,32,-1,0.04000000000399258,0.0,32,0
4065,179,27,-2,-0.9599999999958894,0.0,33,0
4065,180,22,2,-1.9599999999957864,0.0,34,0
4065,181,26,-1,-2.959999999995668,0.0,35,0
4065,182,32,3,-3.959999999995551,0.0,36,0
4065,183,29,1,-4.959999999995448,0.0,37,0
4065,184,30,-2,-5.959999999995329,0.0,38,0
4065,185,25,-3,-6.959999999995212,0.0,39,0
4065,186,29,-3,-7.959999999995109,0.0,40,0
4065,187,22,-2,-8.959999999995004,0.0,41,0
4065,188,30,3,-9.959999999994915,0.0,42,0
