time_step,passenger_sequence,target_x,target_y,current_x,current_y,current_cell,state
4833,182,32,3,31.693333333337495,0.0,0,2
4833,183,29,1,28.560000000004298,0.0,3,2
4833,184,30,-2,26.186666666671137,0.0,6,1
4833,185,25,-3,24.533333333337957,0.0,7,3
4833,186,29,-3,23.440000000004748,0.0,9,1
4833,187,22,-2,21.22666666667157,0.0,11,1
4833,188,30,3,20.213333333338348,0.0,12,1
