time_step,passenger_sequence,target_x,target_y,current_x,current_y,current_cell,state
4654,175,32,1,30.40000000000336,0.0,2,0
4654,177,27,-1,26.560000000003658,0.0,5,2
4654,178,32,-1,25.626666666670467,0.0,6,0
4654,179,27,-2,24.533333333337275,0.0,7,1
4654,181,26,-1,21.146666666670903,0.0,11,0
4654,182,32,3,20.05333333333771,0.0,12,1
4654,183,29,1,20.560000000004468,0.0,11,1
4654,184,30,-2,18.266666666671306,0.0,14,1
4654,185,25,-3,17.33333333333811,0.0,15,1
4654,186,29,-3,16.3200000000049,0.0,16,1
4654,187,22,-2,14.106666666671678,0.0,18,1
4654,188,30,3,13.093333333338434,0.0,19,1
