time_step,passenger_sequence,target_x,target_y,current_x,current_y,current_cell,state
4903,184,30,-2,29.61333333333774,0.0,499,3
4903,186,29,-3,26.480000000004683,0.0,6,0
4903,188,30,3,21.89333333333831,0.0,10,0
