time_step,passenger_sequence,target_x,target_y,current_x,current_y,current_cell,state
4537,172,29,-1,27.06666666666971,0.0,5,0
4537,173,31,-2,26.133333333336516,0.0,6,0
4537,174,32,2,25.12000000000332,0.0,7,0
4537,175,32,1,24.186666666670142,0.0,8,0
4537,176,25,-1,21.973333333336974,0.0,10,0
4537,177,27,-1,22.480000000003745,0.0,10,0
4537,178,32,-1,21.466666666670555,0.0,11,0
4537,179,27,-2,20.53333333333736,0.0,11,0
4537,180,22,2,19.52000000000415,0.0,12,0
4537,181,26,-1,17.226666666670987,0.0,15,0
4537,182,32,3,16.29333333333779,0.0,16,0
4537,183,29,1,15.440000000004567,0.0,17,0
4537,184,30,-2,14.506666666671352,0.0,17,0
4537,185,25,-3,13.573333333338136,0.0,18,0
4537,186,29,-3,12.560000000004905,0.0,19,0
4537,187,22,-2,10.346666666671675,0.0,22,0
4537,188,30,3,9.33333333333843,0.0,23,0
