time_step,passenger_sequence,target_x,target_y,current_x,current_y,current_cell,state
4742,178,32,-1,31.66666666667037,0.0,499,3
4742,181,26,-1,25.46666666667081,0.0,7,0
4742,182,32,3,24.053333333337626,0.0,8,0
4742,183,29,1,23.20000000000441,0.0,9,0
4742,184,30,-2,20.90666666667125,0.0,11,0
4742,185,25,-3,19.973333333338054,0.0,12,0
4742,186,29,-3,18.960000000004843,0.0,13,0
4742,187,22,-2,16.746666666671665,0.0,15,0
4742,188,30,3,15.733333333338436,0.0,16,0
