time_step,passenger_sequence,target_x,target_y,current_x,current_y,current_cell,state
4587,173,31,-2,28.906666666669793,0.0,3,0
4587,174,32,2,29.520000000003233,0.0,2,0
4587,175,32,1,26.826666666670086,0.0,5,0
4587,176,25,-1,24.53333333333692,0.0,499,3
4587,177,27,-1,24.000000000003713,0.0,8,0
4587,178,32,-1,22.986666666670523,0.0,9,0
4587,179,27,-2,22.053333333337328,0.0,10,0
4587,180,22,2,21.040000000004117,0.0,11,0
4587,181,26,-1,18.746666666670954,0.0,13,0
4587,182,32,3,17.81333333333776,0.0,14,0
4587,183,29,1,16.960000000004545,0.0,15,0
4587,184,30,-2,16.026666666671353,0.0,16,0
4587,185,25,-3,15.093333333338137,0.0,17,0
4587,186,29,-3,14.080000000004906,0.0,18,0
4587,187,22,-2,11.866666666671676,0.0,20,0
4587,188,30,3,10.853333333338432,0.0,21,0
