time_step,passenger_sequence,target_x,target_y,current_x,current_y,current_cell,state
4510,172,29,-1,24.906666666669757,0.0,7,0
4510,173,31,-2,23.973333333336562,0.0,8,0
4510,174,32,2,22.960000000003365,0.0,9,0
4510,175,32,1,22.026666666670188,0.0,10,0
4510,176,25,-1,19.81333333333702,0.0,12,0
4510,177,27,-1,20.32000000000379,0.0,12,0
4510,178,32,-1,19.3066666666706,0.0,13,0
4510,179,27,-2,18.373333333337406,0.0,14,0
4510,180,22,2,17.360000000004195,0.0,15,0
4510,181,26,-1,15.066666666671011,0.0,17,0
4510,182,32,3,14.133333333337795,0.0,18,0
4510,183,29,1,13.280000000004565,0.0,19,0
4510,184,30,-2,12.34666666667135,0.0,20,0
4510,185,25,-3,11.413333333338134,0.0,21,0
4510,186,29,-3,10.400000000004903,0.0,22,0
4510,187,22,-2,8.186666666671673,0.0,24,0
4510,188,30,3,7.173333333338429,0.0,25,0
