time_step,passenger_sequence,target_x,target_y,current_x,current_y,current_cell,state
4762,182,32,3,24.29333333333762,0.0,8,0
4762,183,29,1,23.440000000004407,0.0,9,0
4762,184,30,-2,21.146666666671244,0.0,11,0
4762,185,25,-3,20.21333333333805,0.0,12,0
4762,186,29,-3,19.200000000004838,0.0,13,0
4762,187,22,-2,16.98666666667166,0.0,15,0
4762,188,30,3,15.973333333338436,0.0,16,0
