time_step,passenger_sequence,target_x,target_y,current_x,current_y,current_cell,state
4883,184,30,-2,29.32000000000441,0.0,3,0
4883,186,29,-3,26.240000000004688,0.0,6,0
4883,188,30,3,21.653333333338317,0.0,10,0
