time_step,passenger_sequence,target_x,target_y,current_x,current_y,current_cell,state
4825,182,32,3,30.000000000004178,0.0,2,0
4825,183,29,1,28.4800000000043,0.0,4,0
4825,184,30,-2,26.186666666671137,0.0,6,0
4825,185,25,-3,24.533333333337957,0.0,7,2
4825,186,29,-3,23.440000000004748,0.0,9,1
4825,187,22,-2,21.22666666667157,0.0,11,1
4825,188,30,3,20.213333333338348,0.0,12,1
