time_step,passenger_sequence,target_x,target_y,current_x,current_y,current_cell,state
4052,154,30,-1,24.586666666667426,0.0,7,0
4052,156,23,-2,21.2000000000011,0.0,11,0
4052,157,24,1,20.02666666666792,0.0,12,0
4052,158,28,1,19.093333333334748,0.0,13,0
4052,159,26,-3,18.32000000000156,0.0,14,0
4052,160,28,-1,17.226666666668386,0.0,15,0
4052,161,29,-2,16.29333333333519,0.0,16,0
4052,162,25,3,14.000000000001993,0.0,18,0
4052,163,27,3,13.066666666668821,0.0,19,0
4052,164,30,2,12.693333333335598,0.0,19,0
4052,165,30,1,11.760000000002389,0.0,20,0
4052,166,27,2,12.186666666669183,0.0,20,0
4052,167,30,-3,10.773333333335987,0.0,21,0
4052,168,24,-2,9.760000000002792,0.0,22,0
4052,169,23,-3,7.46666666666957,0.0,25,0
4052,170,28,2,7.893333333336355,0.0,24,0
4052,171,22,-3,5.600000000003138,0.0,26,0
4052,172,29,-1,4.746666666669937,0.0,27,0
4052,173,31,-2,3.8133333333367214,0.0,28,0
4052,174,32,2,2.800000000003505,0.0,29,0
4052,175,32,1,1.8666666666703045,0.0,30,0
4052,176,25,-1,0.9333333333370885,0.0,31,0
4052,177,27,-1,-0.0666666666627936,0.0,32,0
4052,178,32,-1,-1.0666666666626738,0.0,33,0
4052,179,27,-2,-2.066666666662557,0.0,34,0
4052,180,22,2,-3.0666666666624542,0.0,35,0
4052,181,26,-1,-4.066666666662336,0.0,36,0
4052,182,32,3,-5.066666666662218,0.0,37,0
4052,183,29,1,-6.066666666662115,0.0,38,0
4052,184,30,-2,-7.066666666661996,0.0,39,0
4052,185,25,-3,-8.06666666666188,0.0,40,0
4052,186,29,-3,-9.066666666661776,0.0,41,0
4052,187,22,-2,-10.066666666661671,0.0,42,0
4052,188,30,3,-11.066666666661582,0.0,43,0
