time_step,passenger_sequence,target_x,target_y,current_x,current_y,current_cell,state
4172,158,28,1,25.9733333333346,0.0,6,0
4172,159,26,-3,23.840000000001442,0.0,8,0
4172,160,28,-1,22.74666666666827,0.0,9,0
4172,161,29,-2,21.813333333335073,0.0,10,0
4172,162,25,3,22.24000000000186,0.0,10,0
4172,163,27,3,19.94666666666874,0.0,12,0
4172,164,30,2,19.573333333335526,0.0,12,0
4172,165,30,1,18.640000000002335,0.0,13,0
4172,166,27,2,17.70666666666915,0.0,14,0
4172,167,30,-3,16.293333333335987,0.0,16,0
4172,168,24,-2,15.280000000002797,0.0,17,0
4172,169,23,-3,14.346666666669575,0.0,18,0
4172,170,28,2,13.41333333333636,0.0,19,0
4172,171,22,-3,11.120000000003142,0.0,21,0
4172,172,29,-1,10.266666666669941,0.0,22,0
4172,173,31,-2,9.333333333336725,0.0,23,0
4172,174,32,2,9.68000000000351,0.0,22,0
4172,175,32,1,8.74666666667031,0.0,23,0
4172,176,25,-1,6.453333333337093,0.0,26,0
4172,177,27,-1,5.5200000000038765,0.0,26,0
4172,178,32,-1,4.586666666670662,0.0,27,0
4172,179,27,-2,3.653333333337446,0.0,28,0
4172,180,22,2,2.7200000000042155,0.0,29,0
4172,181,26,-1,1.7866666666710007,0.0,30,0
4172,182,32,3,0.8533333333377848,0.0,31,0
4172,183,29,1,-0.14666666666211148,0.0,32,0
4172,184,30,-2,-1.1466666666619918,0.0,33,0
4172,185,25,-3,-2.146666666661875,0.0,34,0
4172,186,29,-3,-3.146666666661772,0.0,35,0
4172,187,22,-2,-4.146666666661668,0.0,36,0
4172,188,30,3,-5.146666666661579,0.0,37,0
