time_step,passenger_sequence,target_x,target_y,current_x,current_y,current_cell,state
4824,182,32,3,29.786666666670847,0.0,2,0
4824,183,29,1,28.4000000000043,0.0,4,0
4824,184,30,-2,26.10666666667114,0.0,6,0
4824,185,25,-3,24.533333333337957,0.0,7,2
4824,186,29,-3,23.440000000004748,0.0,9,1
4824,187,22,-2,21.22666666667157,0.0,11,1
4824,188,30,3,20.213333333338348,0.0,12,1
