time_step,passenger_sequence,target_x,target_y,current_x,current_y,current_cell,state
4177,158,28,1,26.373333333334593,0.0,6,0
4177,159,26,-3,24.240000000001434,0.0,8,0
4177,160,28,-1,23.14666666666826,0.0,9,0
4177,161,29,-2,22.213333333335065,0.0,10,0
4177,162,25,3,22.64000000000185,0.0,9,0
4177,163,27,3,20.34666666666873,0.0,12,0
4177,164,30,2,19.973333333335518,0.0,12,0
4177,165,30,1,19.040000000002326,0.0,13,0
4177,166,27,2,18.106666666669142,0.0,14,0
4177,167,30,-3,16.69333333333598,0.0,15,0
4177,168,24,-2,15.680000000002797,0.0,16,0
4177,169,23,-3,14.746666666669576,0.0,17,0
4177,170,28,2,13.81333333333636,0.0,18,0
4177,171,22,-3,11.520000000003142,0.0,20,0
4177,172,29,-1,10.666666666669942,0.0,21,0
4177,173,31,-2,9.733333333336725,0.0,22,0
4177,174,32,2,10.08000000000351,0.0,22,0
4177,175,32,1,9.14666666667031,0.0,23,0
4177,176,25,-1,6.853333333337093,0.0,25,0
4177,177,27,-1,5.920000000003877,0.0,26,0
4177,178,32,-1,4.986666666670662,0.0,27,0
4177,179,27,-2,4.053333333337446,0.0,28,0
4177,180,22,2,3.120000000004216,0.0,29,0
4177,181,26,-1,2.186666666671001,0.0,30,0
4177,182,32,3,1.253333333337785,0.0,31,0
4177,183,29,1,0.25333333333788854,0.0,32,0
4177,184,30,-2,-0.7466666666619919,0.0,33,0
4177,185,25,-3,-1.7466666666618744,0.0,34,0
4177,186,29,-3,-2.746666666661772,0.0,35,0
4177,187,22,-2,-3.7466666666616675,0.0,36,0
4177,188,30,3,-4.746666666661579,0.0,37,0
