time_step,passenger_sequence,target_x,target_y,current_x,current_y,current_cell,state
4276,161,29,-2,27.413333333334954,0.0,5,0
4276,163,27,3,24.18666666666865,0.0,8,0
4276,164,30,2,22.453333333335465,0.0,10,0
4276,165,30,1,21.520000000002273,0.0,10,0
4276,166,27,2,20.58666666666909,0.0,11,0
4276,167,30,-3,19.173333333335925,0.0,13,0
4276,168,24,-2,18.16000000000275,0.0,14,0
4276,169,23,-3,17.22666666666955,0.0,15,0
4276,170,28,2,16.293333333336356,0.0,16,0
4276,171,22,-3,15.360000000003145,0.0,17,0
4276,172,29,-1,14.506666666669945,0.0,17,0
4276,173,31,-2,13.573333333336729,0.0,18,0
4276,174,32,2,12.560000000003512,0.0,19,0
4276,175,32,1,11.626666666670312,0.0,20,0
4276,176,25,-1,10.693333333337096,0.0,21,0
4276,177,27,-1,8.400000000003878,0.0,24,0
4276,178,32,-1,7.4666666666706645,0.0,25,0
4276,179,27,-2,6.533333333337448,0.0,25,0
4276,180,22,2,6.960000000004219,0.0,25,0
4276,181,26,-1,6.026666666671004,0.0,26,0
4276,182,32,3,5.093333333337788,0.0,27,0
4276,183,29,1,2.8000000000045566,0.0,29,0
4276,184,30,-2,1.8666666666713418,0.0,30,0
4276,185,25,-3,0.9333333333381258,0.0,31,0
4276,186,29,-3,-0.06666666666177042,0.0,32,0
4276,187,22,-2,-1.0666666666616649,0.0,33,0
4276,188,30,3,-2.0666666666615763,0.0,34,0
