time_step,passenger_sequence,target_x,target_y,current_x,current_y,current_cell,state
4110,157,24,1,23.30666666666785,0.0,9,0
4110,158,28,1,22.373333333334678,0.0,10,0
4110,159,26,-3,20.24000000000152,0.0,12,0
4110,160,28,-1,19.146666666668345,0.0,13,0
4110,161,29,-2,18.21333333333515,0.0,14,0
4110,162,25,3,17.280000000001966,0.0,15,0
4110,163,27,3,16.346666666668817,0.0,16,0
4110,164,30,2,15.973333333335601,0.0,16,0
4110,165,30,1,15.040000000002392,0.0,17,0
4110,166,27,2,14.106666666669184,0.0,18,0
4110,167,30,-3,12.693333333335989,0.0,19,0
4110,168,24,-2,11.680000000002794,0.0,20,0
4110,169,23,-3,10.746666666669572,0.0,21,0
4110,170,28,2,9.813333333336356,0.0,22,0
4110,171,22,-3,7.520000000003139,0.0,24,0
4110,172,29,-1,6.666666666669939,0.0,25,0
4110,173,31,-2,5.733333333336723,0.0,26,0
4110,174,32,2,4.720000000003506,0.0,27,0
4110,175,32,1,5.146666666670307,0.0,27,0
4110,176,25,-1,2.85333333333709,0.0,29,0
4110,177,27,-1,1.9200000000038737,0.0,30,0
4110,178,32,-1,0.986666666670659,0.0,31,0
4110,179,27,-2,-0.013333333329222846,0.0,32,0
4110,180,22,2,-1.013333333329119,0.0,33,0
4110,181,26,-1,-2.013333333329,0.0,34,0
4110,182,32,3,-3.0133333333288834,0.0,35,0
4110,183,29,1,-4.013333333328781,0.0,36,0
4110,184,30,-2,-5.013333333328662,0.0,37,0
4110,185,25,-3,-6.013333333328545,0.0,38,0
4110,186,29,-3,-7.0133333333284416,0.0,39,0
4110,187,22,-2,-8.013333333328337,0.0,40,0
4110,188,30,3,-9.013333333328248,0.0,41,0
