time_step,passenger_sequence,target_x,target_y,current_x,current_y,current_cell,state
4872,184,30,-2,28.106666666671096,0.0,4,0
4872,186,29,-3,25.360000000004707,0.0,7,0
4872,188,30,3,20.773333333338336,0.0,11,0
