time_step,passenger_sequence,target_x,target_y,current_x,current_y,current_cell,state
4454,167,30,-3,26.613333333335767,0.0,5,0
4454,170,28,2,25.09333333333617,0.0,7,0
4454,172,29,-1,21.866666666669822,0.0,10,0
4454,173,31,-2,20.933333333336627,0.0,11,0
4454,174,32,2,19.92000000000343,0.0,12,0
4454,175,32,1,18.986666666670253,0.0,13,0
4454,176,25,-1,16.773333333337085,0.0,15,0
4454,177,27,-1,15.840000000003885,0.0,16,0
4454,178,32,-1,14.82666666667067,0.0,17,0
4454,179,27,-2,15.333333333337455,0.0,17,0
4454,180,22,2,14.320000000004224,0.0,18,0
4454,181,26,-1,12.026666666671009,0.0,20,0
4454,182,32,3,11.093333333337792,0.0,21,0
4454,183,29,1,8.80000000000456,0.0,23,0
4454,184,30,-2,7.866666666671347,0.0,24,0
4454,185,25,-3,8.373333333338131,0.0,24,0
4454,186,29,-3,7.360000000004901,0.0,25,0
4454,187,22,-2,5.066666666671671,0.0,27,0
4454,188,30,3,4.133333333338427,0.0,28,0
