time_step,passenger_sequence,target_x,target_y,current_x,current_y,current_cell,state
4013,151,28,-2,26.066666666667007,0.0,6,0
4013,152,24,-1,23.573333333333856,0.0,8,3
4013,153,26,1,25.280000000000616,0.0,7,0
4013,154,30,-1,23.386666666667452,0.0,9,0
4013,155,22,-1,21.57333333333429,0.0,499,3
4013,156,23,-2,20.000000000001126,0.0,12,0
4013,157,24,1,18.826666666667947,0.0,13,0
4013,158,28,1,17.893333333334773,0.0,14,0
4013,159,26,-3,17.120000000001586,0.0,15,0
4013,160,28,-1,16.02666666666841,0.0,16,0
4013,161,29,-2,15.093333333335195,0.0,17,0
4013,162,25,3,12.800000000001992,0.0,19,0
4013,163,27,3,11.86666666666882,0.0,20,0
4013,164,30,2,10.933333333335597,0.0,21,0
4013,165,30,1,10.000000000002387,0.0,22,0
4013,166,27,2,9.06666666666918,0.0,23,0
4013,167,30,-3,9.573333333335986,0.0,22,0
4013,168,24,-2,8.560000000002791,0.0,23,0
4013,169,23,-3,6.266666666669569,0.0,26,0
4013,170,28,2,6.693333333336354,0.0,25,0
4013,171,22,-3,4.4000000000031365,0.0,28,0
4013,172,29,-1,3.5466666666699362,0.0,28,0
4013,173,31,-2,2.6133333333367204,0.0,29,0
4013,174,32,2,1.600000000003504,0.0,30,0
4013,175,32,1,0.6666666666703039,0.0,31,0
4013,176,25,-1,-0.33333333332957815,0.0,32,0
4013,177,27,-1,-1.3333333333294604,0.0,33,0
4013,178,32,-1,-2.3333333333293416,0.0,34,0
4013,179,27,-2,-3.3333333333292248,0.0,35,0
4013,180,22,2,-4.333333333329122,0.0,36,0
4013,181,26,-1,-5.333333333329003,0.0,37,0
4013,182,32,3,-6.333333333328886,0.0,38,0
4013,183,29,1,-7.333333333328783,0.0,39,0
4013,184,30,-2,-8.333333333328664,0.0,40,0
4013,185,25,-3,-9.333333333328547,0.0,41,0
4013,186,29,-3,-10.333333333328444,0.0,42,0
4013,187,22,-2,-11.333333333328339,0.0,43,0
4013,188,30,3,-12.33333333332825,0.0,44,0
