time_step,passenger_sequence,target_x,target_y,current_x,current_y,current_cell,state
2967,131,30,-1,16.899999999997046,0.0,15,0
2967,132,17,1,15.666666666663646,0.0,16,0
2967,134,32,-1,13.399999999996856,0.0,19,0
2967,135,27,-1,10.766666666663472,0.0,21,0
2967,136,11,-1,9.833333333330083,0.0,22,0
2967,137,23,1,8.899999999996684,0.0,23,0
2967,138,12,1,9.666666666663287,0.0,22,0
2967,139,14,-1,7.033333333329898,0.0,25,0
2967,141,20,1,4.466666666663118,0.0,28,0
2967,142,32,1,3.533333333329716,0.0,28,0
2967,143,5,-1,2.59999999999632,0.0,29,0
2967,144,31,-1,1.6666666666629253,0.0,30,0
2967,145,4,-1,0.7333333333295223,0.0,31,0
2967,146,15,-1,-0.20000000000387305,0.0,32,0
2967,147,16,-1,-1.2000000000039408,0.0,33,0
2967,148,19,1,-2.2000000000039965,0.0,34,0
2967,149,7,-1,-3.2000000000040667,0.0,35,0
2967,150,13,1,-4.2000000000041275,0.0,36,0
2967,151,26,-1,-5.200000000004186,0.0,37,0
2967,152,2,-1,-6.200000000004245,0.0,38,0
2967,153,26,1,-7.200000000004302,0.0,39,0
2967,154,23,-1,-8.20000000000436,0.0,40,0
2967,155,31,1,-9.200000000004419,0.0,41,0
2967,156,12,-1,-10.200000000004476,0.0,42,0
2967,157,24,1,-11.200000000004534,0.0,43,0
2967,158,1,-1,-12.200000000004593,0.0,44,0
2967,159,16,1,-13.20000000000465,0.0,45,0
2967,160,25,1,-14.200000000004708,0.0,46,0
2967,161,5,1,-15.200000000004767,0.0,47,0
2967,162,19,-1,-16.200000000004827,0.0,48,0
2967,163,8,1,-17.200000000004902,0.0,49,0
2967,164,18,1,-18.200000000004977,0.0,50,0
2967,165,28,-1,-19.200000000005044,0.0,51,0
2967,166,9,-1,-20.20000000000512,0.0,52,0
2967,167,29,1,-21.200000000005193,0.0,53,0
2967,168,21,-1,-22.20000000000526,0.0,54,0
2967,169,29,-1,-23.200000000005335,0.0,55,0
2967,170,9,1,-24.20000000000541,0.0,56,0
2967,171,28,1,-25.200000000005485,0.0,57,0
2967,172,22,1,-26.200000000005552,0.0,58,0
2967,173,21,1,-27.200000000005627,0.0,59,0
2967,174,22,-1,-28.2000000000057,0.0,60,0
2967,175,18,-1,-29.20000000000577,0.0,61,0
2967,176,6,-1,-30.200000000005844,0.0,62,0
2967,177,30,1,-31.200000000005918,0.0,63,0
2967,178,17,-1,-32.200000000005986,0.0,64,0
2967,179,3,1,-33.200000000006064,0.0,65,0
2967,180,27,1,-34.20000000000614,0.0,66,0
2967,181,3,-1,-35.20000000000621,0.0,67,0
2967,182,14,1,-36.20000000000629,0.0,68,0
2967,183,10,-1,-37.20000000000636,0.0,69,0
2967,184,20,-1,-38.20000000000644,0.0,70,0
2967,185,25,-1,-39.20000000000651,0.0,71,0
2967,186,6,1,-40.20000000000659,0.0,72,0
2967,187,11,1,-41.20000000000666,0.0,73,0
2967,188,10,1,-42.20000000000673,0.0,74,0
