time_step,passenger_sequence,target_x,target_y,current_x,current_y,current_cell,state
3362,142,32,1,31.566666666663203,0.0,0,3
3362,144,31,-1,28.16666666666306,0.0,4,0
3362,148,19,1,15.933333333329298,0.0,16,0
3362,151,26,-1,11.633333333329121,0.0,20,0
3362,153,26,1,8.066666666662345,0.0,24,0
3362,154,23,-1,7.133333333328952,0.0,25,0
3362,155,31,1,6.19999999999556,0.0,26,0
3362,156,12,-1,5.26666666666217,0.0,27,0
3362,157,24,1,4.333333333328778,0.0,28,0
3362,159,16,1,0.7666666666619869,0.0,31,0
3362,160,25,1,-0.16666666667140848,0.0,32,0
3362,161,5,1,-1.1666666666714705,0.0,33,0
3362,162,19,-1,-2.166666666671532,0.0,34,0
3362,163,8,1,-3.166666666671595,0.0,35,0
3362,164,18,1,-4.166666666671658,0.0,36,0
3362,165,28,-1,-5.166666666671707,0.0,37,0
3362,166,9,-1,-6.166666666671766,0.0,38,0
3362,167,29,1,-7.166666666671825,0.0,39,0
3362,168,21,-1,-8.166666666671874,0.0,40,0
3362,169,29,-1,-9.166666666671933,0.0,41,0
3362,170,9,1,-10.166666666671992,0.0,42,0
3362,171,28,1,-11.166666666672048,0.0,43,0
3362,172,22,1,-12.1666666666721,0.0,44,0
3362,173,21,1,-13.166666666672159,0.0,45,0
3362,174,22,-1,-14.166666666672215,0.0,46,0
3362,175,18,-1,-15.166666666672267,0.0,47,0
3362,176,6,-1,-16.166666666672327,0.0,48,0
3362,177,30,1,-17.166666666672402,0.0,49,0
3362,178,17,-1,-18.16666666667247,0.0,50,0
3362,179,3,1,-19.166666666672544,0.0,51,0
3362,180,27,1,-20.16666666667262,0.0,52,0
3362,181,3,-1,-21.166666666672686,0.0,53,0
3362,182,14,1,-22.16666666667276,0.0,54,0
3362,183,10,-1,-23.16666666667283,0.0,55,0
3362,184,20,-1,-24.166666666672903,0.0,56,0
3362,185,25,-1,-25.16666666667297,0.0,57,0
3362,186,6,1,-26.166666666673045,0.0,58,0
3362,187,11,1,-27.166666666673112,0.0,59,0
3362,188,10,1,-28.16666666667318,0.0,60,0
