time_step,passenger_sequence,target_x,target_y,current_x,current_y,current_cell,state
3955,169,29,-1,25.833333333328152,0.0,6,0
3955,171,28,1,24.066666666661337,0.0,8,0
3955,173,21,1,20.3999999999945,0.0,12,0
3955,174,22,-1,19.466666666661094,0.0,13,0
3955,175,18,-1,17.53333333332768,0.0,14,2
3955,177,30,1,15.06666666666087,0.0,17,1
3955,178,17,-1,14.333333333327484,0.0,18,1
3955,180,27,1,12.466666666660702,0.0,20,1
3955,182,14,1,7.199999999993937,0.0,25,1
3955,183,10,-1,5.566666666660556,0.0,26,1
3955,184,20,-1,5.233333333327161,0.0,27,1
3955,185,25,-1,4.299999999993776,0.0,28,1
3955,186,6,1,2.7666666666603823,0.0,29,1
3955,187,11,1,1.8333333333269934,0.0,30,1
3955,188,10,1,0.8999999999936045,0.0,31,1
