time_step,passenger_sequence,target_x,target_y,current_x,current_y,current_cell,state
3187,141,20,1,16.86666666666309,0.0,15,0
3187,142,32,1,15.933333333329674,0.0,16,0
3187,144,31,-1,14.066666666662892,0.0,18,0
3187,146,15,-1,8.799999999996112,0.0,23,0
3187,147,16,-1,6.166666666662721,0.0,26,0
3187,148,19,1,5.233333333329336,0.0,27,0
3187,149,7,-1,4.299999999995936,0.0,28,0
3187,150,13,1,3.366666666662543,0.0,29,0
3187,151,26,-1,2.4333333333291467,0.0,30,0
3187,152,2,-1,1.4999999999957507,0.0,31,0
3187,153,26,1,0.5666666666623564,0.0,31,0
3187,154,23,-1,-0.43333333333770563,0.0,32,0
3187,155,31,1,-1.4333333333377678,0.0,33,0
3187,156,12,-1,-2.4333333333378295,0.0,34,0
3187,157,24,1,-3.4333333333378926,0.0,35,0
3187,158,1,-1,-4.433333333337954,0.0,36,0
3187,159,16,1,-5.433333333338011,0.0,37,0
3187,160,25,1,-6.433333333338069,0.0,38,0
3187,161,5,1,-7.433333333338128,0.0,39,0
3187,162,19,-1,-8.433333333338185,0.0,40,0
3187,163,8,1,-9.433333333338243,0.0,41,0
3187,164,18,1,-10.433333333338302,0.0,42,0
3187,165,28,-1,-11.433333333338352,0.0,43,0
3187,166,9,-1,-12.43333333333841,0.0,44,0
3187,167,29,1,-13.433333333338469,0.0,45,0
3187,168,21,-1,-14.433333333338519,0.0,46,0
3187,169,29,-1,-15.433333333338577,0.0,47,0
3187,170,9,1,-16.43333333333864,0.0,48,0
3187,171,28,1,-17.433333333338716,0.0,49,0
3187,172,22,1,-18.433333333338783,0.0,50,0
3187,173,21,1,-19.433333333338858,0.0,51,0
3187,174,22,-1,-20.433333333338933,0.0,52,0
3187,175,18,-1,-21.433333333339,0.0,53,0
3187,176,6,-1,-22.433333333339075,0.0,54,0
3187,177,30,1,-23.43333333333915,0.0,55,0
3187,178,17,-1,-24.433333333339217,0.0,56,0
3187,179,3,1,-25.43333333333929,0.0,57,0
3187,180,27,1,-26.433333333339366,0.0,58,0
3187,181,3,-1,-27.433333333339434,0.0,59,0
3187,182,14,1,-28.433333333339508,0.0,60,0
3187,183,10,-1,-29.433333333339576,0.0,61,0
3187,184,20,-1,-30.43333333333965,0.0,62,0
3187,185,25,-1,-31.433333333339718,0.0,63,0
3187,186,6,1,-32.433333333339796,0.0,64,0
3187,187,11,1,-33.43333333333987,0.0,65,0
3187,188,10,1,-34.43333333333994,0.0,66,0
