time_step,passenger_sequence,target_x,target_y,current_x,current_y,current_cell,state
3778,165,28,-1,16.766666666661596,0.0,15,0
3778,167,29,1,14.899999999994797,0.0,17,0
3778,168,21,-1,13.966666666661414,0.0,18,0
3778,169,29,-1,13.233333333328021,0.0,19,0
3778,171,28,1,9.766666666661244,0.0,22,0
3778,172,22,1,8.43333333332786,0.0,24,0
3778,173,21,1,8.399999999994465,0.0,24,0
3778,174,22,-1,7.466666666661075,0.0,25,0
3778,175,18,-1,5.933333333327692,0.0,26,0
3778,176,6,-1,4.9999999999943,0.0,27,0
3778,177,30,1,4.666666666660907,0.0,27,0
3778,178,17,-1,2.83333333332752,0.0,29,0
3778,179,3,1,1.899999999994124,0.0,30,0
3778,180,27,1,0.9666666666607292,0.0,31,0
3778,181,3,-1,0.03333333332734098,0.0,32,0
3778,182,14,1,-0.9666666666727209,0.0,33,0
3778,183,10,-1,-1.9666666666727752,0.0,34,0
3778,184,20,-1,-2.9666666666728383,0.0,35,0
3778,185,25,-1,-3.9666666666728942,0.0,36,0
3778,186,6,1,-4.9666666666729515,0.0,37,0
3778,187,11,1,-5.966666666673003,0.0,38,0
3778,188,10,1,-6.966666666673055,0.0,39,0
