time_step,passenger_sequence,target_x,target_y,current_x,current_y,current_cell,state
3884,165,28,-1,27.366666666661747,0.0,5,0
3884,167,29,1,25.499999999994927,0.0,7,0
3884,169,29,-1,22.1333333333281,0.0,10,0
3884,171,28,1,18.66666666666126,0.0,13,0
3884,172,22,1,19.033333333327878,0.0,13,0
3884,173,21,1,17.299999999994455,0.0,15,0
3884,174,22,-1,16.36666666666105,0.0,16,0
3884,175,18,-1,14.83333333332766,0.0,17,0
3884,177,30,1,11.866666666660882,0.0,20,0
3884,178,17,-1,10.0333333333275,0.0,22,0
3884,180,27,1,9.866666666660711,0.0,22,0
3884,182,14,1,4.599999999993946,0.0,27,0
3884,183,10,-1,2.96666666666056,0.0,29,0
3884,184,20,-1,2.033333333327164,0.0,30,0
3884,185,25,-1,1.099999999993775,0.0,31,0
3884,186,6,1,0.16666666666038113,0.0,32,0
3884,187,11,1,-0.8333333333396737,0.0,33,0
3884,188,10,1,-1.8333333333397293,0.0,34,0
