time_step,passenger_sequence,target_x,target_y,current_x,current_y,current_cell,state
3135,134,32,-1,26.799999999997,0.0,5,0
3135,135,27,-1,24.16666666666357,0.0,8,0
3135,137,23,1,22.099999999996744,0.0,10,0
3135,141,20,1,14.266666666663083,0.0,18,0
3135,142,32,1,15.033333333329677,0.0,17,0
3135,144,31,-1,13.166666666662895,0.0,19,0
3135,146,15,-1,7.8999999999961155,0.0,24,0
3135,147,16,-1,5.266666666662724,0.0,27,0
3135,148,19,1,4.333333333329339,0.0,28,0
3135,149,7,-1,3.399999999995937,0.0,29,0
3135,150,13,1,2.466666666662542,0.0,30,0
3135,151,26,-1,1.5333333333291461,0.0,30,0
3135,152,2,-1,0.5999999999957504,0.0,31,0
3135,153,26,1,-0.40000000000431024,0.0,32,0
3135,154,23,-1,-1.4000000000043724,0.0,33,0
3135,155,31,1,-2.4000000000044355,0.0,34,0
3135,156,12,-1,-3.400000000004497,0.0,35,0
3135,157,24,1,-4.4000000000045585,0.0,36,0
3135,158,1,-1,-5.400000000004617,0.0,37,0
3135,159,16,1,-6.400000000004674,0.0,38,0
3135,160,25,1,-7.400000000004733,0.0,39,0
3135,161,5,1,-8.400000000004791,0.0,40,0
3135,162,19,-1,-9.400000000004848,0.0,41,0
3135,163,8,1,-10.400000000004907,0.0,42,0
3135,164,18,1,-11.400000000004965,0.0,43,0
3135,165,28,-1,-12.400000000005015,0.0,44,0
3135,166,9,-1,-13.400000000005074,0.0,45,0
3135,167,29,1,-14.400000000005132,0.0,46,0
3135,168,21,-1,-15.400000000005182,0.0,47,0
3135,169,29,-1,-16.400000000005246,0.0,48,0
3135,170,9,1,-17.40000000000532,0.0,49,0
3135,171,28,1,-18.400000000005395,0.0,50,0
3135,172,22,1,-19.400000000005463,0.0,51,0
3135,173,21,1,-20.400000000005537,0.0,52,0
3135,174,22,-1,-21.400000000005612,0.0,53,0
3135,175,18,-1,-22.40000000000568,0.0,54,0
3135,176,6,-1,-23.400000000005754,0.0,55,0
3135,177,30,1,-24.40000000000583,0.0,56,0
3135,178,17,-1,-25.400000000005896,0.0,57,0
3135,179,3,1,-26.40000000000597,0.0,58,0
3135,180,27,1,-27.400000000006045,0.0,59,0
3135,181,3,-1,-28.400000000006113,0.0,60,0
3135,182,14,1,-29.400000000006187,0.0,61,0
3135,183,10,-1,-30.400000000006255,0.0,62,0
3135,184,20,-1,-31.40000000000633,0.0,63,0
3135,185,25,-1,-32.4000000000064,0.0,64,0
3135,186,6,1,-33.40000000000648,0.0,65,0
3135,187,11,1,-34.40000000000655,0.0,66,0
3135,188,10,1,-35.40000000000662,0.0,67,0
