time_step,passenger_sequence,target_x,target_y,current_x,current_y,current_cell,state
3366,144,31,-1,28.566666666663064,0.0,3,0
3366,148,19,1,16.333333333329303,0.0,16,0
3366,151,26,-1,12.03333333332912,0.0,20,0
3366,153,26,1,8.466666666662343,0.0,24,0
3366,154,23,-1,7.533333333328951,0.0,24,0
3366,155,31,1,6.599999999995559,0.0,25,0
3366,156,12,-1,5.666666666662168,0.0,26,0
3366,157,24,1,4.733333333328776,0.0,27,0
3366,159,16,1,1.166666666661987,0.0,31,0
3366,160,25,1,0.23333333332859155,0.0,32,0
3366,161,5,1,-0.7666666666714704,0.0,33,0
3366,162,19,-1,-1.7666666666715316,0.0,34,0
3366,163,8,1,-2.7666666666715947,0.0,35,0
3366,164,18,1,-3.7666666666716577,0.0,36,0
3366,165,28,-1,-4.766666666671709,0.0,37,0
3366,166,9,-1,-5.766666666671767,0.0,38,0
3366,167,29,1,-6.766666666671826,0.0,39,0
3366,168,21,-1,-7.766666666671876,0.0,40,0
3366,169,29,-1,-8.766666666671934,0.0,41,0
3366,170,9,1,-9.766666666671993,0.0,42,0
3366,171,28,1,-10.76666666667205,0.0,43,0
3366,172,22,1,-11.766666666672101,0.0,44,0
3366,173,21,1,-12.76666666667216,0.0,45,0
3366,174,22,-1,-13.766666666672217,0.0,46,0
3366,175,18,-1,-14.766666666672268,0.0,47,0
3366,176,6,-1,-15.766666666672327,0.0,48,0
3366,177,30,1,-16.766666666672396,0.0,49,0
3366,178,17,-1,-17.766666666672464,0.0,50,0
3366,179,3,1,-18.76666666667254,0.0,51,0
3366,180,27,1,-19.766666666672613,0.0,52,0
3366,181,3,-1,-20.76666666667268,0.0,53,0
3366,182,14,1,-21.766666666672755,0.0,54,0
3366,183,10,-1,-22.766666666672823,0.0,55,0
3366,184,20,-1,-23.766666666672897,0.0,56,0
3366,185,25,-1,-24.766666666672965,0.0,57,0
3366,186,6,1,-25.76666666667304,0.0,58,0
3366,187,11,1,-26.766666666673107,0.0,59,0
3366,188,10,1,-27.766666666673174,0.0,60,0
