time_step,passenger_sequence,target_x,target_y,current_x,current_y,current_cell,state
3834,165,28,-1,22.366666666661676,0.0,10,0
3834,167,29,1,20.499999999994856,0.0,12,0
3834,168,21,-1,19.566666666661458,0.0,12,0
3834,169,29,-1,18.833333333328053,0.0,13,0
3834,171,28,1,15.366666666661224,0.0,17,0
3834,172,22,1,14.03333333332784,0.0,18,0
3834,173,21,1,13.999999999994445,0.0,18,0
3834,174,22,-1,13.066666666661055,0.0,19,0
3834,175,18,-1,11.533333333327672,0.0,20,0
3834,177,30,1,8.566666666660893,0.0,23,0
3834,178,17,-1,6.733333333327511,0.0,25,0
3834,180,27,1,6.566666666660723,0.0,25,0
3834,181,3,-1,2.2333333333273417,0.0,30,0
3834,182,14,1,1.2999999999939458,0.0,31,0
3834,183,10,-1,0.3666666666605588,0.0,32,0
3834,184,20,-1,-0.6333333333395033,0.0,33,0
3834,185,25,-1,-1.6333333333395585,0.0,34,0
3834,186,6,1,-2.6333333333396203,0.0,35,0
3834,187,11,1,-3.6333333333396762,0.0,36,0
3834,188,10,1,-4.6333333333397295,0.0,37,0
