time_step,passenger_sequence,target_x,target_y,current_x,current_y,current_cell,state
3532,151,26,-1,25.233333333329238,0.0,7,0
3532,153,26,1,23.36666666666242,0.0,9,0
3532,154,23,-1,20.73333333332899,0.0,11,0
3532,155,31,1,19.799999999995578,0.0,12,0
3532,157,24,1,16.23333333332874,0.0,16,0
3532,159,16,1,12.666666666661959,0.0,19,0
3532,160,25,1,11.733333333328567,0.0,20,0
3532,162,19,-1,9.266666666661786,0.0,23,0
3532,163,8,1,7.533333333328397,0.0,24,2
3532,164,18,1,7.399999999995002,0.0,25,0
3532,165,28,-1,5.566666666661622,0.0,26,1
3532,166,9,-1,4.633333333328229,0.0,27,1
3532,167,29,1,3.699999999994836,0.0,28,1
3532,168,21,-1,2.766666666661448,0.0,29,1
3532,169,29,-1,1.8333333333280522,0.0,30,1
3532,170,9,1,0.8999999999946561,0.0,31,1
3532,171,28,1,-0.03333333333873781,0.0,32,1
3532,172,22,1,-1.0333333333387926,0.0,33,1
3532,173,21,1,-2.0333333333388555,0.0,34,1
3532,174,22,-1,-3.033333333338917,0.0,35,1
3532,175,18,-1,-4.033333333338973,0.0,36,1
3532,176,6,-1,-5.033333333339032,0.0,37,1
3532,177,30,1,-6.033333333339089,0.0,38,1
3532,178,17,-1,-7.03333333333914,0.0,39,1
3532,179,3,1,-8.033333333339199,0.0,40,1
3532,180,27,1,-9.033333333339256,0.0,41,1
3532,181,3,-1,-10.033333333339307,0.0,42,1
3532,182,14,1,-11.033333333339366,0.0,43,1
3532,183,10,-1,-12.033333333339415,0.0,44,1
3532,184,20,-1,-13.033333333339474,0.0,45,1
3532,185,25,-1,-14.033333333339526,0.0,46,1
3532,186,6,1,-15.033333333339582,0.0,47,1
3532,187,11,1,-16.033333333339634,0.0,48,1
3532,188,10,1,-17.0333333333397,0.0,49,1
