time_step,passenger_sequence,target_x,target_y,current_x,current_y,current_cell,state
3979,169,29,-1,28.233333333328186,0.0,4,0
3979,171,28,1,26.46666666666137,0.0,6,0
3979,174,22,-1,20.166666666661104,0.0,12,0
3979,177,30,1,15.666666666660868,0.0,16,0
3979,178,17,-1,14.933333333327482,0.0,17,0
3979,180,27,1,13.0666666666607,0.0,19,0
3979,182,14,1,7.7999999999939345,0.0,24,0
3979,183,10,-1,6.166666666660554,0.0,26,0
3979,184,20,-1,5.833333333327159,0.0,26,0
3979,185,25,-1,4.899999999993774,0.0,27,0
3979,186,6,1,3.366666666660383,0.0,29,0
3979,187,11,1,2.4333333333269938,0.0,30,0
3979,188,10,1,1.499999999993605,0.0,31,0
