time_step,passenger_sequence,target_x,target_y,current_x,current_y,current_cell,state
3493,151,26,-1,21.333333333329183,0.0,11,0
3493,153,26,1,19.466666666662366,0.0,13,0
3493,154,23,-1,16.833333333328934,0.0,15,0
3493,155,31,1,15.899999999995526,0.0,16,0
3493,157,24,1,12.33333333332875,0.0,20,0
3493,159,16,1,8.766666666661973,0.0,23,0
3493,160,25,1,7.83333333332858,0.0,24,0
3493,162,19,-1,5.3666666666618,0.0,27,0
3493,163,8,1,4.433333333328408,0.0,28,0
3493,164,18,1,3.4999999999950133,0.0,29,0
3493,165,28,-1,2.5666666666616256,0.0,29,0
3493,166,9,-1,1.6333333333282296,0.0,30,0
3493,167,29,1,0.6999999999948338,0.0,31,0
3493,168,21,-1,-0.23333333333855308,0.0,32,0
3493,169,29,-1,-1.2333333333386152,0.0,33,0
3493,170,9,1,-2.233333333338678,0.0,34,0
3493,171,28,1,-3.2333333333387397,0.0,35,0
3493,172,22,1,-4.233333333338795,0.0,36,0
3493,173,21,1,-5.233333333338853,0.0,37,0
3493,174,22,-1,-6.23333333333891,0.0,38,0
3493,175,18,-1,-7.233333333338962,0.0,39,0
3493,176,6,-1,-8.23333333333902,0.0,40,0
3493,177,30,1,-9.233333333339077,0.0,41,0
3493,178,17,-1,-10.233333333339129,0.0,42,0
3493,179,3,1,-11.233333333339187,0.0,43,0
3493,180,27,1,-12.233333333339244,0.0,44,0
3493,181,3,-1,-13.233333333339296,0.0,45,0
3493,182,14,1,-14.233333333339354,0.0,46,0
3493,183,10,-1,-15.233333333339404,0.0,47,0
3493,184,20,-1,-16.233333333339466,0.0,48,0
3493,185,25,-1,-17.233333333339534,0.0,49,0
3493,186,6,1,-18.23333333333961,0.0,50,0
3493,187,11,1,-19.233333333339676,0.0,51,0
3493,188,10,1,-20.233333333339743,0.0,52,0
