time_step,passenger_sequence,target_x,target_y,current_x,current_y,current_cell,state
3305,142,32,1,26.033333333329818,0.0,6,0
3305,144,31,-1,24.166666666663,0.0,8,0
3305,147,16,-1,14.566666666662691,0.0,17,0
3305,148,19,1,13.633333333329306,0.0,18,0
3305,150,13,1,11.366666666662518,0.0,21,0
3305,151,26,-1,10.433333333329125,0.0,22,0
3305,153,26,1,6.866666666662349,0.0,25,0
3305,154,23,-1,5.933333333328957,0.0,26,0
3305,155,31,1,4.999999999995564,0.0,27,0
3305,156,12,-1,4.066666666662174,0.0,28,0
3305,157,24,1,3.133333333328778,0.0,29,0
3305,158,1,-1,0.5999999999953809,0.0,31,2
3305,159,16,1,-0.5000000000046797,0.0,33,0
3305,160,25,1,-1.500000000004742,0.0,34,0
3305,161,5,1,-2.500000000004805,0.0,35,0
3305,162,19,-1,-3.5000000000048668,0.0,36,0
3305,163,8,1,-4.500000000004928,0.0,37,0
3305,164,18,1,-5.500000000004986,0.0,38,0
3305,165,28,-1,-6.500000000005036,0.0,39,0
3305,166,9,-1,-7.500000000005095,0.0,40,0
3305,167,29,1,-8.500000000005153,0.0,41,0
3305,168,21,-1,-9.500000000005203,0.0,42,0
3305,169,29,-1,-10.500000000005262,0.0,43,0
3305,170,9,1,-11.50000000000532,0.0,44,0
3305,171,28,1,-12.500000000005377,0.0,45,0
3305,172,22,1,-13.500000000005429,0.0,46,0
3305,173,21,1,-14.500000000005487,0.0,47,0
3305,174,22,-1,-15.500000000005544,0.0,48,0
3305,175,18,-1,-16.500000000005603,0.0,49,0
3305,176,6,-1,-17.500000000005677,0.0,50,0
3305,177,30,1,-18.500000000005752,0.0,51,0
3305,178,17,-1,-19.50000000000582,0.0,52,0
3305,179,3,1,-20.500000000005894,0.0,53,0
3305,180,27,1,-21.50000000000597,0.0,54,0
3305,181,3,-1,-22.500000000006036,0.0,55,0
3305,182,14,1,-23.50000000000611,0.0,56,0
3305,183,10,-1,-24.500000000006178,0.0,57,0
3305,184,20,-1,-25.500000000006253,0.0,58,0
3305,185,25,-1,-26.50000000000632,0.0,59,0
3305,186,6,1,-27.500000000006395,0.0,60,0
3305,187,11,1,-28.500000000006462,0.0,61,0
3305,188,10,1,-29.50000000000653,0.0,62,0
