time_step,passenger_sequence,target_x,target_y,current_x,current_y,current_cell,state
3117,134,32,-1,24.999999999996973,0.0,7,0
3117,135,27,-1,22.366666666663544,0.0,10,0
3117,137,23,1,20.299999999996718,0.0,12,0
3117,141,20,1,12.46666666666309,0.0,20,0
3117,142,32,1,13.233333333329684,0.0,19,0
3117,144,31,-1,11.366666666662901,0.0,21,0
3117,146,15,-1,6.099999999996122,0.0,26,0
3117,147,16,-1,3.4666666666627277,0.0,29,0
3117,148,19,1,2.5333333333293386,0.0,29,0
3117,149,7,-1,1.5999999999959356,0.0,30,0
3117,150,13,1,0.6666666666625412,0.0,31,0
3117,151,26,-1,-0.26666666667085426,0.0,32,0
3117,152,2,-1,-1.2666666666709163,0.0,33,0
3117,153,26,1,-2.266666666670978,0.0,34,0
3117,154,23,-1,-3.266666666671041,0.0,35,0
3117,155,31,1,-4.266666666671103,0.0,36,0
3117,156,12,-1,-5.26666666667116,0.0,37,0
3117,157,24,1,-6.2666666666712185,0.0,38,0
3117,158,1,-1,-7.266666666671277,0.0,39,0
3117,159,16,1,-8.266666666671334,0.0,40,0
3117,160,25,1,-9.266666666671393,0.0,41,0
3117,161,5,1,-10.266666666671451,0.0,42,0
3117,162,19,-1,-11.266666666671508,0.0,43,0
3117,163,8,1,-12.266666666671567,0.0,44,0
3117,164,18,1,-13.266666666671625,0.0,45,0
3117,165,28,-1,-14.266666666671675,0.0,46,0
3117,166,9,-1,-15.266666666671734,0.0,47,0
3117,167,29,1,-16.266666666671796,0.0,48,0
3117,168,21,-1,-17.266666666671863,0.0,49,0
3117,169,29,-1,-18.266666666671938,0.0,50,0
3117,170,9,1,-19.266666666672013,0.0,51,0
3117,171,28,1,-20.266666666672087,0.0,52,0
3117,172,22,1,-21.266666666672155,0.0,53,0
3117,173,21,1,-22.26666666667223,0.0,54,0
3117,174,22,-1,-23.266666666672304,0.0,55,0
3117,175,18,-1,-24.26666666667237,0.0,56,0
3117,176,6,-1,-25.266666666672446,0.0,57,0
3117,177,30,1,-26.26666666667252,0.0,58,0
3117,178,17,-1,-27.266666666672588,0.0,59,0
3117,179,3,1,-28.266666666672663,0.0,60,0
3117,180,27,1,-29.266666666672737,0.0,61,0
3117,181,3,-1,-30.266666666672805,0.0,62,0
3117,182,14,1,-31.26666666667288,0.0,63,0
3117,183,10,-1,-32.26666666667295,0.0,64,0
3117,184,20,-1,-33.266666666673025,0.0,65,0
3117,185,25,-1,-34.266666666673096,0.0,66,0
3117,186,6,1,-35.266666666673174,0.0,67,0
3117,187,11,1,-36.266666666673245,0.0,68,0
3117,188,10,1,-37.266666666673316,0.0,69,0
