time_step,passenger_sequence,target_x,target_y,current_x,current_y,current_cell,state
3486,151,26,-1,20.633333333329173,0.0,11,0
3486,153,26,1,18.766666666662356,0.0,13,0
3486,154,23,-1,16.133333333328924,0.0,16,0
3486,155,31,1,15.199999999995528,0.0,17,0
3486,157,24,1,11.633333333328752,0.0,20,0
3486,159,16,1,8.066666666661975,0.0,24,0
3486,160,25,1,7.133333333328583,0.0,25,0
3486,162,19,-1,4.666666666661802,0.0,27,0
3486,163,8,1,3.733333333328409,0.0,28,0
3486,164,18,1,2.7999999999950127,0.0,29,0
3486,165,28,-1,1.8666666666616252,0.0,30,0
3486,166,9,-1,0.9333333333282291,0.0,31,0
3486,167,29,1,-5.1662285560638566e-12,0.0,32,0
3486,168,21,-1,-1.0000000000052196,0.0,33,0
3486,169,29,-1,-2.0000000000052824,0.0,34,0
3486,170,9,1,-3.0000000000053455,0.0,35,0
3486,171,28,1,-4.000000000005407,0.0,36,0
3486,172,22,1,-5.000000000005459,0.0,37,0
3486,173,21,1,-6.000000000005517,0.0,38,0
3486,174,22,-1,-7.000000000005574,0.0,39,0
3486,175,18,-1,-8.000000000005626,0.0,40,0
3486,176,6,-1,-9.000000000005684,0.0,41,0
3486,177,30,1,-10.000000000005741,0.0,42,0
3486,178,17,-1,-11.000000000005793,0.0,43,0
3486,179,3,1,-12.000000000005851,0.0,44,0
3486,180,27,1,-13.000000000005908,0.0,45,0
3486,181,3,-1,-14.00000000000596,0.0,46,0
3486,182,14,1,-15.000000000006018,0.0,47,0
3486,183,10,-1,-16.000000000006068,0.0,48,0
3486,184,20,-1,-17.000000000006143,0.0,49,0
3486,185,25,-1,-18.00000000000621,0.0,50,0
3486,186,6,1,-19.000000000006285,0.0,51,0
3486,187,11,1,-20.000000000006352,0.0,52,0
3486,188,10,1,-21.00000000000642,0.0,53,0
