time_step,passenger_sequence,target_x,target_y,current_x,current_y,current_cell,state
3878,165,28,-1,26.766666666661738,0.0,5,0
3878,167,29,1,24.899999999994918,0.0,7,0
3878,169,29,-1,21.53333333332809,0.0,10,0
3878,171,28,1,18.066666666661252,0.0,14,0
3878,172,22,1,18.43333333332787,0.0,14,0
3878,173,21,1,16.699999999994446,0.0,15,0
3878,174,22,-1,15.766666666661045,0.0,16,0
3878,175,18,-1,14.233333333327662,0.0,18,0
3878,177,30,1,11.266666666660884,0.0,21,0
3878,178,17,-1,9.433333333327502,0.0,23,0
3878,180,27,1,9.266666666660713,0.0,23,0
3878,182,14,1,3.999999999993948,0.0,28,0
3878,183,10,-1,2.3666666666605596,0.0,30,0
3878,184,20,-1,1.4333333333271636,0.0,31,0
3878,185,25,-1,0.4999999999937751,0.0,32,0
3878,186,6,1,-0.5000000000062855,0.0,33,0
3878,187,11,1,-1.5000000000063407,0.0,34,0
3878,188,10,1,-2.5000000000063967,0.0,35,0
