time_step,passenger_sequence,target_x,target_y,current_x,current_y,current_cell,state
3128,134,32,-1,26.09999999999699,0.0,6,0
3128,135,27,-1,23.46666666666356,0.0,9,0
3128,137,23,1,21.399999999996734,0.0,11,0
3128,141,20,1,13.566666666663085,0.0,18,0
3128,142,32,1,14.33333333332968,0.0,18,0
3128,144,31,-1,12.466666666662897,0.0,20,0
3128,146,15,-1,7.199999999996118,0.0,25,0
3128,147,16,-1,4.5666666666627265,0.0,27,0
3128,148,19,1,3.6333333333293396,0.0,28,0
3128,149,7,-1,2.6999999999959363,0.0,29,0
3128,150,13,1,1.7666666666625417,0.0,30,0
3128,151,26,-1,0.8333333333291457,0.0,31,0
3128,152,2,-1,-0.10000000000424963,0.0,32,0
3128,153,26,1,-1.1000000000043102,0.0,33,0
3128,154,23,-1,-2.100000000004373,0.0,34,0
3128,155,31,1,-3.100000000004436,0.0,35,0
3128,156,12,-1,-4.100000000004497,0.0,36,0
3128,157,24,1,-5.100000000004556,0.0,37,0
3128,158,1,-1,-6.100000000004615,0.0,38,0
3128,159,16,1,-7.1000000000046715,0.0,39,0
3128,160,25,1,-8.10000000000473,0.0,40,0
3128,161,5,1,-9.100000000004789,0.0,41,0
3128,162,19,-1,-10.100000000004846,0.0,42,0
3128,163,8,1,-11.100000000004904,0.0,43,0
3128,164,18,1,-12.100000000004963,0.0,44,0
3128,165,28,-1,-13.100000000005013,0.0,45,0
3128,166,9,-1,-14.100000000005071,0.0,46,0
3128,167,29,1,-15.10000000000513,0.0,47,0
3128,168,21,-1,-16.10000000000518,0.0,48,0
3128,169,29,-1,-17.100000000005256,0.0,49,0
3128,170,9,1,-18.10000000000533,0.0,50,0
3128,171,28,1,-19.100000000005405,0.0,51,0
3128,172,22,1,-20.100000000005473,0.0,52,0
3128,173,21,1,-21.100000000005547,0.0,53,0
3128,174,22,-1,-22.100000000005622,0.0,54,0
3128,175,18,-1,-23.10000000000569,0.0,55,0
3128,176,6,-1,-24.100000000005764,0.0,56,0
3128,177,30,1,-25.10000000000584,0.0,57,0
3128,178,17,-1,-26.100000000005906,0.0,58,0
3128,179,3,1,-27.10000000000598,0.0,59,0
3128,180,27,1,-28.100000000006055,0.0,60,0
3128,181,3,-1,-29.100000000006123,0.0,61,0
3128,182,14,1,-30.100000000006197,0.0,62,0
3128,183,10,-1,-31.100000000006265,0.0,63,0
3128,184,20,-1,-32.10000000000634,0.0,64,0
3128,185,25,-1,-33.10000000000641,0.0,65,0
3128,186,6,1,-34.10000000000649,0.0,66,0
3128,187,11,1,-35.10000000000656,0.0,67,0
3128,188,10,1,-36.10000000000663,0.0,68,0
