time_step,passenger_sequence,target_x,target_y,current_x,current_y,current_cell,state
3616,155,31,1,24.399999999995643,0.0,8,0
3616,157,24,1,20.833333333328806,0.0,11,0
3616,159,16,1,15.566666666661948,0.0,16,3
3616,160,25,1,14.633333333328556,0.0,17,0
3616,162,19,-1,12.166666666661776,0.0,20,0
3616,164,18,1,10.299999999994991,0.0,22,0
3616,165,28,-1,8.266666666661612,0.0,24,0
3616,166,9,-1,7.33333333332822,0.0,25,0
3616,167,29,1,6.399999999994828,0.0,26,0
3616,168,21,-1,5.466666666661444,0.0,27,0
3616,169,29,-1,6.233333333328046,0.0,26,0
3616,170,9,1,3.9999999999946585,0.0,28,0
3616,171,28,1,3.0666666666612636,0.0,29,0
3616,172,22,1,1.7333333333278744,0.0,30,0
3616,173,21,1,0.7999999999944785,0.0,31,0
3616,174,22,-1,-0.13333333333891545,0.0,32,0
3616,175,18,-1,-1.1333333333389704,0.0,33,0
3616,176,6,-1,-2.133333333339033,0.0,34,0
3616,177,30,1,-3.133333333339095,0.0,35,0
3616,178,17,-1,-4.13333333333915,0.0,36,0
3616,179,3,1,-5.133333333339209,0.0,37,0
3616,180,27,1,-6.133333333339266,0.0,38,0
3616,181,3,-1,-7.133333333339317,0.0,39,0
3616,182,14,1,-8.133333333339376,0.0,40,0
3616,183,10,-1,-9.133333333339426,0.0,41,0
3616,184,20,-1,-10.133333333339484,0.0,42,0
3616,185,25,-1,-11.133333333339536,0.0,43,0
3616,186,6,1,-12.133333333339593,0.0,44,0
3616,187,11,1,-13.133333333339644,0.0,45,0
3616,188,10,1,-14.133333333339696,0.0,46,0
