time_step,passenger_sequence,target_x,target_y,current_x,current_y,current_cell,state
3137,134,32,-1,26.999999999997,0.0,5,0
3137,135,27,-1,24.366666666663573,0.0,8,0
3137,137,23,1,22.299999999996746,0.0,10,0
3137,141,20,1,14.466666666663082,0.0,18,0
3137,142,32,1,15.233333333329677,0.0,17,0
3137,144,31,-1,13.366666666662894,0.0,19,0
3137,146,15,-1,8.099999999996115,0.0,24,0
3137,147,16,-1,5.466666666662723,0.0,27,0
3137,148,19,1,4.533333333329338,0.0,27,0
3137,149,7,-1,3.599999999995937,0.0,28,0
3137,150,13,1,2.6666666666625423,0.0,29,0
3137,151,26,-1,1.7333333333291463,0.0,30,0
3137,152,2,-1,0.7999999999957503,0.0,31,0
3137,153,26,1,-0.13333333333764358,0.0,32,0
3137,154,23,-1,-1.1333333333377056,0.0,33,0
3137,155,31,1,-2.1333333333377684,0.0,34,0
3137,156,12,-1,-3.13333333333783,0.0,35,0
3137,157,24,1,-4.133333333337893,0.0,36,0
3137,158,1,-1,-5.133333333337951,0.0,37,0
3137,159,16,1,-6.133333333338008,0.0,38,0
3137,160,25,1,-7.133333333338067,0.0,39,0
3137,161,5,1,-8.133333333338125,0.0,40,0
3137,162,19,-1,-9.133333333338182,0.0,41,0
3137,163,8,1,-10.133333333338241,0.0,42,0
3137,164,18,1,-11.1333333333383,0.0,43,0
3137,165,28,-1,-12.13333333333835,0.0,44,0
3137,166,9,-1,-13.133333333338408,0.0,45,0
3137,167,29,1,-14.133333333338467,0.0,46,0
3137,168,21,-1,-15.133333333338516,0.0,47,0
3137,169,29,-1,-16.133333333338577,0.0,48,0
3137,170,9,1,-17.13333333333865,0.0,49,0
3137,171,28,1,-18.133333333338726,0.0,50,0
3137,172,22,1,-19.133333333338793,0.0,51,0
3137,173,21,1,-20.133333333338868,0.0,52,0
3137,174,22,-1,-21.133333333338943,0.0,53,0
3137,175,18,-1,-22.13333333333901,0.0,54,0
3137,176,6,-1,-23.133333333339085,0.0,55,0
3137,177,30,1,-24.13333333333916,0.0,56,0
3137,178,17,-1,-25.133333333339227,0.0,57,0
3137,179,3,1,-26.1333333333393,0.0,58,0
3137,180,27,1,-27.133333333339376,0.0,59,0
3137,181,3,-1,-28.133333333339444,0.0,60,0
3137,182,14,1,-29.133333333339518,0.0,61,0
3137,183,10,-1,-30.133333333339586,0.0,62,0
3137,184,20,-1,-31.13333333333966,0.0,63,0
3137,185,25,-1,-32.13333333333973,0.0,64,0
3137,186,6,1,-33.133333333339806,0.0,65,0
3137,187,11,1,-34.13333333333988,0.0,66,0
3137,188,10,1,-35.13333333333995,0.0,67,0
