time_step,passenger_sequence,target_x,target_y,current_x,current_y,current_cell,state
3923,167,29,1,27.699999999994958,0.0,4,0
3923,169,29,-1,24.33333333332813,0.0,8,0
3923,171,28,1,22.566666666661316,0.0,9,0
3923,172,22,1,21.23333333332791,0.0,11,0
3923,173,21,1,19.499999999994486,0.0,13,0
3923,174,22,-1,18.56666666666108,0.0,13,0
3923,175,18,-1,17.033333333327672,0.0,15,0
3923,177,30,1,14.066666666660874,0.0,18,0
3923,178,17,-1,13.933333333327486,0.0,18,0
3923,180,27,1,12.066666666660703,0.0,20,0
3923,182,14,1,6.799999999993938,0.0,25,0
3923,183,10,-1,5.166666666660557,0.0,27,0
3923,184,20,-1,4.233333333327165,0.0,28,0
3923,185,25,-1,3.299999999993777,0.0,29,0
3923,186,6,1,2.366666666660382,0.0,30,0
3923,187,11,1,1.433333333326993,0.0,31,0
3923,188,10,1,0.49999999999360456,0.0,32,0
