time_step,passenger_sequence,target_x,target_y,current_x,current_y,current_cell,state
3520,151,26,-1,24.03333333332922,0.0,8,0
3520,153,26,1,22.166666666662405,0.0,10,0
3520,154,23,-1,19.533333333328972,0.0,12,0
3520,155,31,1,18.59999999999556,0.0,13,0
3520,157,24,1,15.03333333332874,0.0,17,0
3520,159,16,1,11.466666666661963,0.0,21,0
3520,160,25,1,10.53333333332857,0.0,21,0
3520,162,19,-1,8.06666666666179,0.0,24,0
3520,163,8,1,7.133333333328398,0.0,25,0
3520,164,18,1,6.199999999995006,0.0,26,0
3520,165,28,-1,5.266666666661623,0.0,27,0
3520,166,9,-1,4.3333333333282305,0.0,28,0
3520,167,29,1,3.3999999999948356,0.0,29,0
3520,168,21,-1,2.466666666661448,0.0,30,0
3520,169,29,-1,1.5333333333280519,0.0,30,0
3520,170,9,1,0.5999999999946561,0.0,31,0
3520,171,28,1,-0.4000000000054045,0.0,32,0
3520,172,22,1,-1.4000000000054595,0.0,33,0
3520,173,21,1,-2.4000000000055226,0.0,34,0
3520,174,22,-1,-3.4000000000055843,0.0,35,0
3520,175,18,-1,-4.4000000000056385,0.0,36,0
3520,176,6,-1,-5.400000000005697,0.0,37,0
3520,177,30,1,-6.400000000005754,0.0,38,0
3520,178,17,-1,-7.4000000000058055,0.0,39,0
3520,179,3,1,-8.400000000005864,0.0,40,0
3520,180,27,1,-9.400000000005921,0.0,41,0
3520,181,3,-1,-10.400000000005972,0.0,42,0
3520,182,14,1,-11.400000000006031,0.0,43,0
3520,183,10,-1,-12.40000000000608,0.0,44,0
3520,184,20,-1,-13.40000000000614,0.0,45,0
3520,185,25,-1,-14.400000000006191,0.0,46,0
3520,186,6,1,-15.400000000006248,0.0,47,0
3520,187,11,1,-16.400000000006305,0.0,48,0
3520,188,10,1,-17.400000000006372,0.0,49,0
