time_step,passenger_sequence,target_x,target_y,current_x,current_y,current_cell,state
4189,180,27,1,25.566666666660826,0.0,6,0
4189,184,20,-1,14.933333333327127,0.0,17,0
4189,185,25,-1,13.999999999993742,0.0,18,0
4189,188,10,1,9.599999999993587,0.0,22,2
