time_step,passenger_sequence,target_x,target_y,current_x,current_y,current_cell,state
4103,177,30,1,22.966666666660966,0.0,9,0
4103,180,27,1,18.666666666660728,0.0,13,0
4103,182,14,1,13.599999999993914,0.0,18,2
4103,184,20,-1,8.133333333327151,0.0,24,1
4103,185,25,-1,7.199999999993766,0.0,25,1
4103,186,6,1,5.566666666660378,0.0,26,3
4103,187,11,1,4.533333333326993,0.0,27,1
4103,188,10,1,3.5999999999936065,0.0,28,1
