time_step,passenger_sequence,target_x,target_y,current_x,current_y,current_cell,state
4159,177,30,1,28.566666666661046,0.0,3,0
4159,180,27,1,24.266666666660807,0.0,8,0
4159,184,20,-1,13.633333333327132,0.0,18,0
4159,185,25,-1,12.699999999993747,0.0,19,0
4159,187,11,1,10.033333333326974,0.0,22,0
4159,188,10,1,9.099999999993589,0.0,23,0
