time_step,passenger_sequence,target_x,target_y,current_x,current_y,current_cell,state
4044,174,22,-1,21.566666666661124,0.0,10,3
4044,177,30,1,17.066666666660883,0.0,15,0
4044,178,17,-1,16.333333333327484,0.0,16,0
4044,180,27,1,14.466666666660695,0.0,18,0
4044,182,14,1,10.899999999993923,0.0,21,0
4044,183,10,-1,9.266666666660543,0.0,23,0
4044,184,20,-1,7.233333333327154,0.0,25,0
4044,185,25,-1,6.299999999993769,0.0,26,0
4044,186,6,1,4.766666666660381,0.0,27,0
4044,187,11,1,3.833333333326995,0.0,28,0
4044,188,10,1,2.899999999993606,0.0,29,0
