time_step,passenger_sequence,target_x,target_y,current_x,current_y,current_cell,state
4146,177,30,1,27.266666666661028,0.0,5,0
4146,180,27,1,22.96666666666079,0.0,9,0
4146,184,20,-1,12.333333333327136,0.0,20,0
4146,185,25,-1,11.399999999993751,0.0,21,0
4146,187,11,1,8.733333333326978,0.0,23,0
4146,188,10,1,7.799999999993593,0.0,24,0
