time_step,passenger_sequence,target_x,target_y,current_x,current_y,current_cell,state
3677,152,27,2,24.866666666662493,0.0,7,0
3677,153,28,2,23.933333333329085,0.0,8,0
3677,154,29,2,22.999999999995673,0.0,9,0
3677,155,30,2,20.366666666662244,0.0,12,0
3677,156,31,2,19.433333333328836,0.0,13,0
3677,157,32,2,18.49999999999543,0.0,14,0
3677,164,8,3,6.066666666661684,0.0,26,0
3677,165,9,3,5.133333333328292,0.0,27,0
3677,166,10,3,4.199999999994899,0.0,28,0
3677,167,11,3,3.2666666666615125,0.0,29,0
3677,168,12,3,2.3333333333281163,0.0,30,0
3677,169,13,3,1.3999999999947204,0.0,31,0
3677,170,14,3,0.46666666666132617,0.0,32,0
3677,171,15,3,-0.5333333333387288,0.0,33,0
3677,172,16,3,-1.533333333338791,0.0,34,0
3677,173,17,3,-2.533333333338853,0.0,35,0
3677,174,18,3,-3.533333333338916,0.0,36,0
3677,175,19,3,-4.53333333333897,0.0,37,0
3677,176,20,3,-5.533333333339026,0.0,38,0
3677,177,21,3,-6.533333333339085,0.0,39,0
3677,178,22,3,-7.533333333339137,0.0,40,0
3677,179,23,3,-8.533333333339193,0.0,41,0
3677,180,24,3,-9.533333333339252,0.0,42,0
3677,181,25,3,-10.533333333339304,0.0,43,0
3677,182,26,3,-11.53333333333936,0.0,44,0
3677,183,27,3,-12.533333333339412,0.0,45,0
3677,184,28,3,-13.53333333333947,0.0,46,0
3677,185,29,3,-14.53333333333952,0.0,47,0
3677,186,30,3,-15.533333333339579,0.0,48,0
3677,187,31,3,-16.533333333339638,0.0,49,0
3677,188,32,3,-17.533333333339712,0.0,50,0
