time_step,passenger_sequence,target_x,target_y,current_x,current_y,current_cell,state
3162,126,32,1,28.233333333330776,0.0,4,0
3162,137,12,2,9.86666666666329,0.0,22,0
3162,138,13,2,8.933333333329902,0.0,23,0
3162,139,14,2,7.9999999999965095,0.0,24,0
3162,140,15,2,7.066666666663119,0.0,25,0
3162,141,16,2,6.133333333329727,0.0,26,0
3162,142,17,2,5.199999999996335,0.0,27,0
3162,143,18,2,4.266666666662948,0.0,28,0
3162,144,19,2,3.3333333333295525,0.0,29,0
3162,145,20,2,2.3999999999961563,0.0,30,0
3162,146,21,2,1.4666666666627617,0.0,31,0
3162,147,22,2,0.533333333329366,0.0,31,0
3162,148,23,2,-0.4666666666706889,0.0,32,0
3162,149,24,2,-1.4666666666707497,0.0,33,0
3162,150,25,2,-2.466666666670813,0.0,34,0
3162,151,26,2,-3.466666666670876,0.0,35,0
3162,152,27,2,-4.466666666670928,0.0,36,0
3162,153,28,2,-5.466666666670987,0.0,37,0
3162,154,29,2,-6.4666666666710455,0.0,38,0
3162,155,30,2,-7.466666666671102,0.0,39,0
3162,156,31,2,-8.466666666671161,0.0,40,0
3162,157,32,2,-9.466666666671212,0.0,41,0
3162,158,2,3,-10.46666666667127,0.0,42,0
3162,159,3,3,-11.466666666671328,0.0,43,0
3162,160,4,3,-12.46666666667138,0.0,44,0
3162,161,5,3,-13.466666666671436,0.0,45,0
3162,162,6,3,-14.466666666671495,0.0,46,0
3162,163,7,3,-15.466666666671554,0.0,47,0
3162,164,8,3,-16.46666666667161,0.0,48,0
3162,165,9,3,-17.466666666671685,0.0,49,0
3162,166,10,3,-18.46666666667176,0.0,50,0
3162,167,11,3,-19.466666666671827,0.0,51,0
3162,168,12,3,-20.4666666666719,0.0,52,0
3162,169,13,3,-21.466666666671976,0.0,53,0
3162,170,14,3,-22.46666666667205,0.0,54,0
3162,171,15,3,-23.46666666667212,0.0,55,0
3162,172,16,3,-24.466666666672193,0.0,56,0
3162,173,17,3,-25.466666666672268,0.0,57,0
3162,174,18,3,-26.466666666672342,0.0,58,0
3162,175,19,3,-27.46666666667241,0.0,59,0
3162,176,20,3,-28.466666666672484,0.0,60,0
3162,177,21,3,-29.46666666667256,0.0,61,0
3162,178,22,3,-30.466666666672626,0.0,62,0
3162,179,23,3,-31.4666666666727,0.0,63,0
3162,180,24,3,-32.46666666667278,0.0,64,0
3162,181,25,3,-33.46666666667285,0.0,65,0
3162,182,26,3,-34.46666666667293,0.0,66,0
3162,183,27,3,-35.466666666673,0.0,67,0
3162,184,28,3,-36.46666666667308,0.0,68,0
3162,185,29,3,-37.46666666667315,0.0,69,0
3162,186,30,3,-38.46666666667323,0.0,70,0
3162,187,31,3,-39.4666666666733,0.0,71,0
3162,188,32,3,-40.466666666673376,0.0,72,0
