time_step,passenger_sequence,target_x,target_y,current_x,current_y,current_cell,state
3408,144,19,2,15.93333333332951,0.0,16,0
3408,145,20,2,16.699999999996123,0.0,15,0
3408,146,21,2,14.066666666662728,0.0,18,0
3408,147,22,2,14.83333333332933,0.0,17,0
3408,148,23,2,12.199999999995951,0.0,20,0
3408,149,24,2,12.966666666662555,0.0,19,0
3408,150,25,2,12.033333333329162,0.0,20,0
3408,151,26,2,9.399999999995776,0.0,23,0
3408,152,27,2,10.166666666662387,0.0,22,0
3408,153,28,2,7.533333333329001,0.0,24,0
3408,154,29,2,8.299999999995602,0.0,24,0
3408,155,30,2,5.666666666662218,0.0,26,0
3408,156,31,2,4.733333333328826,0.0,27,0
3408,157,32,2,3.79999999999544,0.0,28,0
3408,159,3,3,1.6333333333286488,0.0,30,0
3408,160,4,3,0.6999999999952601,0.0,31,0
3408,161,5,3,-0.23333333333813386,0.0,32,0
3408,162,6,3,-1.233333333338196,0.0,33,0
3408,163,7,3,-2.233333333338259,0.0,34,0
3408,164,8,3,-3.2333333333383134,0.0,35,0
3408,165,9,3,-4.233333333338376,0.0,36,0
3408,166,10,3,-5.233333333338434,0.0,37,0
3408,167,11,3,-6.233333333338484,0.0,38,0
3408,168,12,3,-7.233333333338543,0.0,39,0
3408,169,13,3,-8.233333333338601,0.0,40,0
3408,170,14,3,-9.233333333338658,0.0,41,0
3408,171,15,3,-10.23333333333871,0.0,42,0
3408,172,16,3,-11.233333333338768,0.0,43,0
3408,173,17,3,-12.233333333338825,0.0,44,0
3408,174,18,3,-13.233333333338884,0.0,45,0
3408,175,19,3,-14.233333333338935,0.0,46,0
3408,176,20,3,-15.233333333338992,0.0,47,0
3408,177,21,3,-16.233333333339054,0.0,48,0
3408,178,22,3,-17.23333333333912,0.0,49,0
3408,179,23,3,-18.233333333339196,0.0,50,0
3408,180,24,3,-19.23333333333927,0.0,51,0
3408,181,25,3,-20.23333333333934,0.0,52,0
3408,182,26,3,-21.233333333339413,0.0,53,0
3408,183,27,3,-22.23333333333948,0.0,54,0
3408,184,28,3,-23.233333333339555,0.0,55,0
3408,185,29,3,-24.233333333339623,0.0,56,0
3408,186,30,3,-25.233333333339697,0.0,57,0
3408,187,31,3,-26.233333333339765,0.0,58,0
3408,188,32,3,-27.23333333333984,0.0,59,0
