time_step,passenger_sequence,target_x,target_y,current_x,current_y,current_cell,state
3514,148,23,2,19.399999999995984,0.0,13,0
3514,149,24,2,18.46666666666258,0.0,14,0
3514,150,25,2,17.233333333329167,0.0,15,0
3514,151,26,2,14.599999999995758,0.0,17,0
3514,152,27,2,15.366666666662368,0.0,17,0
3514,153,28,2,12.733333333328982,0.0,19,0
3514,154,29,2,13.499999999995584,0.0,19,0
3514,155,30,2,10.8666666666622,0.0,21,0
3514,156,31,2,9.933333333328807,0.0,22,0
3514,157,32,2,8.999999999995422,0.0,23,0
3514,161,5,3,1.6666666666618666,0.0,30,0
3514,162,6,3,0.7333333333284707,0.0,31,0
3514,163,7,3,-0.20000000000492466,0.0,32,0
3514,164,8,3,-1.2000000000049782,0.0,33,0
3514,165,9,3,-2.200000000005041,0.0,34,0
3514,166,10,3,-3.200000000005104,0.0,35,0
3514,167,11,3,-4.200000000005158,0.0,36,0
3514,168,12,3,-5.2000000000052164,0.0,37,0
3514,169,13,3,-6.200000000005275,0.0,38,0
3514,170,14,3,-7.200000000005332,0.0,39,0
3514,171,15,3,-8.200000000005383,0.0,40,0
3514,172,16,3,-9.200000000005442,0.0,41,0
3514,173,17,3,-10.200000000005499,0.0,42,0
3514,174,18,3,-11.200000000005558,0.0,43,0
3514,175,19,3,-12.200000000005609,0.0,44,0
3514,176,20,3,-13.200000000005666,0.0,45,0
3514,177,21,3,-14.200000000005724,0.0,46,0
3514,178,22,3,-15.200000000005776,0.0,47,0
3514,179,23,3,-16.200000000005836,0.0,48,0
3514,180,24,3,-17.20000000000591,0.0,49,0
3514,181,25,3,-18.20000000000598,0.0,50,0
3514,182,26,3,-19.200000000006053,0.0,51,0
3514,183,27,3,-20.20000000000612,0.0,52,0
3514,184,28,3,-21.200000000006195,0.0,53,0
3514,185,29,3,-22.200000000006263,0.0,54,0
3514,186,30,3,-23.200000000006337,0.0,55,0
3514,187,31,3,-24.200000000006405,0.0,56,0
3514,188,32,3,-25.20000000000648,0.0,57,0
