time_step,passenger_sequence,target_x,target_y,current_x,current_y,current_cell,state
3455,145,20,2,19.599999999996164,0.0,499,3
3455,146,21,2,18.76666666666276,0.0,13,0
3455,147,22,2,17.53333333332935,0.0,14,0
3455,148,23,2,16.89999999999595,0.0,15,0
3455,149,24,2,15.966666666662544,0.0,16,0
3455,150,25,2,14.733333333329153,0.0,17,0
3455,151,26,2,12.099999999995767,0.0,20,0
3455,152,27,2,12.866666666662377,0.0,19,0
3455,153,28,2,10.233333333328991,0.0,22,0
3455,154,29,2,10.999999999995593,0.0,21,0
3455,155,30,2,8.366666666662208,0.0,24,0
3455,156,31,2,7.433333333328816,0.0,25,0
3455,157,32,2,6.499999999995431,0.0,26,0
3455,160,4,3,3.399999999995262,0.0,29,0
3455,161,5,3,0.7666666666618661,0.0,31,0
3455,162,6,3,-0.16666666667152927,0.0,32,0
3455,163,7,3,-1.1666666666715912,0.0,33,0
3455,164,8,3,-2.1666666666716456,0.0,34,0
3455,165,9,3,-3.1666666666717087,0.0,35,0
3455,166,10,3,-4.166666666671771,0.0,36,0
3455,167,11,3,-5.166666666671821,0.0,37,0
3455,168,12,3,-6.16666666667188,0.0,38,0
3455,169,13,3,-7.166666666671938,0.0,39,0
3455,170,14,3,-8.166666666671995,0.0,40,0
3455,171,15,3,-9.166666666672047,0.0,41,0
3455,172,16,3,-10.166666666672105,0.0,42,0
3455,173,17,3,-11.166666666672162,0.0,43,0
3455,174,18,3,-12.16666666667222,0.0,44,0
3455,175,19,3,-13.166666666672272,0.0,45,0
3455,176,20,3,-14.166666666672329,0.0,46,0
3455,177,21,3,-15.166666666672388,0.0,47,0
3455,178,22,3,-16.16666666667244,0.0,48,0
3455,179,23,3,-17.166666666672516,0.0,49,0
3455,180,24,3,-18.16666666667259,0.0,50,0
3455,181,25,3,-19.166666666672658,0.0,51,0
3455,182,26,3,-20.166666666672732,0.0,52,0
3455,183,27,3,-21.1666666666728,0.0,53,0
3455,184,28,3,-22.166666666672874,0.0,54,0
3455,185,29,3,-23.166666666672942,0.0,55,0
3455,186,30,3,-24.166666666673017,0.0,56,0
3455,187,31,3,-25.166666666673084,0.0,57,0
3455,188,32,3,-26.16666666667316,0.0,58,0
