time_step,passenger_sequence,target_x,target_y,current_x,current_y,current_cell,state
3619,150,25,2,24.333333333329268,0.0,8,0
3619,151,26,2,23.399999999995856,0.0,9,0
3619,152,27,2,22.46666666666246,0.0,10,0
3619,153,28,2,21.53333333332905,0.0,10,0
3619,154,29,2,20.59999999999564,0.0,11,0
3619,155,30,2,17.96666666666221,0.0,14,0
3619,156,31,2,17.0333333333288,0.0,15,0
3619,157,32,2,16.099999999995397,0.0,16,0
3619,163,7,3,6.5999999999950685,0.0,25,3
3619,164,8,3,3.6666666666616905,0.0,28,0
3619,165,9,3,2.7333333333282943,0.0,29,0
3619,166,10,3,1.7999999999948983,0.0,30,0
3619,167,11,3,0.8666666666615108,0.0,31,0
3619,168,12,3,-0.06666666667188453,0.0,32,0
3619,169,13,3,-1.0666666666719464,0.0,33,0
3619,170,14,3,-2.066666666672008,0.0,34,0
3619,171,15,3,-3.066666666672064,0.0,35,0
3619,172,16,3,-4.066666666672127,0.0,36,0
3619,173,17,3,-5.066666666672184,0.0,37,0
3619,174,18,3,-6.066666666672242,0.0,38,0
3619,175,19,3,-7.066666666672294,0.0,39,0
3619,176,20,3,-8.06666666667235,0.0,40,0
3619,177,21,3,-9.06666666667241,0.0,41,0
3619,178,22,3,-10.066666666672461,0.0,42,0
3619,179,23,3,-11.066666666672518,0.0,43,0
3619,180,24,3,-12.066666666672576,0.0,44,0
3619,181,25,3,-13.066666666672628,0.0,45,0
3619,182,26,3,-14.066666666672685,0.0,46,0
3619,183,27,3,-15.066666666672736,0.0,47,0
3619,184,28,3,-16.066666666672795,0.0,48,0
3619,185,29,3,-17.066666666672862,0.0,49,0
3619,186,30,3,-18.066666666672937,0.0,50,0
3619,187,31,3,-19.066666666673004,0.0,51,0
3619,188,32,3,-20.06666666667308,0.0,52,0
