time_step,passenger_sequence,target_x,target_y,current_x,current_y,current_cell,state
3161,126,32,1,28.133333333330775,0.0,4,0
3161,137,12,2,9.76666666666329,0.0,22,0
3161,138,13,2,8.833333333329902,0.0,23,0
3161,139,14,2,7.89999999999651,0.0,24,0
3161,140,15,2,6.966666666663119,0.0,25,0
3161,141,16,2,6.033333333329727,0.0,26,0
3161,142,17,2,5.099999999996335,0.0,27,0
3161,143,18,2,4.166666666662948,0.0,28,0
3161,144,19,2,3.2333333333295524,0.0,29,0
3161,145,20,2,2.2999999999961562,0.0,30,0
3161,146,21,2,1.3666666666627616,0.0,31,0
3161,147,22,2,0.4333333333293661,0.0,32,0
3161,148,23,2,-0.5666666666706889,0.0,33,0
3161,149,24,2,-1.5666666666707498,0.0,34,0
3161,150,25,2,-2.566666666670813,0.0,35,0
3161,151,26,2,-3.566666666670876,0.0,36,0
3161,152,27,2,-4.566666666670928,0.0,37,0
3161,153,28,2,-5.5666666666709865,0.0,38,0
3161,154,29,2,-6.566666666671045,0.0,39,0
3161,155,30,2,-7.566666666671102,0.0,40,0
3161,156,31,2,-8.56666666667116,0.0,41,0
3161,157,32,2,-9.566666666671212,0.0,42,0
3161,158,2,3,-10.566666666671269,0.0,43,0
3161,159,3,3,-11.566666666671328,0.0,44,0
3161,160,4,3,-12.566666666671379,0.0,45,0
3161,161,5,3,-13.566666666671436,0.0,46,0
3161,162,6,3,-14.566666666671495,0.0,47,0
3161,163,7,3,-15.566666666671553,0.0,48,0
3161,164,8,3,-16.566666666671612,0.0,49,0
3161,165,9,3,-17.566666666671686,0.0,50,0
3161,166,10,3,-18.56666666667176,0.0,51,0
3161,167,11,3,-19.56666666667183,0.0,52,0
3161,168,12,3,-20.566666666671903,0.0,53,0
3161,169,13,3,-21.566666666671978,0.0,54,0
3161,170,14,3,-22.566666666672052,0.0,55,0
3161,171,15,3,-23.56666666667212,0.0,56,0
3161,172,16,3,-24.566666666672194,0.0,57,0
3161,173,17,3,-25.56666666667227,0.0,58,0
3161,174,18,3,-26.566666666672344,0.0,59,0
3161,175,19,3,-27.56666666667241,0.0,60,0
3161,176,20,3,-28.566666666672486,0.0,61,0
3161,177,21,3,-29.56666666667256,0.0,62,0
3161,178,22,3,-30.566666666672628,0.0,63,0
3161,179,23,3,-31.566666666672702,0.0,64,0
3161,180,24,3,-32.56666666667278,0.0,65,0
3161,181,25,3,-33.56666666667285,0.0,66,0
3161,182,26,3,-34.56666666667293,0.0,67,0
3161,183,27,3,-35.566666666673,0.0,68,0
3161,184,28,3,-36.56666666667308,0.0,69,0
3161,185,29,3,-37.56666666667315,0.0,70,0
3161,186,30,3,-38.56666666667323,0.0,71,0
3161,187,31,3,-39.5666666666733,0.0,72,0
3161,188,32,3,-40.56666666667338,0.0,73,0
