time_step,passenger_sequence,target_x,target_y,current_x,current_y,current_cell,state
3199,138,13,2,10.833333333329895,0.0,21,0
3199,139,14,2,9.899999999996503,0.0,22,0
3199,140,15,2,8.966666666663112,0.0,23,0
3199,141,16,2,8.03333333332972,0.0,24,0
3199,142,17,2,7.099999999996328,0.0,25,0
3199,143,18,2,6.166666666662941,0.0,26,0
3199,144,19,2,5.233333333329549,0.0,27,0
3199,145,20,2,4.299999999996157,0.0,28,0
3199,146,21,2,3.366666666662763,0.0,29,0
3199,147,22,2,2.433333333329367,0.0,30,0
3199,148,23,2,1.499999999995978,0.0,31,0
3199,149,24,2,0.5666666666625838,0.0,31,0
3199,150,25,2,-0.43333333333747825,0.0,32,0
3199,151,26,2,-1.4333333333375404,0.0,33,0
3199,152,27,2,-2.433333333337595,0.0,34,0
3199,153,28,2,-3.433333333337658,0.0,35,0
3199,154,29,2,-4.433333333337719,0.0,36,0
3199,155,30,2,-5.433333333337776,0.0,37,0
3199,156,31,2,-6.433333333337835,0.0,38,0
3199,157,32,2,-7.433333333337886,0.0,39,0
3199,158,2,3,-8.433333333337943,0.0,40,0
3199,159,3,3,-9.433333333338002,0.0,41,0
3199,160,4,3,-10.433333333338053,0.0,42,0
3199,161,5,3,-11.43333333333811,0.0,43,0
3199,162,6,3,-12.433333333338169,0.0,44,0
3199,163,7,3,-13.433333333338227,0.0,45,0
3199,164,8,3,-14.433333333338277,0.0,46,0
3199,165,9,3,-15.433333333338336,0.0,47,0
3199,166,10,3,-16.4333333333384,0.0,48,0
3199,167,11,3,-17.433333333338467,0.0,49,0
3199,168,12,3,-18.433333333338542,0.0,50,0
3199,169,13,3,-19.433333333338616,0.0,51,0
3199,170,14,3,-20.43333333333869,0.0,52,0
3199,171,15,3,-21.43333333333876,0.0,53,0
3199,172,16,3,-22.433333333338833,0.0,54,0
3199,173,17,3,-23.433333333338908,0.0,55,0
3199,174,18,3,-24.433333333338982,0.0,56,0
3199,175,19,3,-25.43333333333905,0.0,57,0
3199,176,20,3,-26.433333333339124,0.0,58,0
3199,177,21,3,-27.4333333333392,0.0,59,0
3199,178,22,3,-28.433333333339267,0.0,60,0
3199,179,23,3,-29.43333333333934,0.0,61,0
3199,180,24,3,-30.433333333339416,0.0,62,0
3199,181,25,3,-31.433333333339483,0.0,63,0
3199,182,26,3,-32.43333333333956,0.0,64,0
3199,183,27,3,-33.43333333333963,0.0,65,0
3199,184,28,3,-34.43333333333971,0.0,66,0
3199,185,29,3,-35.43333333333978,0.0,67,0
3199,186,30,3,-36.43333333333986,0.0,68,0
3199,187,31,3,-37.43333333333993,0.0,69,0
3199,188,32,3,-38.43333333334001,0.0,70,0
