time_step,passenger_sequence,target_x,target_y,current_x,current_y,current_cell,state
3897,168,12,3,11.133333333328093,0.0,21,0
3897,169,13,3,10.1999999999947,0.0,22,0
3897,170,14,3,9.26666666666131,0.0,23,0
3897,171,15,3,8.333333333327925,0.0,24,0
3897,172,16,3,9.099999999994527,0.0,23,0
3897,173,17,3,7.2666666666611395,0.0,25,0
3897,174,18,3,6.333333333327747,0.0,26,0
3897,175,19,3,4.599999999994365,0.0,27,0
3897,176,20,3,5.366666666660969,0.0,27,0
3897,177,21,3,2.7333333333275767,0.0,29,0
3897,178,22,3,3.499999999994189,0.0,29,0
3897,179,23,3,0.8666666666607932,0.0,31,0
3897,180,24,3,-0.06666666667260218,0.0,32,0
3897,181,25,3,-1.066666666672657,0.0,33,0
3897,182,26,3,-2.0666666666727185,0.0,34,0
3897,183,27,3,-3.0666666666727744,0.0,35,0
3897,184,28,3,-4.0666666666728375,0.0,36,0
3897,185,29,3,-5.066666666672887,0.0,37,0
3897,186,30,3,-6.066666666672946,0.0,38,0
3897,187,31,3,-7.066666666672997,0.0,39,0
3897,188,32,3,-8.066666666673054,0.0,40,0
