time_step,passenger_sequence,target_x,target_y,current_x,current_y,current_cell,state
3106,124,30,1,27.899999999997554,0.0,4,0
3106,125,31,1,28.66666666666417,0.0,3,0
3106,126,32,1,26.033333333330745,0.0,6,0
3106,136,11,2,10.599999999996674,0.0,21,3
3106,137,12,2,7.666666666663298,0.0,24,0
3106,138,13,2,6.7333333333299095,0.0,25,0
3106,139,14,2,5.799999999996517,0.0,26,0
3106,140,15,2,4.866666666663127,0.0,27,0
3106,141,16,2,3.9333333333297342,0.0,28,0
3106,142,17,2,2.999999999996338,0.0,29,0
3106,143,18,2,2.0666666666629467,0.0,30,0
3106,144,19,2,1.1333333333295508,0.0,31,0
3106,145,20,2,0.1999999999961554,0.0,32,0
3106,146,21,2,-0.8000000000039051,0.0,33,0
3106,147,22,2,-1.8000000000039678,0.0,34,0
3106,148,23,2,-2.8000000000040237,0.0,35,0
3106,149,24,2,-3.8000000000040854,0.0,36,0
3106,150,25,2,-4.800000000004145,0.0,37,0
3106,151,26,2,-5.800000000004204,0.0,38,0
3106,152,27,2,-6.800000000004253,0.0,39,0
3106,153,28,2,-7.800000000004312,0.0,40,0
3106,154,29,2,-8.80000000000437,0.0,41,0
3106,155,30,2,-9.800000000004427,0.0,42,0
3106,156,31,2,-10.800000000004486,0.0,43,0
3106,157,32,2,-11.800000000004538,0.0,44,0
3106,158,2,3,-12.800000000004594,0.0,45,0
3106,159,3,3,-13.800000000004653,0.0,46,0
3106,160,4,3,-14.800000000004705,0.0,47,0
3106,161,5,3,-15.800000000004761,0.0,48,0
3106,162,6,3,-16.800000000004832,0.0,49,0
3106,163,7,3,-17.800000000004907,0.0,50,0
3106,164,8,3,-18.800000000004975,0.0,51,0
3106,165,9,3,-19.80000000000505,0.0,52,0
3106,166,10,3,-20.800000000005124,0.0,53,0
3106,167,11,3,-21.80000000000519,0.0,54,0
3106,168,12,3,-22.800000000005266,0.0,55,0
3106,169,13,3,-23.80000000000534,0.0,56,0
3106,170,14,3,-24.800000000005415,0.0,57,0
3106,171,15,3,-25.800000000005483,0.0,58,0
3106,172,16,3,-26.800000000005557,0.0,59,0
3106,173,17,3,-27.80000000000563,0.0,60,0
3106,174,18,3,-28.800000000005706,0.0,61,0
3106,175,19,3,-29.800000000005774,0.0,62,0
3106,176,20,3,-30.80000000000585,0.0,63,0
3106,177,21,3,-31.800000000005923,0.0,64,0
3106,178,22,3,-32.800000000005994,0.0,65,0
3106,179,23,3,-33.80000000000607,0.0,66,0
3106,180,24,3,-34.80000000000615,0.0,67,0
3106,181,25,3,-35.80000000000622,0.0,68,0
3106,182,26,3,-36.8000000000063,0.0,69,0
3106,183,27,3,-37.80000000000637,0.0,70,0
3106,184,28,3,-38.80000000000645,0.0,71,0
3106,185,29,3,-39.80000000000652,0.0,72,0
3106,186,30,3,-40.8000000000066,0.0,73,0
3106,187,31,3,-41.80000000000667,0.0,74,0
3106,188,32,3,-42.80000000000675,0.0,75,0
