time_step,passenger_sequence,target_x,target_y,current_x,current_y,current_cell,state
3174,126,32,1,30.03333333333079,0.0,2,0
3174,137,12,2,11.066666666663286,0.0,21,0
3174,138,13,2,10.133333333329897,0.0,22,0
3174,139,14,2,9.199999999996505,0.0,23,0
3174,140,15,2,8.266666666663115,0.0,24,0
3174,141,16,2,7.333333333329723,0.0,25,0
3174,142,17,2,6.39999999999633,0.0,26,0
3174,143,18,2,5.4666666666629435,0.0,27,0
3174,144,19,2,4.533333333329551,0.0,27,0
3174,145,20,2,3.5999999999961574,0.0,28,0
3174,146,21,2,2.6666666666627625,0.0,29,0
3174,147,22,2,1.7333333333293666,0.0,30,0
3174,148,23,2,0.7999999999959777,0.0,31,0
3174,149,24,2,-0.1333333333374162,0.0,32,0
3174,150,25,2,-1.1333333333374782,0.0,33,0
3174,151,26,2,-2.133333333337541,0.0,34,0
3174,152,27,2,-3.1333333333375957,0.0,35,0
3174,153,28,2,-4.133333333337658,0.0,36,0
3174,154,29,2,-5.133333333337717,0.0,37,0
3174,155,30,2,-6.133333333337774,0.0,38,0
3174,156,31,2,-7.133333333337832,0.0,39,0
3174,157,32,2,-8.133333333337884,0.0,40,0
3174,158,2,3,-9.13333333333794,0.0,41,0
3174,159,3,3,-10.133333333338,0.0,42,0
3174,160,4,3,-11.13333333333805,0.0,43,0
3174,161,5,3,-12.133333333338108,0.0,44,0
3174,162,6,3,-13.133333333338166,0.0,45,0
3174,163,7,3,-14.133333333338225,0.0,46,0
3174,164,8,3,-15.133333333338275,0.0,47,0
3174,165,9,3,-16.133333333338335,0.0,48,0
3174,166,10,3,-17.13333333333841,0.0,49,0
3174,167,11,3,-18.133333333338477,0.0,50,0
3174,168,12,3,-19.133333333338552,0.0,51,0
3174,169,13,3,-20.133333333338626,0.0,52,0
3174,170,14,3,-21.1333333333387,0.0,53,0
3174,171,15,3,-22.13333333333877,0.0,54,0
3174,172,16,3,-23.133333333338843,0.0,55,0
3174,173,17,3,-24.133333333338918,0.0,56,0
3174,174,18,3,-25.133333333338992,0.0,57,0
3174,175,19,3,-26.13333333333906,0.0,58,0
3174,176,20,3,-27.133333333339134,0.0,59,0
3174,177,21,3,-28.13333333333921,0.0,60,0
3174,178,22,3,-29.133333333339277,0.0,61,0
3174,179,23,3,-30.13333333333935,0.0,62,0
3174,180,24,3,-31.133333333339426,0.0,63,0
3174,181,25,3,-32.13333333333949,0.0,64,0
3174,182,26,3,-33.13333333333957,0.0,65,0
3174,183,27,3,-34.13333333333964,0.0,66,0
3174,184,28,3,-35.13333333333972,0.0,67,0
3174,185,29,3,-36.13333333333979,0.0,68,0
3174,186,30,3,-37.13333333333987,0.0,69,0
3174,187,31,3,-38.13333333333994,0.0,70,0
3174,188,32,3,-39.13333333334002,0.0,71,0
