time_step,passenger_sequence,target_x,target_y,current_x,current_y,current_cell,state
3478,146,21,2,20.566666666662787,0.0,11,2
3478,147,22,2,19.83333333332938,0.0,12,0
3478,148,23,2,18.599999999995973,0.0,13,1
3478,149,24,2,17.666666666662568,0.0,14,1
3478,150,25,2,16.433333333329156,0.0,16,1
3478,151,26,2,13.79999999999576,0.0,18,1
3478,152,27,2,14.566666666662371,0.0,17,1
3478,153,28,2,11.933333333328985,0.0,20,1
3478,154,29,2,12.699999999995587,0.0,19,1
3478,155,30,2,10.066666666662202,0.0,22,1
3478,156,31,2,9.13333333332881,0.0,23,1
3478,157,32,2,8.199999999995425,0.0,24,1
3478,161,5,3,0.8666666666618661,0.0,31,1
3478,162,6,3,-0.06666666667152926,0.0,32,1
3478,163,7,3,-1.0666666666715912,0.0,33,1
3478,164,8,3,-2.0666666666716456,0.0,34,1
3478,165,9,3,-3.0666666666717086,0.0,35,1
3478,166,10,3,-4.066666666671772,0.0,36,1
3478,167,11,3,-5.066666666671821,0.0,37,1
3478,168,12,3,-6.06666666667188,0.0,38,1
3478,169,13,3,-7.066666666671939,0.0,39,1
3478,170,14,3,-8.066666666671996,0.0,40,1
3478,171,15,3,-9.066666666672047,0.0,41,1
3478,172,16,3,-10.066666666672106,0.0,42,1
3478,173,17,3,-11.066666666672162,0.0,43,1
3478,174,18,3,-12.066666666672221,0.0,44,1
3478,175,19,3,-13.066666666672273,0.0,45,1
3478,176,20,3,-14.06666666667233,0.0,46,1
3478,177,21,3,-15.066666666672388,0.0,47,1
3478,178,22,3,-16.06666666667244,0.0,48,1
3478,179,23,3,-17.066666666672514,0.0,49,1
3478,180,24,3,-18.06666666667259,0.0,50,1
3478,181,25,3,-19.066666666672656,0.0,51,1
3478,182,26,3,-20.06666666667273,0.0,52,1
3478,183,27,3,-21.0666666666728,0.0,53,1
3478,184,28,3,-22.066666666672873,0.0,54,1
3478,185,29,3,-23.06666666667294,0.0,55,1
3478,186,30,3,-24.066666666673015,0.0,56,1
3478,187,31,3,-25.066666666673083,0.0,57,1
3478,188,32,3,-26.066666666673157,0.0,58,1
