time_step,passenger_sequence,target_x,target_y,current_x,current_y,current_cell,state
3721,153,28,2,26.633333333329123,0.0,5,0
3721,154,29,2,25.69999999999571,0.0,6,0
3721,155,30,2,23.066666666662282,0.0,9,0
3721,156,31,2,22.133333333328874,0.0,10,0
3721,157,32,2,21.19999999999547,0.0,11,0
3721,165,9,3,7.633333333328283,0.0,24,0
3721,166,10,3,6.6999999999948905,0.0,25,0
3721,167,11,3,5.766666666661507,0.0,26,0
3721,168,12,3,4.833333333328115,0.0,27,0
3721,169,13,3,3.8999999999947224,0.0,28,0
3721,170,14,3,2.9666666666613275,0.0,29,0
3721,171,15,3,2.0333333333279384,0.0,30,0
3721,172,16,3,1.0999999999945425,0.0,31,0
3721,173,17,3,0.16666666666114852,0.0,32,0
3721,174,18,3,-0.8333333333389135,0.0,33,0
3721,175,19,3,-1.833333333338969,0.0,34,0
3721,176,20,3,-2.8333333333390307,0.0,35,0
3721,177,21,3,-3.8333333333390938,0.0,36,0
3721,178,22,3,-4.833333333339146,0.0,37,0
3721,179,23,3,-5.833333333339203,0.0,38,0
3721,180,24,3,-6.833333333339262,0.0,39,0
3721,181,25,3,-7.833333333339313,0.0,40,0
3721,182,26,3,-8.83333333333937,0.0,41,0
3721,183,27,3,-9.833333333339422,0.0,42,0
3721,184,28,3,-10.83333333333948,0.0,43,0
3721,185,29,3,-11.83333333333953,0.0,44,0
3721,186,30,3,-12.833333333339588,0.0,45,0
3721,187,31,3,-13.83333333333964,0.0,46,0
3721,188,32,3,-14.833333333339697,0.0,47,0
