time_step,passenger_sequence,target_x,target_y,current_x,current_y,current_cell,state
3810,155,30,2,28.56666666666236,0.0,3,0
3810,156,31,2,27.633333333328952,0.0,4,0
3810,157,32,2,26.699999999995548,0.0,5,0
3810,167,11,3,9.266666666661495,0.0,23,0
3810,168,12,3,8.333333333328103,0.0,24,0
3810,169,13,3,7.39999999999471,0.0,25,0
3810,170,14,3,6.46666666666132,0.0,26,0
3810,171,15,3,5.533333333327935,0.0,26,0
3810,172,16,3,4.599999999994543,0.0,27,0
3810,173,17,3,3.6666666666611505,0.0,28,0
3810,174,18,3,2.7333333333277543,0.0,29,0
3810,175,19,3,1.7999999999943654,0.0,30,0
3810,176,20,3,0.8666666666609708,0.0,31,0
3810,177,21,3,-0.06666666667242455,0.0,32,0
3810,178,22,3,-1.0666666666724793,0.0,33,0
3810,179,23,3,-2.066666666672541,0.0,34,0
3810,180,24,3,-3.066666666672604,0.0,35,0
3810,181,25,3,-4.06666666667266,0.0,36,0
3810,182,26,3,-5.066666666672717,0.0,37,0
3810,183,27,3,-6.066666666672768,0.0,38,0
3810,184,28,3,-7.066666666672827,0.0,39,0
3810,185,29,3,-8.066666666672877,0.0,40,0
3810,186,30,3,-9.066666666672935,0.0,41,0
3810,187,31,3,-10.066666666672987,0.0,42,0
3810,188,32,3,-11.066666666673044,0.0,43,0
