time_step,passenger_sequence,target_x,target_y,current_x,current_y,current_cell,state
3456,146,21,2,18.866666666662763,0.0,13,0
3456,147,22,2,17.63333333332935,0.0,14,0
3456,148,23,2,16.99999999999595,0.0,15,0
3456,149,24,2,16.066666666662545,0.0,16,0
3456,150,25,2,14.833333333329152,0.0,17,0
3456,151,26,2,12.199999999995766,0.0,20,0
3456,152,27,2,12.966666666662377,0.0,19,0
3456,153,28,2,10.33333333332899,0.0,22,0
3456,154,29,2,11.099999999995593,0.0,21,0
3456,155,30,2,8.466666666662208,0.0,24,0
3456,156,31,2,7.533333333328816,0.0,24,0
3456,157,32,2,6.599999999995431,0.0,25,0
3456,160,4,3,3.499999999995262,0.0,29,0
3456,161,5,3,0.8666666666618661,0.0,31,0
3456,162,6,3,-0.06666666667152926,0.0,32,0
3456,163,7,3,-1.0666666666715912,0.0,33,0
3456,164,8,3,-2.0666666666716456,0.0,34,0
3456,165,9,3,-3.0666666666717086,0.0,35,0
3456,166,10,3,-4.066666666671772,0.0,36,0
3456,167,11,3,-5.066666666671821,0.0,37,0
3456,168,12,3,-6.06666666667188,0.0,38,0
3456,169,13,3,-7.066666666671939,0.0,39,0
3456,170,14,3,-8.066666666671996,0.0,40,0
3456,171,15,3,-9.066666666672047,0.0,41,0
3456,172,16,3,-10.066666666672106,0.0,42,0
3456,173,17,3,-11.066666666672162,0.0,43,0
3456,174,18,3,-12.066666666672221,0.0,44,0
3456,175,19,3,-13.066666666672273,0.0,45,0
3456,176,20,3,-14.06666666667233,0.0,46,0
3456,177,21,3,-15.066666666672388,0.0,47,0
3456,178,22,3,-16.06666666667244,0.0,48,0
3456,179,23,3,-17.066666666672514,0.0,49,0
3456,180,24,3,-18.06666666667259,0.0,50,0
3456,181,25,3,-19.066666666672656,0.0,51,0
3456,182,26,3,-20.06666666667273,0.0,52,0
3456,183,27,3,-21.0666666666728,0.0,53,0
3456,184,28,3,-22.066666666672873,0.0,54,0
3456,185,29,3,-23.06666666667294,0.0,55,0
3456,186,30,3,-24.066666666673015,0.0,56,0
3456,187,31,3,-25.066666666673083,0.0,57,0
3456,188,32,3,-26.066666666673157,0.0,58,0
