time_step,passenger_sequence,target_x,target_y,current_x,current_y,current_cell,state
3109,124,30,1,28.19999999999756,0.0,4,0
3109,125,31,1,29.166666666664174,0.0,3,0
3109,126,32,1,26.33333333333075,0.0,6,0
3109,137,12,2,7.966666666663297,0.0,24,0
3109,138,13,2,7.033333333329908,0.0,25,0
3109,139,14,2,6.099999999996516,0.0,26,0
3109,140,15,2,5.166666666663126,0.0,27,0
3109,141,16,2,4.233333333329734,0.0,28,0
3109,142,17,2,3.2999999999963383,0.0,29,0
3109,143,18,2,2.366666666662947,0.0,30,0
3109,144,19,2,1.433333333329551,0.0,31,0
3109,145,20,2,0.4999999999961554,0.0,32,0
3109,146,21,2,-0.5000000000039052,0.0,33,0
3109,147,22,2,-1.5000000000039675,0.0,34,0
3109,148,23,2,-2.5000000000040234,0.0,35,0
3109,149,24,2,-3.500000000004085,0.0,36,0
3109,150,25,2,-4.500000000004146,0.0,37,0
3109,151,26,2,-5.500000000004205,0.0,38,0
3109,152,27,2,-6.500000000004254,0.0,39,0
3109,153,28,2,-7.500000000004313,0.0,40,0
3109,154,29,2,-8.500000000004372,0.0,41,0
3109,155,30,2,-9.500000000004428,0.0,42,0
3109,156,31,2,-10.500000000004487,0.0,43,0
3109,157,32,2,-11.500000000004539,0.0,44,0
3109,158,2,3,-12.500000000004595,0.0,45,0
3109,159,3,3,-13.500000000004654,0.0,46,0
3109,160,4,3,-14.500000000004706,0.0,47,0
3109,161,5,3,-15.500000000004762,0.0,48,0
3109,162,6,3,-16.500000000004828,0.0,49,0
3109,163,7,3,-17.500000000004903,0.0,50,0
3109,164,8,3,-18.50000000000497,0.0,51,0
3109,165,9,3,-19.500000000005045,0.0,52,0
3109,166,10,3,-20.50000000000512,0.0,53,0
3109,167,11,3,-21.500000000005187,0.0,54,0
3109,168,12,3,-22.50000000000526,0.0,55,0
3109,169,13,3,-23.500000000005336,0.0,56,0
3109,170,14,3,-24.50000000000541,0.0,57,0
3109,171,15,3,-25.50000000000548,0.0,58,0
3109,172,16,3,-26.500000000005553,0.0,59,0
3109,173,17,3,-27.500000000005627,0.0,60,0
3109,174,18,3,-28.500000000005702,0.0,61,0
3109,175,19,3,-29.50000000000577,0.0,62,0
3109,176,20,3,-30.500000000005844,0.0,63,0
3109,177,21,3,-31.50000000000592,0.0,64,0
3109,178,22,3,-32.50000000000599,0.0,65,0
3109,179,23,3,-33.50000000000607,0.0,66,0
3109,180,24,3,-34.500000000006146,0.0,67,0
3109,181,25,3,-35.50000000000622,0.0,68,0
3109,182,26,3,-36.500000000006295,0.0,69,0
3109,183,27,3,-37.50000000000637,0.0,70,0
3109,184,28,3,-38.500000000006445,0.0,71,0
3109,185,29,3,-39.500000000006516,0.0,72,0
3109,186,30,3,-40.500000000006594,0.0,73,0
3109,187,31,3,-41.500000000006665,0.0,74,0
3109,188,32,3,-42.50000000000674,0.0,75,0
