time_step,passenger_sequence,target_x,target_y,current_x,current_y,current_cell,state
4348,182,26,3,22.56666666666067,0.0,9,0
4348,183,27,3,21.63333333332727,0.0,10,0
4348,184,28,3,20.89999999999386,0.0,11,0
4348,185,29,3,19.966666666660462,0.0,12,0
4348,186,30,3,18.83333333332705,0.0,13,0
4348,187,31,3,17.899999999993646,0.0,14,0
4348,188,32,3,15.26666666666023,0.0,17,0
