time_step,passenger_sequence,target_x,target_y,current_x,current_y,current_cell,state
4466,184,28,3,27.599999999993955,0.0,4,3
4466,185,29,3,26.666666666660557,0.0,5,0
4466,186,30,3,25.533333333327146,0.0,6,0
4466,187,31,3,24.59999999999374,0.0,7,0
4466,188,32,3,21.966666666660313,0.0,10,0
