time_step,passenger_sequence,target_x,target_y,current_x,current_y,current_cell,state
4467,184,28,3,27.599999999993955,0.0,499,3
4467,185,29,3,26.76666666666056,0.0,5,0
4467,186,30,3,25.633333333327148,0.0,6,0
4467,187,31,3,24.699999999993743,0.0,7,0
4467,188,32,3,22.066666666660314,0.0,10,0
