time_step,passenger_sequence,target_x,target_y,current_x,current_y,current_cell,state
4025,172,16,3,15.099999999994505,0.0,17,0
4025,173,17,3,13.266666666661118,0.0,19,0
4025,174,18,3,12.333333333327726,0.0,20,0
4025,175,19,3,12.299999999994338,0.0,20,0
4025,176,20,3,11.366666666660947,0.0,21,0
4025,177,21,3,10.433333333327555,0.0,22,0
4025,178,22,3,9.49999999999417,0.0,23,0
4025,179,23,3,8.56666666666078,0.0,23,0
4025,180,24,3,5.933333333327393,0.0,26,0
4025,181,25,3,6.699999999994002,0.0,25,0
4025,182,26,3,5.766666666660612,0.0,26,0
4025,183,27,3,3.133333333327229,0.0,29,0
4025,184,28,3,2.1999999999938327,0.0,30,0
4025,185,29,3,1.2666666666604451,0.0,31,0
4025,186,30,3,0.3333333333270497,0.0,32,0
4025,187,31,3,-0.6666666666730052,0.0,33,0
4025,188,32,3,-1.6666666666730663,0.0,34,0
