time_step,passenger_sequence,target_x,target_y,current_x,current_y,current_cell,state
4064,173,17,3,15.46666666666111,0.0,17,0
4064,174,18,3,16.233333333327717,0.0,16,0
4064,175,19,3,14.49999999999433,0.0,18,0
4064,176,20,3,13.56666666666094,0.0,18,0
4064,177,21,3,12.633333333327547,0.0,19,0
4064,178,22,3,11.699999999994162,0.0,20,0
4064,179,23,3,10.766666666660772,0.0,21,0
4064,180,24,3,9.83333333332738,0.0,22,0
4064,181,25,3,8.899999999993994,0.0,23,0
4064,182,26,3,7.966666666660604,0.0,24,0
4064,183,27,3,5.333333333327225,0.0,27,0
4064,184,28,3,4.399999999993833,0.0,28,0
4064,185,29,3,3.466666666660447,0.0,29,0
4064,186,30,3,2.5333333333270507,0.0,29,0
4064,187,31,3,1.5999999999936618,0.0,30,0
4064,188,32,3,0.6666666666602674,0.0,31,0
