time_step,passenger_sequence,target_x,target_y,current_x,current_y,current_cell,state
4447,184,28,3,27.399999999993952,0.0,5,0
4447,185,29,3,26.466666666660554,0.0,6,0
4447,186,30,3,25.333333333327143,0.0,7,0
4447,187,31,3,24.39999999999374,0.0,8,0
4447,188,32,3,21.76666666666031,0.0,10,0
