time_step,passenger_sequence,target_x,target_y,current_x,current_y,current_cell,state
4028,172,16,3,15.399999999994504,0.0,17,0
4028,173,17,3,13.566666666661117,0.0,18,0
4028,174,18,3,12.633333333327725,0.0,19,0
4028,175,19,3,12.599999999994337,0.0,19,0
4028,176,20,3,11.666666666660946,0.0,20,0
4028,177,21,3,10.733333333327554,0.0,21,0
4028,178,22,3,9.799999999994169,0.0,22,0
4028,179,23,3,8.866666666660779,0.0,23,0
4028,180,24,3,6.233333333327392,0.0,26,0
4028,181,25,3,6.999999999994001,0.0,25,0
4028,182,26,3,6.066666666660611,0.0,26,0
4028,183,27,3,3.433333333327229,0.0,29,0
4028,184,28,3,2.499999999993833,0.0,30,0
4028,185,29,3,1.5666666666604454,0.0,30,0
4028,186,30,3,0.6333333333270497,0.0,31,0
4028,187,31,3,-0.30000000000633864,0.0,32,0
4028,188,32,3,-1.3000000000063994,0.0,33,0
