time_step,passenger_sequence,target_x,target_y,current_x,current_y,current_cell,state
4511,186,30,3,28.333333333327186,0.0,4,0
4511,187,31,3,27.39999999999378,0.0,5,0
4511,188,32,3,24.766666666660353,0.0,7,0
