time_step,passenger_sequence,target_x,target_y,current_x,current_y,current_cell,state
4321,180,24,3,23.533333333327466,0.0,8,2
4321,181,25,3,24.199999999994084,0.0,8,0
4321,182,26,3,21.566666666660655,0.0,10,0
4321,183,27,3,20.633333333327254,0.0,11,0
4321,184,28,3,19.899999999993845,0.0,12,0
4321,185,29,3,18.966666666660448,0.0,13,0
4321,186,30,3,17.833333333327037,0.0,14,0
4321,187,31,3,16.899999999993632,0.0,15,0
4321,188,32,3,14.266666666660234,0.0,18,0
