time_step,passenger_sequence,target_x,target_y,current_x,current_y,current_cell,state
4292,180,24,3,22.233333333327447,0.0,10,0
4292,181,25,3,21.299999999994043,0.0,11,0
4292,182,26,3,20.366666666660638,0.0,12,0
4292,183,27,3,19.433333333327237,0.0,13,0
4292,184,28,3,18.69999999999383,0.0,13,0
4292,185,29,3,17.76666666666043,0.0,14,0
4292,186,30,3,16.63333333332702,0.0,15,0
4292,187,31,3,15.699999999993622,0.0,16,0
4292,188,32,3,13.066666666660238,0.0,19,0
