time_step,passenger_sequence,target_x,target_y,current_x,current_y,current_cell,state
4267,179,23,3,22.366666666660844,0.0,10,0
4267,180,24,3,21.433333333327436,0.0,11,0
4267,181,25,3,20.49999999999403,0.0,12,0
4267,182,26,3,19.566666666660627,0.0,12,0
4267,183,27,3,16.9333333333272,0.0,15,0
4267,184,28,3,17.899999999993817,0.0,14,0
4267,185,29,3,16.96666666666042,0.0,15,0
4267,186,30,3,15.83333333332701,0.0,16,0
4267,187,31,3,14.899999999993625,0.0,17,0
4267,188,32,3,12.26666666666024,0.0,20,0
