time_step,passenger_sequence,target_x,target_y,current_x,current_y,current_cell,state
4343,181,25,3,24.59999999999409,0.0,499,3
4343,182,26,3,22.066666666660662,0.0,10,0
4343,183,27,3,21.13333333332726,0.0,11,0
4343,184,28,3,20.399999999993852,0.0,12,0
4343,185,29,3,19.466666666660455,0.0,13,0
4343,186,30,3,18.333333333327044,0.0,14,0
4343,187,31,3,17.39999999999364,0.0,15,0
4343,188,32,3,14.766666666660232,0.0,17,0
