time_step,passenger_sequence,target_x,target_y,current_x,current_y,current_cell,state
4100,175,19,3,16.39999999999433,0.0,16,0
4100,176,20,3,15.266666666660933,0.0,17,0
4100,177,21,3,14.333333333327541,0.0,18,0
4100,178,22,3,13.399999999994156,0.0,19,0
4100,179,23,3,12.466666666660766,0.0,20,0
4100,180,24,3,11.533333333327374,0.0,20,0
4100,181,25,3,10.599999999993988,0.0,21,0
4100,182,26,3,9.666666666660598,0.0,22,0
4100,183,27,3,7.033333333327219,0.0,25,0
4100,184,28,3,6.299999999993826,0.0,26,0
4100,185,29,3,5.366666666660443,0.0,27,0
4100,186,30,3,4.233333333327051,0.0,28,0
4100,187,31,3,3.299999999993663,0.0,29,0
4100,188,32,3,2.3666666666602683,0.0,30,0
