time_step,passenger_sequence,target_x,target_y,current_x,current_y,current_cell,state
4030,172,16,3,15.599999999994504,0.0,16,2
4030,173,17,3,13.666666666661117,0.0,18,1
4030,174,18,3,12.833333333327724,0.0,19,0
4030,175,19,3,12.699999999994336,0.0,19,1
4030,176,20,3,11.766666666660946,0.0,20,1
4030,177,21,3,10.833333333327554,0.0,21,1
4030,178,22,3,9.899999999994169,0.0,22,1
4030,179,23,3,8.966666666660778,0.0,23,1
4030,180,24,3,6.433333333327392,0.0,26,0
4030,181,25,3,7.099999999994001,0.0,25,1
4030,182,26,3,6.1666666666606105,0.0,26,1
4030,183,27,3,3.533333333327229,0.0,28,1
4030,184,28,3,2.599999999993833,0.0,29,1
4030,185,29,3,1.6666666666604455,0.0,30,1
4030,186,30,3,0.7333333333270496,0.0,31,1
4030,187,31,3,-0.20000000000633864,0.0,32,1
4030,188,32,3,-1.2000000000063993,0.0,33,1
