time_step,passenger_sequence,target_x,target_y,current_x,current_y,current_cell,state
4368,182,26,3,24.566666666660698,0.0,7,0
4368,183,27,3,23.633333333327297,0.0,8,0
4368,184,28,3,22.899999999993888,0.0,9,0
4368,185,29,3,21.96666666666049,0.0,10,0
4368,186,30,3,20.83333333332708,0.0,11,0
4368,187,31,3,19.899999999993675,0.0,12,0
4368,188,32,3,17.266666666660246,0.0,15,0
