time_step,passenger_sequence,target_x,target_y,current_x,current_y,current_cell,state
4517,186,30,3,29.133333333327194,0.0,3,0
4517,187,31,3,27.99999999999379,0.0,4,0
4517,188,32,3,25.36666666666036,0.0,7,0
