time_step,passenger_sequence,target_x,target_y,current_x,current_y,current_cell,state
4303,180,24,3,23.333333333327463,0.0,9,0
4303,181,25,3,22.39999999999406,0.0,10,0
4303,182,26,3,21.466666666660654,0.0,11,0
4303,183,27,3,20.533333333327253,0.0,11,0
4303,184,28,3,19.799999999993844,0.0,12,0
4303,185,29,3,18.866666666660446,0.0,13,0
4303,186,30,3,17.733333333327035,0.0,14,0
4303,187,31,3,16.79999999999363,0.0,15,0
4303,188,32,3,14.166666666660234,0.0,18,0
