time_step,passenger_sequence,target_x,target_y,current_x,current_y,current_cell,state
4254,179,23,3,21.066666666660826,0.0,11,0
4254,180,24,3,20.133333333327418,0.0,12,0
4254,181,25,3,19.199999999994013,0.0,13,0
4254,182,26,3,18.26666666666061,0.0,14,0
4254,183,27,3,15.633333333327188,0.0,16,0
4254,184,28,3,16.5999999999938,0.0,15,0
4254,185,29,3,15.666666666660406,0.0,16,0
4254,186,30,3,14.533333333327015,0.0,17,0
4254,187,31,3,13.59999999999363,0.0,18,0
4254,188,32,3,10.966666666660245,0.0,21,0
