time_step,passenger_sequence,target_x,target_y,current_x,current_y,current_cell,state
4205,178,22,3,20.49999999999421,0.0,12,0
4205,179,23,3,17.86666666666078,0.0,14,0
4205,180,24,3,16.933333333327372,0.0,15,0
4205,181,25,3,15.99999999999397,0.0,16,0
4205,182,26,3,15.066666666660579,0.0,17,0
4205,183,27,3,12.4333333333272,0.0,20,0
4205,184,28,3,13.3999999999938,0.0,19,0
4205,185,29,3,10.766666666660424,0.0,21,0
4205,186,30,3,11.333333333327026,0.0,21,0
4205,187,31,3,10.399999999993641,0.0,22,0
4205,188,32,3,7.766666666660257,0.0,24,0
