time_step,passenger_sequence,target_x,target_y,current_x,current_y,current_cell,state
4429,183,27,3,26.533333333327338,0.0,5,2
4429,184,28,3,25.699999999993928,0.0,6,1
4429,185,29,3,24.76666666666053,0.0,7,1
4429,186,30,3,23.63333333332712,0.0,8,1
4429,187,31,3,22.699999999993715,0.0,9,1
4429,188,32,3,20.066666666660286,0.0,12,1
