time_step,passenger_sequence,target_x,target_y,current_x,current_y,current_cell,state
4514,186,30,3,28.63333333332719,0.0,3,0
4514,187,31,3,27.699999999993786,0.0,4,0
4514,188,32,3,25.066666666660357,0.0,7,0
