time_step,passenger_sequence,target_x,target_y,current_x,current_y,current_cell,state
4141,176,20,3,17.666666666660955,0.0,14,0
4141,177,21,3,16.733333333327547,0.0,15,0
4141,178,22,3,17.499999999994166,0.0,15,0
4141,179,23,3,14.866666666660757,0.0,17,0
4141,180,24,3,13.933333333327365,0.0,18,0
4141,181,25,3,12.99999999999398,0.0,19,0
4141,182,26,3,12.06666666666059,0.0,20,0
4141,183,27,3,9.43333333332721,0.0,23,0
4141,184,28,3,8.699999999993818,0.0,23,0
4141,185,29,3,7.766666666660434,0.0,24,0
4141,186,30,3,6.633333333327043,0.0,25,0
4141,187,31,3,5.699999999993658,0.0,26,0
4141,188,32,3,4.766666666660267,0.0,27,0
