time_step,passenger_sequence,target_x,target_y,current_x,current_y,current_cell,state
4102,175,19,3,16.59999999999433,0.0,15,0
4102,176,20,3,15.466666666660933,0.0,17,0
4102,177,21,3,14.53333333332754,0.0,17,0
4102,178,22,3,13.599999999994155,0.0,18,0
4102,179,23,3,12.666666666660765,0.0,19,0
4102,180,24,3,11.733333333327373,0.0,20,0
4102,181,25,3,10.799999999993988,0.0,21,0
4102,182,26,3,9.866666666660597,0.0,22,0
4102,183,27,3,7.233333333327218,0.0,25,0
4102,184,28,3,6.499999999993825,0.0,26,0
4102,185,29,3,5.566666666660442,0.0,26,0
4102,186,30,3,4.433333333327051,0.0,28,0
4102,187,31,3,3.4999999999936633,0.0,29,0
4102,188,32,3,2.5666666666602684,0.0,29,0
