time_step,passenger_sequence,target_x,target_y,current_x,current_y,current_cell,state
4519,186,30,3,29.46666666666053,0.0,3,0
4519,187,31,3,28.199999999993793,0.0,4,0
4519,188,32,3,25.566666666660364,0.0,6,0
