time_step,passenger_sequence,target_x,target_y,current_x,current_y,current_cell,state
168,11,2,4,1.5999999999999999,3,{L},2
168,12,1,9,0,3.933333333333332,{L},0
168,13,1,8,0,0.666666666666662,{L},0
168,14,1,6,0,-1.5333333333333419,{L},0
168,15,1,1,0,-3.8666666666666805,{L},0
168,16,1,2,0,-5.733333333333355,{L},0
168,17,1,4,0,-7.333333333333363,{L},0
