time_step,passenger_sequence,target_x,target_y,current_x,current_y,current_cell,state
141,7,2,8,1.5999999999999999,7,{L},2
141,8,2,6,0.8,7,{L},0
141,9,2,1,1.5999999999999999,3,{L},2
141,10,2,2,0,2.3333333333333375,{L},0
141,11,2,4,0,-0.46666666666666495,{L},0
141,12,1,9,0,-2.533333333333334,{L},0
141,13,1,8,0,-4.466666666666674,{L},0
141,14,1,6,0,-6.133333333333349,{L},0
141,15,1,1,0,-7.800000000000024,{L},0
141,16,1,2,0,-9.333333333333357,{L},0
141,17,1,4,0,-10.933333333333355,{L},0
