time_step,passenger_sequence,target_x,target_y,current_x,current_y,current_cell,state
225,14,1,6,0,4.133333333333324,{L},0
225,15,1,1,0,0.7333333333333205,{L},0
225,16,1,2,0,-1.3333333333333504,{L},0
225,17,1,4,0,-3.6666666666666883,{L},0
