time_step,passenger_sequence,target_x,target_y,current_x,current_y,current_cell,state
1,0,3,9,0,0.26666666666666666,{L},0
1,1,3,8,0,-0.8,{L},0
1,2,3,6,0,-1.8666666666666667,{L},0
1,3,3,1,0,-2.933333333333333,{L},0
1,4,3,2,0,-4.0,{L},0
1,5,3,4,0,-5.0,{L},0
1,6,2,9,0,-6.0,{L},0
1,7,2,8,0,-7.0,{L},0
1,8,2,6,0,-8.0,{L},0
1,9,2,1,0,-9.0,{L},0
1,10,2,2,0,-10.0,{L},0
1,11,2,4,0,-11.0,{L},0
1,12,1,9,0,-12.0,{L},0
1,13,1,8,0,-13.0,{L},0
1,14,1,6,0,-14.0,{L},0
1,15,1,1,0,-15.0,{L},0
1,16,1,2,0,-16.0,{L},0
1,17,1,4,0,-17.0,{L},0
