time_step,passenger_sequence,target_x,target_y,current_x,current_y,current_cell,state
147,7,2,8,1.5999999999999999,7,{L},2
147,8,2,6,1.5999999999999999,7,{L},2
147,9,2,1,1.5999999999999999,3,{L},2
147,10,2,2,1.3333333333333333,3,{L},0
147,11,2,4,0,1.1333333333333349,{L},0
147,12,1,9,0,-1.333333333333334,{L},0
147,13,1,8,0,-3.466666666666672,{L},0
147,14,1,6,0,-5.333333333333346,{L},0
147,15,1,1,0,-7.000000000000021,{L},0
147,16,1,2,0,-8.53333333333336,{L},0
147,17,1,4,0,-10.133333333333358,{L},0
