time_step,passenger_sequence,target_x,target_y,current_x,current_y,current_cell,state
1486,86,16,6,13.866666666666635,7,{L},0
1486,87,15,6,11.466666666666642,7,{L},0
1486,88,14,6,10.599999999999978,7,{L},0
1486,89,17,4,12.333333333333306,3,{L},0
1486,90,13,6,8.499999999999986,7,{L},0
1486,91,16,4,10.19999999999998,3,{L},0
1486,92,12,6,6.099999999999994,7,{L},0
1486,93,15,4,7.799999999999988,3,{L},0
1486,94,11,6,3.700000000000002,7,{L},0
1486,95,14,4,5.399999999999997,3,{L},0
1486,96,10,6,3.0000000000000013,7,{L},0
1486,97,13,4,3.0000000000000013,3,{L},0
1486,98,9,6,0.6,7,{L},0
1486,99,12,4,0.6,3,{L},0
1486,100,8,6,0,1.9333333333332035,{L},0
1486,101,11,4,0,-0.9333333333334237,{L},0
1486,102,7,6,0,-3.3333333333334103,{L},0
1486,103,10,4,0,-5.73333333333337,{L},0
1486,104,6,6,0,-8.133333333333326,{L},0
1486,105,9,4,0,-10.466666666666637,{L},0
1486,106,5,6,0,-12.6666666666666,{L},0
1486,107,8,4,0,-14.599999999999874,{L},0
1486,108,4,6,0,-16.466666666666505,{L},0
1486,109,7,4,0,-18.06666666666647,{L},0
1486,110,3,6,0,-19.599999999999767,{L},0
1486,111,6,4,0,-21.333333333333066,{L},0
1486,112,2,6,0,-22.933333333333017,{L},0
1486,113,5,4,0,-24.466666666666306,{L},0
1486,114,1,6,0,-26.19999999999962,{L},0
1486,115,4,4,0,-27.79999999999957,{L},0
1486,116,3,4,0,-29.333333333332853,{L},0
1486,117,2,4,0,-31.066666666666165,{L},0
1486,118,1,4,0,-32.66666666666613,{L},0
