time_step,passenger_sequence,target_x,target_y,current_x,current_y,current_cell,state
1041,56,14,8,13.599999999999968,7,{L},2
1041,58,12,9,10.733333333333311,7,{L},1
1041,60,12,8,10.09999999999998,7,{L},1
1041,61,14,1,10.833333333333329,3,{L},0
1041,62,10,9,7.699999999999989,7,{L},1
1041,63,14,2,7.933333333333338,3,{L},0
1041,64,10,8,5.799999999999995,7,{L},0
1041,65,12,1,4.266666666666667,3,{L},0
1041,66,8,9,4.6,7,{L},1
1041,67,12,2,3.133333333333335,3,{L},0
1041,68,8,8,2.2000000000000006,7,{L},1
1041,69,10,1,0.7333333333333333,3,{L},0
1041,70,6,9,0.30000000000000004,7,{L},0
1041,71,10,2,0.2,3,{L},0
1041,72,6,8,0,0.9333333333328875,{L},0
1041,73,8,1,0,-1.7333333333338783,{L},0
1041,74,4,9,0,-4.133333333333983,{L},0
1041,75,8,2,0,-6.533333333334042,{L},0
1041,76,4,8,0,-8.866666666667417,{L},0
1041,77,6,1,0,-11.06666666666742,{L},0
1041,78,2,9,0,-13.06666666666742,{L},0
1041,79,6,2,0,-14.733333333334066,{L},0
1041,80,2,8,0,-16.266666666667355,{L},0
1041,81,4,1,0,-18.00000000000069,{L},0
1041,82,4,2,0,-19.60000000000067,{L},0
1041,83,2,1,0,-21.133333333333944,{L},0
1041,84,17,6,0,-22.866666666667257,{L},0
1041,85,2,2,0,-24.46666666666723,{L},0
1041,86,16,6,0,-26.000000000000533,{L},0
1041,87,15,6,0,-27.73333333333383,{L},0
1041,88,14,6,0,-29.333333333333783,{L},0
1041,89,17,4,0,-30.86666666666708,{L},0
1041,90,13,6,0,-32.60000000000039,{L},0
1041,91,16,4,0,-34.200000000000344,{L},0
1041,92,12,6,0,-35.73333333333362,{L},0
1041,93,15,4,0,-37.46666666666693,{L},0
1041,94,11,6,0,-39.0666666666669,{L},0
1041,95,14,4,0,-40.60000000000018,{L},0
1041,96,10,6,0,-42.33333333333348,{L},0
1041,97,13,4,0,-43.933333333333444,{L},0
1041,98,9,6,0,-45.46666666666673,{L},0
1041,99,12,4,0,-47.20000000000004,{L},0
1041,100,8,6,0,-48.79999999999999,{L},0
1041,101,11,4,0,-50.33333333333328,{L},0
1041,102,7,6,0,-52.06666666666659,{L},0
1041,103,10,4,0,-53.66666666666654,{L},0
1041,104,6,6,0,-55.199999999999825,{L},0
1041,105,9,4,0,-56.93333333333314,{L},0
1041,106,5,6,0,-58.533333333333104,{L},0
1041,107,8,4,0,-60.06666666666638,{L},0
1041,108,4,6,0,-61.79999999999968,{L},0
1041,109,7,4,0,-63.39999999999964,{L},0
1041,110,3,6,0,-64.93333333333298,{L},0
1041,111,6,4,0,-66.66666666666637,{L},0
1041,112,2,6,0,-68.26666666666641,{L},0
1041,113,5,4,0,-69.79999999999978,{L},0
1041,114,1,6,0,-71.53333333333319,{L},0
1041,115,4,4,0,-73.13333333333323,{L},0
1041,116,3,4,0,-74.66666666666659,{L},0
1041,117,2,4,0,-76.39999999999999,{L},0
1041,118,1,4,0,-78.00000000000004,{L},0
