time_step,passenger_sequence,target_x,target_y,current_x,current_y,current_cell,state
1043,56,14,8,13.599999999999968,7,{L},2
1043,58,12,9,10.733333333333311,7,{L},1
1043,60,12,8,10.09999999999998,7,{L},1
1043,61,14,1,11.233333333333327,3,{L},0
1043,62,10,9,7.699999999999989,7,{L},1
1043,63,14,2,8.200000000000005,3,{L},0
1043,64,10,8,5.999999999999995,7,{L},0
1043,65,12,1,4.3999999999999995,3,{L},0
1043,66,8,9,4.6,7,{L},1
1043,67,12,2,3.266666666666669,3,{L},0
1043,68,8,8,2.2000000000000006,7,{L},1
1043,69,10,1,0.8666666666666666,3,{L},0
1043,70,6,9,0.5,7,{L},0
1043,71,10,2,0.3333333333333333,3,{L},0
1043,72,6,8,0,1.4666666666662207,{L},0
1043,73,8,1,0,-1.3333333333338784,{L},0
1043,74,4,9,0,-3.7333333333339827,{L},0
1043,75,8,2,0,-6.133333333334042,{L},0
1043,76,4,8,0,-8.466666666667418,{L},0
1043,77,6,1,0,-10.666666666667421,{L},0
1043,78,2,9,0,-12.733333333334087,{L},0
1043,79,6,2,0,-14.4666666666674,{L},0
1043,80,2,8,0,-16.00000000000069,{L},0
1043,81,4,1,0,-17.733333333334024,{L},0
1043,82,4,2,0,-19.333333333334004,{L},0
1043,83,2,1,0,-20.866666666667278,{L},0
1043,84,17,6,0,-22.60000000000059,{L},0
1043,85,2,2,0,-24.200000000000564,{L},0
1043,86,16,6,0,-25.733333333333867,{L},0
1043,87,15,6,0,-27.466666666667166,{L},0
1043,88,14,6,0,-29.066666666667118,{L},0
1043,89,17,4,0,-30.600000000000414,{L},0
1043,90,13,6,0,-32.33333333333373,{L},0
1043,91,16,4,0,-33.93333333333368,{L},0
1043,92,12,6,0,-35.46666666666695,{L},0
1043,93,15,4,0,-37.200000000000266,{L},0
1043,94,11,6,0,-38.80000000000023,{L},0
1043,95,14,4,0,-40.33333333333351,{L},0
1043,96,10,6,0,-42.06666666666681,{L},0
1043,97,13,4,0,-43.66666666666678,{L},0
1043,98,9,6,0,-45.20000000000007,{L},0
1043,99,12,4,0,-46.93333333333337,{L},0
1043,100,8,6,0,-48.533333333333324,{L},0
1043,101,11,4,0,-50.06666666666661,{L},0
1043,102,7,6,0,-51.799999999999926,{L},0
1043,103,10,4,0,-53.39999999999988,{L},0
1043,104,6,6,0,-54.93333333333316,{L},0
1043,105,9,4,0,-56.66666666666647,{L},0
1043,106,5,6,0,-58.26666666666644,{L},0
1043,107,8,4,0,-59.79999999999971,{L},0
1043,108,4,6,0,-61.53333333333301,{L},0
1043,109,7,4,0,-63.13333333333298,{L},0
1043,110,3,6,0,-64.6666666666663,{L},0
1043,111,6,4,0,-66.3999999999997,{L},0
1043,112,2,6,0,-67.99999999999973,{L},0
1043,113,5,4,0,-69.5333333333331,{L},0
1043,114,1,6,0,-71.26666666666651,{L},0
1043,115,4,4,0,-72.86666666666655,{L},0
1043,116,3,4,0,-74.3999999999999,{L},0
1043,117,2,4,0,-76.13333333333331,{L},0
1043,118,1,4,0,-77.73333333333336,{L},0
