time_step,passenger_sequence,target_x,target_y,current_x,current_y,current_cell,state
1625,94,11,6,10.599999999999978,7,{L},2
1625,95,14,4,13.599999999999968,3,{L},2
1625,96,10,6,8.099999999999987,7,{L},1
1625,97,13,4,10.733333333333311,3,{L},1
1625,98,9,6,7.39999999999999,7,{L},1
1625,99,12,4,10.09999999999998,3,{L},1
1625,100,8,6,4.999999999999998,7,{L},1
1625,101,11,4,7.699999999999989,3,{L},1
1625,102,7,6,5.899999999999995,7,{L},1
1625,103,10,4,6.999999999999991,3,{L},1
1625,104,6,6,3.600000000000002,7,{L},1
1625,105,9,4,4.6,3,{L},1
1625,106,5,6,1.2,7,{L},1
1625,107,8,4,2.2000000000000006,3,{L},1
1625,108,4,6,0,4.33333333333347,{L},0
1625,109,7,4,0,0.8666666666668321,{L},0
1625,110,3,6,0,-1.5333333333331358,{L},0
1625,111,6,4,0,-3.933333333333109,{L},0
1625,112,2,6,0,-6.333333333333068,{L},0
1625,113,5,4,0,-8.733333333333029,{L},0
1625,114,1,6,0,-11.06666666666634,{L},0
1625,115,4,4,0,-13.199999999999623,{L},0
1625,116,3,4,0,-15.19999999999957,{L},0
1625,117,2,4,0,-17.066666666666215,{L},0
1625,118,1,4,0,-18.66666666666618,{L},0
