time_step,passenger_sequence,target_x,target_y,current_x,current_y,current_cell,state
1396,84,17,6,10.19999999999998,7,{L},0
1396,86,16,6,6.099999999999994,7,{L},0
1396,87,15,6,4.6,7,{L},0
1396,88,14,6,3.3000000000000016,7,{L},0
1396,89,17,4,3.600000000000002,3,{L},0
1396,90,13,6,1.2,7,{L},0
1396,91,16,4,1.2,3,{L},0
1396,92,12,6,0,3.5333333333329544,{L},0
1396,93,15,4,0,0.2666666666663027,{L},0
1396,94,11,6,0,-2.1333333333336686,{L},0
1396,95,14,4,0,-4.5333333333336245,{L},0
1396,96,10,6,0,-6.933333333333598,{L},0
1396,97,13,4,0,-9.333333333333567,{L},0
1396,98,9,6,0,-11.466666666666853,{L},0
1396,99,12,4,0,-13.533333333333491,{L},0
1396,100,8,6,0,-15.400000000000109,{L},0
1396,101,11,4,0,-17.000000000000064,{L},0
1396,102,7,6,0,-18.733333333333377,{L},0
1396,103,10,4,0,-20.33333333333333,{L},0
1396,104,6,6,0,-21.86666666666661,{L},0
1396,105,9,4,0,-23.599999999999923,{L},0
1396,106,5,6,0,-25.19999999999989,{L},0
1396,107,8,4,0,-26.733333333333164,{L},0
1396,108,4,6,0,-28.466666666666463,{L},0
1396,109,7,4,0,-30.06666666666643,{L},0
1396,110,3,6,0,-31.599999999999724,{L},0
1396,111,6,4,0,-33.33333333333302,{L},0
1396,112,2,6,0,-34.933333333332975,{L},0
1396,113,5,4,0,-36.46666666666626,{L},0
1396,114,1,6,0,-38.19999999999958,{L},0
1396,115,4,4,0,-39.79999999999953,{L},0
1396,116,3,4,0,-41.33333333333281,{L},0
1396,117,2,4,0,-43.06666666666612,{L},0
1396,118,1,4,0,-44.66666666666609,{L},0
