time_step,passenger_sequence,target_x,target_y,current_x,current_y,current_cell,state
1464,86,16,6,10.999999999999977,7,{L},0
1464,87,15,6,9.699999999999982,7,{L},0
1464,88,14,6,8.399999999999986,7,{L},0
1464,89,17,4,10.399999999999979,3,{L},0
1464,90,13,6,6.299999999999994,7,{L},0
1464,91,16,4,7.999999999999988,3,{L},0
1464,92,12,6,3.900000000000002,7,{L},0
1464,93,15,4,5.599999999999996,3,{L},0
1464,94,11,6,1.5000000000000002,7,{L},0
1464,95,14,4,3.2000000000000015,3,{L},0
1464,96,10,6,0.7999999999999999,7,{L},0
1464,97,13,4,0.7999999999999999,3,{L},0
1464,98,9,6,0,2.4666666666664727,{L},0
1464,99,12,4,0,-0.5333333333335055,{L},0
1464,100,8,6,0,-2.9333333333334632,{L},0
1464,101,11,4,0,-5.333333333333426,{L},0
1464,102,7,6,0,-7.733333333333414,{L},0
1464,103,10,4,0,-10.066666666666698,{L},0
1464,104,6,6,0,-12.266666666666644,{L},0
1464,105,9,4,0,-14.33333333333329,{L},0
1464,106,5,6,0,-16.133333333333255,{L},0
1464,107,8,4,0,-17.66666666666653,{L},0
1464,108,4,6,0,-19.399999999999828,{L},0
1464,109,7,4,0,-20.999999999999794,{L},0
1464,110,3,6,0,-22.53333333333309,{L},0
1464,111,6,4,0,-24.26666666666639,{L},0
1464,112,2,6,0,-25.86666666666634,{L},0
1464,113,5,4,0,-27.39999999999963,{L},0
1464,114,1,6,0,-29.133333333332942,{L},0
1464,115,4,4,0,-30.733333333332894,{L},0
1464,116,3,4,0,-32.266666666666175,{L},0
1464,117,2,4,0,-33.99999999999949,{L},0
1464,118,1,4,0,-35.599999999999454,{L},0
