time_step,passenger_sequence,target_x,target_y,current_x,current_y,current_cell,state
1638,94,11,6,10.599999999999978,7,{L},2
1638,96,10,6,8.099999999999987,7,{L},0
1638,97,13,4,11.13333333333331,3,{L},0
1638,98,9,6,7.39999999999999,7,{L},0
1638,99,12,4,10.666666666666645,3,{L},0
1638,100,8,6,4.999999999999998,7,{L},0
1638,101,11,4,8.299999999999986,3,{L},0
1638,102,7,6,5.899999999999995,7,{L},0
1638,103,10,4,7.599999999999989,3,{L},0
1638,104,6,6,3.600000000000002,7,{L},0
1638,105,9,4,5.1999999999999975,3,{L},0
1638,106,5,6,1.2,7,{L},0
1638,107,8,4,2.800000000000001,3,{L},0
1638,108,4,6,0.4,7,{L},0
1638,109,7,4,0.4,3,{L},0
1638,110,3,6,0,1.400000000000197,{L},0
1638,111,6,4,0,-1.3333333333331074,{L},0
1638,112,2,6,0,-3.733333333333066,{L},0
1638,113,5,4,0,-6.133333333333029,{L},0
1638,114,1,6,0,-8.533333333333015,{L},0
1638,115,4,4,0,-10.866666666666298,{L},0
1638,116,3,4,0,-13.066666666666244,{L},0
1638,117,2,4,0,-15.133333333332889,{L},0
1638,118,1,4,0,-16.933333333332854,{L},0
