time_step,passenger_sequence,target_x,target_y,current_x,current_y,current_cell,state
1276,75,8,2,7.533333333333323,3,{L},2
1276,77,6,1,5.5333333333333306,3,{L},2
1276,79,6,2,3.733333333333336,3,{L},1
1276,80,2,8,1.5000000000000002,7,{L},2
1276,81,4,1,1.633333333333333,3,{L},1
1276,82,4,2,0.7333333333333333,3,{L},1
1276,83,2,1,0.8999999999999999,3,{L},0
1276,84,17,6,0,1.9333333333326954,{L},0
1276,85,2,2,0,-1.1333333333339495,{L},0
1276,86,16,6,0,-3.5333333333339256,{L},0
1276,87,15,6,0,-5.933333333333899,{L},0
1276,88,14,6,0,-8.333333333333858,{L},0
1276,89,17,4,0,-10.533333333333818,{L},0
1276,90,13,6,0,-12.66666666666713,{L},0
1276,91,16,4,0,-14.600000000000414,{L},0
1276,92,12,6,0,-16.133333333333688,{L},0
1276,93,15,4,0,-17.866666666667,{L},0
1276,94,11,6,0,-19.466666666666967,{L},0
1276,95,14,4,0,-21.00000000000025,{L},0
1276,96,10,6,0,-22.733333333333547,{L},0
1276,97,13,4,0,-24.333333333333513,{L},0
1276,98,9,6,0,-25.866666666666802,{L},0
1276,99,12,4,0,-27.600000000000108,{L},0
1276,100,8,6,0,-29.20000000000006,{L},0
1276,101,11,4,0,-30.73333333333335,{L},0
1276,102,7,6,0,-32.46666666666666,{L},0
1276,103,10,4,0,-34.06666666666661,{L},0
1276,104,6,6,0,-35.599999999999895,{L},0
1276,105,9,4,0,-37.33333333333321,{L},0
1276,106,5,6,0,-38.933333333333174,{L},0
1276,107,8,4,0,-40.46666666666645,{L},0
1276,108,4,6,0,-42.19999999999975,{L},0
1276,109,7,4,0,-43.79999999999971,{L},0
1276,110,3,6,0,-45.33333333333301,{L},0
1276,111,6,4,0,-47.06666666666631,{L},0
1276,112,2,6,0,-48.66666666666626,{L},0
1276,113,5,4,0,-50.19999999999955,{L},0
1276,114,1,6,0,-51.93333333333286,{L},0
1276,115,4,4,0,-53.53333333333281,{L},0
1276,116,3,4,0,-55.066666666666094,{L},0
1276,117,2,4,0,-56.79999999999941,{L},0
1276,118,1,4,0,-58.39999999999937,{L},0
