time_step,passenger_sequence,target_x,target_y,current_x,current_y,current_cell,state
1186,67,12,2,11.433333333333325,3,{L},0
1186,69,10,1,9.266666666666659,3,{L},0
1186,70,6,9,5.599999999999996,7,{L},3
1186,71,10,2,9.56666666666666,3,{L},2
1186,72,6,8,4.5,7,{L},0
1186,73,8,1,7.533333333333335,3,{L},2
1186,74,4,9,3.2000000000000015,7,{L},0
1186,75,8,2,3.8000000000000016,3,{L},1
1186,76,4,8,0.7999999999999999,7,{L},0
1186,77,6,1,1.9333333333333331,3,{L},1
1186,78,2,9,0,6.2666666666659,{L},0
1186,79,6,2,0,2.2666666666659157,{L},0
1186,80,2,8,0,-0.1333333333340455,{L},0
1186,81,4,1,0,-2.5333333333340526,{L},0
1186,82,4,2,0,-4.933333333334041,{L},0
1186,83,2,1,0,-7.333333333333989,{L},0
1186,84,17,6,0,-9.600000000000637,{L},0
1186,85,2,2,0,-11.733333333333942,{L},0
1186,86,16,6,0,-13.666666666667243,{L},0
1186,87,15,6,0,-15.466666666667209,{L},0
1186,88,14,6,0,-17.06666666666716,{L},0
1186,89,17,4,0,-18.600000000000456,{L},0
1186,90,13,6,0,-20.33333333333377,{L},0
1186,91,16,4,0,-21.93333333333372,{L},0
1186,92,12,6,0,-23.466666666666995,{L},0
1186,93,15,4,0,-25.20000000000031,{L},0
1186,94,11,6,0,-26.800000000000274,{L},0
1186,95,14,4,0,-28.333333333333556,{L},0
1186,96,10,6,0,-30.066666666666855,{L},0
1186,97,13,4,0,-31.66666666666682,{L},0
1186,98,9,6,0,-33.20000000000011,{L},0
1186,99,12,4,0,-34.933333333333415,{L},0
1186,100,8,6,0,-36.53333333333337,{L},0
1186,101,11,4,0,-38.066666666666656,{L},0
1186,102,7,6,0,-39.79999999999997,{L},0
1186,103,10,4,0,-41.39999999999992,{L},0
1186,104,6,6,0,-42.9333333333332,{L},0
1186,105,9,4,0,-44.666666666666515,{L},0
1186,106,5,6,0,-46.26666666666648,{L},0
1186,107,8,4,0,-47.799999999999756,{L},0
1186,108,4,6,0,-49.533333333333054,{L},0
1186,109,7,4,0,-51.13333333333302,{L},0
1186,110,3,6,0,-52.666666666666316,{L},0
1186,111,6,4,0,-54.399999999999615,{L},0
1186,112,2,6,0,-55.99999999999957,{L},0
1186,113,5,4,0,-57.533333333332855,{L},0
1186,114,1,6,0,-59.26666666666617,{L},0
1186,115,4,4,0,-60.86666666666612,{L},0
1186,116,3,4,0,-62.3999999999994,{L},0
1186,117,2,4,0,-64.13333333333271,{L},0
1186,118,1,4,0,-65.73333333333277,{L},0
