time_step,passenger_sequence,target_x,target_y,current_x,current_y,current_cell,state
1530,87,15,6,14.666666666666638,7,{L},2
1530,88,14,6,11.933333333333307,7,{L},1
1530,90,13,6,10.19999999999998,7,{L},1
1530,91,16,4,12.79999999999997,3,{L},0
1530,92,12,6,7.799999999999988,7,{L},1
1530,93,15,4,10.499999999999979,3,{L},0
1530,94,11,6,7.099999999999991,7,{L},1
1530,95,14,4,8.099999999999987,3,{L},0
1530,96,10,6,4.699999999999999,7,{L},1
1530,97,13,4,5.699999999999996,3,{L},0
1530,98,9,6,3.3000000000000016,7,{L},0
1530,99,12,4,3.3000000000000016,3,{L},0
1530,100,8,6,1.6000000000000003,7,{L},1
1530,101,11,4,2.600000000000001,3,{L},0
1530,102,7,6,0.2,7,{L},0
1530,103,10,4,0.2,3,{L},0
1530,104,6,6,0,0.8666666666666791,{L},0
1530,105,9,4,0,-1.7333333333333063,{L},0
1530,106,5,6,0,-4.13333333333328,{L},0
1530,107,8,4,0,-6.533333333333228,{L},0
1530,108,4,6,0,-8.933333333333199,{L},0
1530,109,7,4,0,-11.266666666666495,{L},0
1530,110,3,6,0,-13.333333333333123,{L},0
1530,111,6,4,0,-15.333333333333087,{L},0
1530,112,2,6,0,-17.06666666666637,{L},0
1530,113,5,4,0,-18.59999999999966,{L},0
1530,114,1,6,0,-20.333333333332973,{L},0
1530,115,4,4,0,-21.933333333332925,{L},0
1530,116,3,4,0,-23.466666666666207,{L},0
1530,117,2,4,0,-25.19999999999952,{L},0
1530,118,1,4,0,-26.799999999999486,{L},0
