time_step,passenger_sequence,target_x,target_y,current_x,current_y,current_cell,state
1782,109,7,4,6.5999999999999925,3,{L},2
1782,113,5,4,4.5,3,{L},2
1782,115,4,4,1.3,3,{L},1
1782,116,3,4,0.2,3,{L},0
1782,117,2,4,0,0.2666666666670913,{L},0
1782,118,1,4,0,-2.33333333333288,{L},0
