time_step,passenger_sequence,target_x,target_y,current_x,current_y,current_cell,state
1790,115,4,4,1.8000000000000005,3,{L},0
1790,116,3,4,0.9999999999999999,3,{L},0
1790,117,2,4,0,2.4000000000004245,{L},0
1790,118,1,4,0,-0.7333333333328802,{L},0
