time_step,passenger_sequence,target_x,target_y,current_x,current_y,current_cell,state
1649,96,10,6,9.199999999999983,7,{L},0
1649,97,13,4,12.199999999999973,3,{L},0
1649,98,9,6,8.499999999999986,7,{L},0
1649,99,12,4,11.399999999999975,3,{L},0
1649,100,8,6,6.099999999999994,7,{L},0
1649,101,11,4,9.399999999999983,3,{L},0
1649,102,7,6,6.5999999999999925,7,{L},2
1649,103,10,4,8.699999999999985,3,{L},0
1649,104,6,6,4.200000000000001,7,{L},1
1649,105,9,4,6.299999999999994,3,{L},0
1649,106,5,6,1.8000000000000005,7,{L},1
1649,107,8,4,3.900000000000002,3,{L},0
1649,108,4,6,0.9999999999999999,7,{L},1
1649,109,7,4,1.5000000000000002,3,{L},0
1649,110,3,6,0,4.33333333333353,{L},0
1649,111,6,4,0,0.8666666666668925,{L},0
1649,112,2,6,0,-1.5333333333330648,{L},0
1649,113,5,4,0,-3.933333333333027,{L},0
1649,114,1,6,0,-6.333333333333015,{L},0
1649,115,4,4,0,-8.733333333332972,{L},0
1649,116,3,4,0,-11.06666666666625,{L},0
1649,117,2,4,0,-13.266666666666229,{L},0
1649,118,1,4,0,-15.266666666666193,{L},0
