time_step,passenger_sequence,target_x,target_y,current_x,current_y,current_cell,state
160,8,2,6,1.5999999999999999,7,{L},2
160,10,2,2,1.5999999999999999,3,{L},2
160,11,2,4,1.5999999999999999,3,{L},2
160,12,1,9,0,1.799999999999999,{L},0
160,13,1,8,0,-0.933333333333338,{L},0
160,14,1,6,0,-3.1333333333333426,{L},0
160,15,1,1,0,-5.200000000000016,{L},0
160,16,1,2,0,-6.800000000000025,{L},0
160,17,1,4,0,-8.40000000000003,{L},0
