time_step,passenger_sequence,target_x,target_y,current_x,current_y,current_cell,state
226,14,1,6,0,4.399999999999991,{L},0
226,15,1,1,0,0.9333333333333205,{L},0
226,16,1,2,0,-1.1333333333333504,{L},0
226,17,1,4,0,-3.466666666666688,{L},0
