time_step,passenger_sequence,target_x,target_y,current_x,current_y,current_cell,state
37,0,3,9,2.6666666666666665,7,{L},2
37,1,3,8,0.5333333333333333,7,{L},0
37,2,3,6,0,4.4,{L},0
37,3,3,1,0,2.200000000000001,{L},0
37,4,3,2,0,0.13333333333333472,{L},0
37,5,3,4,0,-1.4666666666666703,{L},0
37,6,2,9,0,-3.0000000000000044,{L},0
37,7,2,8,0,-4.400000000000002,{L},0
37,8,2,6,0,-5.933333333333338,{L},0
37,9,2,1,0,-7.266666666666672,{L},0
37,10,2,2,0,-8.466666666666672,{L},0
37,11,2,4,0,-9.733333333333338,{L},0
37,12,1,9,0,-11.000000000000004,{L},0
37,13,1,8,0,-12.200000000000003,{L},0
37,14,1,6,0,-13.400000000000002,{L},0
37,15,1,1,0,-14.466666666666669,{L},0
37,16,1,2,0,-15.466666666666669,{L},0
37,17,1,4,0,-16.46666666666667,{L},0
