time_step,passenger_sequence,target_x,target_y,current_x,current_y,current_cell,state
223,14,1,6,0,3.5999999999999908,{L},0
223,15,1,1,0,0.33333333333332044,{L},0
223,16,1,2,0,-1.7333333333333503,{L},0
223,17,1,4,0,-4.066666666666689,{L},0
