time_step,passenger_sequence,target_x,target_y,current_x,current_y,current_cell,state
177,11,2,4,1.5999999999999999,3,{L},3
177,12,1,9,0,6.333333333333331,{L},0
177,13,1,8,0,2.4666666666666623,{L},0
177,14,1,6,0,0.26666666666665795,{L},0
177,15,1,1,0,-2.2666666666666795,{L},0
177,16,1,2,0,-4.200000000000019,{L},0
177,17,1,4,0,-6.1333333333333595,{L},0
