time_step,passenger_sequence,target_x,target_y,current_x,current_y,current_cell,state
222,14,1,6,0,3.333333333333324,{L},0
222,15,1,1,0,0.13333333333332043,{L},0
222,16,1,2,0,-1.9333333333333502,{L},0
222,17,1,4,0,-4.200000000000022,{L},0
