time_step,passenger_sequence,target_x,target_y,current_x,current_y,current_cell,state
3436,153,20,1,18.06666666666231,0.0,14,0
3436,155,17,-1,15.599999999995491,0.0,16,0
3436,156,18,1,14.366666666662109,0.0,18,0
3436,157,19,-1,12.43333333332872,0.0,20,0
3436,158,12,-1,11.499999999995328,0.0,21,0
3436,159,21,1,10.466666666661938,0.0,22,0
3436,160,21,-1,9.633333333328546,0.0,22,0
3436,161,12,1,8.59999999999516,0.0,23,0
3436,162,15,1,5.9666666666617765,0.0,26,0
3436,163,17,1,5.033333333328384,0.0,27,0
3436,164,18,-1,4.099999999994992,0.0,28,0
3436,165,13,1,3.166666666661605,0.0,29,0
3436,166,16,1,2.2333333333282086,0.0,30,0
3436,167,14,-1,1.2999999999948126,0.0,31,0
3436,168,3,-1,0.36666666666142567,0.0,32,0
3436,169,4,-1,-0.6333333333386364,0.0,33,0
3436,170,10,-1,-1.6333333333386988,0.0,34,0
3436,171,7,-1,-2.6333333333387534,0.0,35,0
3436,172,2,-1,-3.6333333333388165,0.0,36,0
3436,173,11,1,-4.63333333333887,0.0,37,0
3436,174,8,-1,-5.633333333338927,0.0,38,0
3436,175,5,1,-6.633333333338978,0.0,39,0
3436,176,6,1,-7.633333333339037,0.0,40,0
3436,177,9,-1,-8.633333333339086,0.0,41,0
3436,178,1,-1,-9.633333333339145,0.0,42,0
3436,179,2,1,-10.633333333339197,0.0,43,0
3436,180,5,-1,-11.633333333339253,0.0,44,0
3436,181,11,-1,-12.633333333339305,0.0,45,0
3436,182,8,1,-13.633333333339364,0.0,46,0
3436,183,6,-1,-14.633333333339413,0.0,47,0
3436,184,9,1,-15.633333333339465,0.0,48,0
3436,185,10,1,-16.633333333339532,0.0,49,0
3436,186,4,1,-17.6333333333396,0.0,50,0
3436,187,7,1,-18.633333333339674,0.0,51,0
3436,188,3,1,-19.633333333339742,0.0,52,0
