time_step,passenger_sequence,target_x,target_y,current_x,current_y,current_cell,state
3679,164,18,-1,16.19999999999495,0.0,16,0
3679,166,16,1,13.433333333328177,0.0,19,0
3679,167,14,-1,12.499999999994785,0.0,20,0
3679,170,10,-1,7.899999999994623,0.0,24,0
3679,171,7,-1,5.266666666661246,0.0,27,0
3679,173,11,1,2.5999999999944654,0.0,29,0
3679,174,8,-1,1.6666666666610708,0.0,30,0
3679,175,5,1,0.733333333327682,0.0,31,0
3679,176,6,1,-0.20000000000571336,0.0,32,0
3679,177,9,-1,-1.200000000005767,0.0,33,0
3679,178,1,-1,-2.2000000000058297,0.0,34,0
3679,179,2,1,-3.2000000000058857,0.0,35,0
3679,180,5,-1,-4.2000000000059465,0.0,36,0
3679,181,11,-1,-5.200000000005998,0.0,37,0
3679,182,8,1,-6.200000000006057,0.0,38,0
3679,183,6,-1,-7.200000000006106,0.0,39,0
3679,184,9,1,-8.200000000006158,0.0,40,0
3679,185,10,1,-9.200000000006217,0.0,41,0
3679,186,4,1,-10.200000000006266,0.0,42,0
3679,187,7,1,-11.200000000006325,0.0,43,0
3679,188,3,1,-12.200000000006376,0.0,44,0
