time_step,passenger_sequence,target_x,target_y,current_x,current_y,current_cell,state
3912,180,5,-1,4.566666666660723,0.0,27,2
3912,181,11,-1,3.533333333327336,0.0,28,1
3912,182,8,1,2.5999999999939396,0.0,29,1
3912,183,6,-1,1.666666666660552,0.0,30,1
3912,184,9,1,0.7333333333271633,0.0,31,1
3912,185,10,1,-0.20000000000623205,0.0,32,1
3912,186,4,1,-1.2000000000062856,0.0,33,1
3912,187,7,1,-2.2000000000063484,0.0,34,1
3912,188,3,1,-3.2000000000064044,0.0,35,1
