time_step,passenger_sequence,target_x,target_y,current_x,current_y,current_cell,state
3856,177,9,-1,7.166666666660891,0.0,25,0
3856,180,5,-1,1.4666666666607224,0.0,31,0
3856,181,11,-1,0.5333333333273339,0.0,31,0
3856,182,8,1,-0.46666666667272816,0.0,32,0
3856,183,6,-1,-1.466666666672782,0.0,33,0
3856,184,9,1,-2.466666666672838,0.0,34,0
3856,185,10,1,-3.466666666672901,0.0,35,0
3856,186,4,1,-4.466666666672953,0.0,36,0
3856,187,7,1,-5.466666666673012,0.0,37,0
3856,188,3,1,-6.4666666666730634,0.0,38,0
