time_step,passenger_sequence,target_x,target_y,current_x,current_y,current_cell,state
3736,173,11,1,4.099999999994466,0.0,28,0
3736,174,8,-1,3.166666666661072,0.0,29,0
3736,175,5,1,2.233333333327683,0.0,30,0
3736,176,6,1,1.2999999999942868,0.0,31,0
3736,177,9,-1,0.36666666666089986,0.0,32,0
3736,178,1,-1,-0.6333333333391622,0.0,33,0
3736,179,2,1,-1.6333333333392175,0.0,34,0
3736,180,5,-1,-2.633333333339279,0.0,35,0
3736,181,11,-1,-3.633333333339335,0.0,36,0
3736,182,8,1,-4.633333333339396,0.0,37,0
3736,183,6,-1,-5.633333333339445,0.0,38,0
3736,184,9,1,-6.633333333339497,0.0,39,0
3736,185,10,1,-7.633333333339555,0.0,40,0
3736,186,4,1,-8.633333333339605,0.0,41,0
3736,187,7,1,-9.633333333339664,0.0,42,0
3736,188,3,1,-10.633333333339715,0.0,43,0
