time_step,passenger_sequence,target_x,target_y,current_x,current_y,current_cell,state
3888,177,9,-1,8.566666666660886,0.0,499,3
3888,180,5,-1,2.9666666666607235,0.0,29,0
3888,181,11,-1,2.0333333333273345,0.0,30,0
3888,182,8,1,1.0999999999939385,0.0,31,0
3888,183,6,-1,0.16666666666055166,0.0,32,0
3888,184,9,1,-0.8333333333395032,0.0,33,0
3888,185,10,1,-1.8333333333395658,0.0,34,0
3888,186,4,1,-2.8333333333396205,0.0,35,0
3888,187,7,1,-3.8333333333396835,0.0,36,0
3888,188,3,1,-4.833333333339736,0.0,37,0
