time_step,passenger_sequence,target_x,target_y,current_x,current_y,current_cell,state
3822,177,9,-1,3.766666666660902,0.0,28,0
3822,179,2,1,0.6999999999941161,0.0,31,0
3822,180,5,-1,-0.23333333333927783,0.0,32,0
3822,181,11,-1,-1.2333333333393328,0.0,33,0
3822,182,8,1,-2.2333333333393957,0.0,34,0
3822,183,6,-1,-3.2333333333394503,0.0,35,0
3822,184,9,1,-4.233333333339505,0.0,36,0
3822,185,10,1,-5.233333333339564,0.0,37,0
3822,186,4,1,-6.233333333339614,0.0,38,0
3822,187,7,1,-7.233333333339672,0.0,39,0
3822,188,3,1,-8.233333333339724,0.0,40,0
