time_step,passenger_sequence,target_x,target_y,current_x,current_y,current_cell,state
3483,156,18,1,16.866666666662116,0.0,15,0
3483,157,19,-1,14.933333333328711,0.0,17,0
3483,159,21,1,12.96666666666193,0.0,19,0
3483,160,21,-1,11.23333333332854,0.0,21,0
3483,161,12,1,10.199999999995155,0.0,22,0
3483,162,15,1,7.566666666661771,0.0,24,0
3483,163,17,1,6.633333333328379,0.0,25,0
3483,164,18,-1,5.699999999994986,0.0,26,0
3483,165,13,1,4.766666666661603,0.0,27,0
3483,166,16,1,3.83333333332821,0.0,28,0
3483,167,14,-1,2.899999999994814,0.0,29,0
3483,168,3,-1,1.9666666666614263,0.0,30,0
3483,169,4,-1,1.0333333333280301,0.0,31,0
3483,170,10,-1,0.09999999999463483,0.0,32,0
3483,171,7,-1,-0.9000000000054186,0.0,33,0
3483,172,2,-1,-1.9000000000054813,0.0,34,0
3483,173,11,1,-2.9000000000055373,0.0,35,0
3483,174,8,-1,-3.900000000005599,0.0,36,0
3483,175,5,1,-4.900000000005651,0.0,37,0
3483,176,6,1,-5.90000000000571,0.0,38,0
3483,177,9,-1,-6.900000000005759,0.0,39,0
3483,178,1,-1,-7.900000000005818,0.0,40,0
3483,179,2,1,-8.90000000000587,0.0,41,0
3483,180,5,-1,-9.900000000005926,0.0,42,0
3483,181,11,-1,-10.900000000005978,0.0,43,0
3483,182,8,1,-11.900000000006036,0.0,44,0
3483,183,6,-1,-12.900000000006086,0.0,45,0
3483,184,9,1,-13.900000000006138,0.0,46,0
3483,185,10,1,-14.900000000006196,0.0,47,0
3483,186,4,1,-15.900000000006246,0.0,48,0
3483,187,7,1,-16.90000000000632,0.0,49,0
3483,188,3,1,-17.900000000006386,0.0,50,0
