time_step,passenger_sequence,target_x,target_y,current_x,current_y,current_cell,state
3413,152,20,-1,19.199999999995725,0.0,13,0
3413,153,20,1,17.466666666662302,0.0,15,0
3413,155,17,-1,14.999999999995493,0.0,17,0
3413,156,18,1,13.766666666662111,0.0,18,0
3413,157,19,-1,11.833333333328723,0.0,20,0
3413,158,12,-1,10.89999999999533,0.0,21,0
3413,159,21,1,9.86666666666194,0.0,22,0
3413,160,21,-1,9.033333333328548,0.0,23,0
3413,161,12,1,7.999999999995163,0.0,24,0
3413,162,15,1,5.366666666661779,0.0,27,0
3413,163,17,1,4.433333333328386,0.0,28,0
3413,164,18,-1,3.499999999994992,0.0,29,0
3413,165,13,1,2.5666666666616043,0.0,29,0
3413,166,16,1,1.6333333333282083,0.0,30,0
3413,167,14,-1,0.6999999999948124,0.0,31,0
3413,168,3,-1,-0.2333333333385744,0.0,32,0
3413,169,4,-1,-1.2333333333386365,0.0,33,0
3413,170,10,-1,-2.2333333333386993,0.0,34,0
3413,171,7,-1,-3.233333333338754,0.0,35,0
3413,172,2,-1,-4.233333333338816,0.0,36,0
3413,173,11,1,-5.233333333338868,0.0,37,0
3413,174,8,-1,-6.2333333333389245,0.0,38,0
3413,175,5,1,-7.233333333338976,0.0,39,0
3413,176,6,1,-8.233333333339035,0.0,40,0
3413,177,9,-1,-9.233333333339084,0.0,41,0
3413,178,1,-1,-10.233333333339143,0.0,42,0
3413,179,2,1,-11.233333333339194,0.0,43,0
3413,180,5,-1,-12.233333333339251,0.0,44,0
3413,181,11,-1,-13.233333333339303,0.0,45,0
3413,182,8,1,-14.233333333339361,0.0,46,0
3413,183,6,-1,-15.233333333339411,0.0,47,0
3413,184,9,1,-16.233333333339466,0.0,48,0
3413,185,10,1,-17.23333333333954,0.0,49,0
3413,186,4,1,-18.23333333333961,0.0,50,0
3413,187,7,1,-19.233333333339683,0.0,51,0
3413,188,3,1,-20.23333333333975,0.0,52,0
