time_step,passenger_sequence,target_x,target_y,current_x,current_y,current_cell,state
3742,173,11,1,4.699999999994464,0.0,27,0
3742,174,8,-1,3.7666666666610724,0.0,28,0
3742,175,5,1,2.8333333333276833,0.0,29,0
3742,176,6,1,1.8999999999942874,0.0,30,0
3742,177,9,-1,0.9666666666608997,0.0,31,0
3742,178,1,-1,0.033333333327504405,0.0,32,0
3742,179,2,1,-0.9666666666725504,0.0,33,0
3742,180,5,-1,-1.9666666666726118,0.0,34,0
3742,181,11,-1,-2.9666666666726678,0.0,35,0
3742,182,8,1,-3.966666666672731,0.0,36,0
3742,183,6,-1,-4.966666666672781,0.0,37,0
3742,184,9,1,-5.9666666666728325,0.0,38,0
3742,185,10,1,-6.966666666672891,0.0,39,0
3742,186,4,1,-7.966666666672941,0.0,40,0
3742,187,7,1,-8.966666666673,0.0,41,0
3742,188,3,1,-9.966666666673051,0.0,42,0
