time_step,passenger_sequence,target_x,target_y,current_x,current_y,current_cell,state
3196,140,29,-1,26.09999999999657,0.0,6,0
3196,141,25,1,24.06666666666315,0.0,8,0
3196,142,30,-1,23.733333333329742,0.0,8,0
3196,143,27,-1,22.79999999999633,0.0,9,0
3196,144,22,1,20.76666666666291,0.0,11,0
3196,145,23,1,18.633333333329485,0.0,13,0
3196,146,29,1,17.699999999996074,0.0,14,0
3196,147,25,-1,16.76666666666267,0.0,15,0
3196,149,16,-1,14.899999999995863,0.0,17,0
3196,150,19,1,13.066666666662476,0.0,19,0
3196,151,14,1,10.43333333332909,0.0,22,0
3196,152,20,-1,9.499999999995705,0.0,23,0
3196,153,20,1,8.566666666662307,0.0,23,0
3196,154,15,-1,7.633333333328915,0.0,24,0
3196,155,17,-1,6.699999999995523,0.0,25,0
3196,156,18,1,5.76666666666214,0.0,26,0
3196,157,19,-1,4.833333333328747,0.0,27,0
3196,158,12,-1,3.8999999999953547,0.0,28,0
3196,159,21,1,2.96666666666196,0.0,29,0
3196,160,21,-1,2.0333333333285637,0.0,30,0
3196,161,12,1,1.0999999999951748,0.0,31,0
3196,162,15,1,0.1666666666617809,0.0,32,0
3196,163,17,1,-0.8333333333382811,0.0,33,0
3196,164,18,-1,-1.8333333333383437,0.0,34,0
3196,165,13,1,-2.8333333333383983,0.0,35,0
3196,166,16,1,-3.8333333333384614,0.0,36,0
3196,167,14,-1,-4.833333333338521,0.0,37,0
3196,168,3,-1,-5.833333333338571,0.0,38,0
3196,169,4,-1,-6.833333333338629,0.0,39,0
3196,170,10,-1,-7.833333333338688,0.0,40,0
3196,171,7,-1,-8.833333333338738,0.0,41,0
3196,172,2,-1,-9.833333333338796,0.0,42,0
3196,173,11,1,-10.833333333338848,0.0,43,0
3196,174,8,-1,-11.833333333338905,0.0,44,0
3196,175,5,1,-12.833333333338956,0.0,45,0
3196,176,6,1,-13.833333333339015,0.0,46,0
3196,177,9,-1,-14.833333333339064,0.0,47,0
3196,178,1,-1,-15.833333333339123,0.0,48,0
3196,179,2,1,-16.833333333339187,0.0,49,0
3196,180,5,-1,-17.83333333333926,0.0,50,0
3196,181,11,-1,-18.83333333333933,0.0,51,0
3196,182,8,1,-19.833333333339404,0.0,52,0
3196,183,6,-1,-20.83333333333947,0.0,53,0
3196,184,9,1,-21.83333333333954,0.0,54,0
3196,185,10,1,-22.833333333339613,0.0,55,0
3196,186,4,1,-23.83333333333968,0.0,56,0
3196,187,7,1,-24.833333333339755,0.0,57,0
3196,188,3,1,-25.833333333339823,0.0,58,0
