time_step,passenger_sequence,target_x,target_y,current_x,current_y,current_cell,state
3610,159,21,1,20.566666666661984,0.0,11,3
3610,160,21,-1,18.833333333328564,0.0,13,0
3610,162,15,1,13.46666666666175,0.0,19,0
3610,163,17,1,14.233333333328352,0.0,18,0
3610,164,18,-1,13.29999999999496,0.0,19,0
3610,165,13,1,12.366666666661576,0.0,20,0
3610,166,16,1,11.433333333328184,0.0,21,0
3610,167,14,-1,10.499999999994792,0.0,22,0
3610,170,10,-1,5.89999999999463,0.0,26,0
3610,171,7,-1,3.2666666666612496,0.0,29,0
3610,173,11,1,0.5999999999944643,0.0,31,0
3610,174,8,-1,-0.4000000000055963,0.0,32,0
3610,175,5,1,-1.4000000000056514,0.0,33,0
3610,176,6,1,-2.4000000000057145,0.0,34,0
3610,177,9,-1,-3.400000000005769,0.0,35,0
3610,178,1,-1,-4.40000000000583,0.0,36,0
3610,179,2,1,-5.400000000005882,0.0,37,0
3610,180,5,-1,-6.400000000005939,0.0,38,0
3610,181,11,-1,-7.40000000000599,0.0,39,0
3610,182,8,1,-8.400000000006049,0.0,40,0
3610,183,6,-1,-9.400000000006099,0.0,41,0
3610,184,9,1,-10.40000000000615,0.0,42,0
3610,185,10,1,-11.400000000006209,0.0,43,0
3610,186,4,1,-12.400000000006258,0.0,44,0
3610,187,7,1,-13.400000000006317,0.0,45,0
3610,188,3,1,-14.400000000006369,0.0,46,0
