time_step,passenger_sequence,target_x,target_y,current_x,current_y,current_cell,state
3094,134,28,1,25.499999999996945,0.0,7,0
3094,136,31,1,23.633333333330132,0.0,8,0
3094,137,27,1,23.79999999999673,0.0,8,0
3094,138,26,-1,21.76666666666331,0.0,10,0
3094,139,24,-1,22.533333333329924,0.0,9,0
3094,140,29,-1,21.599999999996506,0.0,10,0
3094,141,25,1,20.6666666666631,0.0,11,0
3094,142,30,-1,19.23333333332968,0.0,13,0
3094,143,27,-1,19.399999999996282,0.0,13,0
3094,144,22,1,17.366666666662862,0.0,15,0
3094,145,23,1,15.23333333332945,0.0,17,0
3094,146,29,1,14.299999999996057,0.0,18,0
3094,147,25,-1,13.366666666662667,0.0,19,0
3094,148,13,-1,12.433333333329267,0.0,20,0
3094,149,16,-1,11.499999999995875,0.0,21,0
3094,150,19,1,10.566666666662485,0.0,21,0
3094,151,14,1,7.933333333329099,0.0,24,0
3094,152,20,-1,6.999999999995714,0.0,25,0
3094,153,20,1,6.066666666662316,0.0,26,0
3094,154,15,-1,5.133333333328924,0.0,27,0
3094,155,17,-1,4.199999999995532,0.0,28,0
3094,156,18,1,3.266666666662145,0.0,29,0
3094,157,19,-1,2.3333333333287487,0.0,30,0
3094,158,12,-1,1.3999999999953527,0.0,31,0
3094,159,21,1,0.46666666666195855,0.0,32,0
3094,160,21,-1,-0.5333333333381035,0.0,33,0
3094,161,12,1,-1.5333333333381587,0.0,34,0
3094,162,15,1,-2.5333333333382204,0.0,35,0
3094,163,17,1,-3.5333333333382835,0.0,36,0
3094,164,18,-1,-4.533333333338344,0.0,37,0
3094,165,13,1,-5.533333333338394,0.0,38,0
3094,166,16,1,-6.533333333338453,0.0,39,0
3094,167,14,-1,-7.533333333338511,0.0,40,0
3094,168,3,-1,-8.533333333338561,0.0,41,0
3094,169,4,-1,-9.53333333333862,0.0,42,0
3094,170,10,-1,-10.533333333338678,0.0,43,0
3094,171,7,-1,-11.533333333338728,0.0,44,0
3094,172,2,-1,-12.533333333338787,0.0,45,0
3094,173,11,1,-13.533333333338838,0.0,46,0
3094,174,8,-1,-14.533333333338895,0.0,47,0
3094,175,5,1,-15.533333333338947,0.0,48,0
3094,176,6,1,-16.533333333339012,0.0,49,0
3094,177,9,-1,-17.53333333333908,0.0,50,0
3094,178,1,-1,-18.533333333339154,0.0,51,0
3094,179,2,1,-19.533333333339222,0.0,52,0
3094,180,5,-1,-20.533333333339296,0.0,53,0
3094,181,11,-1,-21.533333333339364,0.0,54,0
3094,182,8,1,-22.53333333333944,0.0,55,0
3094,183,6,-1,-23.533333333339506,0.0,56,0
3094,184,9,1,-24.533333333339574,0.0,57,0
3094,185,10,1,-25.533333333339648,0.0,58,0
3094,186,4,1,-26.533333333339716,0.0,59,0
3094,187,7,1,-27.53333333333979,0.0,60,0
3094,188,3,1,-28.533333333339858,0.0,61,0
