time_step,passenger_sequence,target_x,target_y,current_x,current_y,current_cell,state
3940,181,11,-1,5.533333333327331,0.0,26,0
3940,182,8,1,4.599999999993939,0.0,27,0
3940,183,6,-1,3.6666666666605536,0.0,28,0
3940,184,9,1,2.7333333333271645,0.0,29,0
3940,185,10,1,1.7999999999937686,0.0,30,0
3940,186,4,1,0.8666666666603811,0.0,31,0
3940,187,7,1,-0.0666666666730143,0.0,32,0
3940,188,3,1,-1.066666666673069,0.0,33,0
