time_step,passenger_sequence,target_x,target_y,current_x,current_y,current_cell,state
3472,156,18,1,15.766666666662104,0.0,16,0
3472,157,19,-1,13.833333333328715,0.0,18,0
3472,159,21,1,11.866666666661933,0.0,20,0
3472,160,21,-1,10.133333333328544,0.0,22,0
3472,161,12,1,9.099999999995159,0.0,23,0
3472,162,15,1,6.466666666661775,0.0,26,0
3472,163,17,1,5.5333333333283825,0.0,26,0
3472,164,18,-1,4.59999999999499,0.0,27,0
3472,165,13,1,3.6666666666616052,0.0,28,0
3472,166,16,1,2.733333333328209,0.0,29,0
3472,167,14,-1,1.799999999994813,0.0,30,0
3472,168,3,-1,0.8666666666614256,0.0,31,0
3472,169,4,-1,-0.0666666666719698,0.0,32,0
3472,170,10,-1,-1.0666666666720317,0.0,33,0
3472,171,7,-1,-2.066666666672086,0.0,34,0
3472,172,2,-1,-3.066666666672149,0.0,35,0
3472,173,11,1,-4.066666666672205,0.0,36,0
3472,174,8,-1,-5.066666666672262,0.0,37,0
3472,175,5,1,-6.0666666666723135,0.0,38,0
3472,176,6,1,-7.066666666672372,0.0,39,0
3472,177,9,-1,-8.066666666672422,0.0,40,0
3472,178,1,-1,-9.06666666667248,0.0,41,0
3472,179,2,1,-10.066666666672532,0.0,42,0
3472,180,5,-1,-11.066666666672589,0.0,43,0
3472,181,11,-1,-12.06666666667264,0.0,44,0
3472,182,8,1,-13.066666666672699,0.0,45,0
3472,183,6,-1,-14.066666666672749,0.0,46,0
3472,184,9,1,-15.0666666666728,0.0,47,0
3472,185,10,1,-16.06666666667286,0.0,48,0
3472,186,4,1,-17.066666666672926,0.0,49,0
3472,187,7,1,-18.066666666673,0.0,50,0
3472,188,3,1,-19.06666666667307,0.0,51,0
