time_step,passenger_sequence,target_x,target_y,current_x,current_y,current_cell,state
3934,181,11,-1,4.933333333327333,0.0,27,0
3934,182,8,1,3.999999999993941,0.0,28,0
3934,183,6,-1,3.066666666660553,0.0,29,0
3934,184,9,1,2.133333333327164,0.0,30,0
3934,185,10,1,1.199999999993768,0.0,31,0
3934,186,4,1,0.26666666666038114,0.0,32,0
3934,187,7,1,-0.7333333333396809,0.0,33,0
3934,188,3,1,-1.7333333333397363,0.0,34,0
