time_step,passenger_sequence,target_x,target_y,current_x,current_y,current_cell,state
3260,142,30,-1,26.733333333329785,0.0,5,0
3260,143,27,-1,25.799999999996373,0.0,6,0
3260,145,23,1,19.933333333329504,0.0,12,0
3260,146,29,1,18.999999999996092,0.0,13,0
3260,147,25,-1,18.066666666662687,0.0,14,0
3260,150,19,1,14.266666666662472,0.0,18,0
3260,151,14,1,11.633333333329086,0.0,20,0
3260,152,20,-1,10.6999999999957,0.0,21,0
3260,153,20,1,9.766666666662303,0.0,22,0
3260,154,15,-1,8.83333333332891,0.0,23,0
3260,155,17,-1,7.899999999995519,0.0,24,0
3260,156,18,1,8.66666666666213,0.0,23,0
3260,157,19,-1,6.133333333328743,0.0,26,0
3260,158,12,-1,5.199999999995351,0.0,27,0
3260,159,21,1,5.8666666666619545,0.0,26,0
3260,160,21,-1,5.033333333328562,0.0,27,0
3260,161,12,1,3.999999999995177,0.0,28,0
3260,162,15,1,1.366666666661781,0.0,31,0
3260,163,17,1,0.43333333332838553,0.0,32,0
3260,164,18,-1,-0.5666666666716765,0.0,33,0
3260,165,13,1,-1.5666666666717304,0.0,34,0
3260,166,16,1,-2.5666666666717934,0.0,35,0
3260,167,14,-1,-3.5666666666718565,0.0,36,0
3260,168,3,-1,-4.5666666666719085,0.0,37,0
3260,169,4,-1,-5.566666666671967,0.0,38,0
3260,170,10,-1,-6.566666666672026,0.0,39,0
3260,171,7,-1,-7.566666666672075,0.0,40,0
3260,172,2,-1,-8.566666666672134,0.0,41,0
3260,173,11,1,-9.566666666672186,0.0,42,0
3260,174,8,-1,-10.566666666672242,0.0,43,0
3260,175,5,1,-11.566666666672294,0.0,44,0
3260,176,6,1,-12.566666666672353,0.0,45,0
3260,177,9,-1,-13.566666666672402,0.0,46,0
3260,178,1,-1,-14.566666666672461,0.0,47,0
3260,179,2,1,-15.566666666672512,0.0,48,0
3260,180,5,-1,-16.566666666672578,0.0,49,0
3260,181,11,-1,-17.566666666672646,0.0,50,0
3260,182,8,1,-18.56666666667272,0.0,51,0
3260,183,6,-1,-19.566666666672788,0.0,52,0
3260,184,9,1,-20.566666666672855,0.0,53,0
3260,185,10,1,-21.56666666667293,0.0,54,0
3260,186,4,1,-22.566666666672997,0.0,55,0
3260,187,7,1,-23.566666666673072,0.0,56,0
3260,188,3,1,-24.56666666667314,0.0,57,0
