time_step,passenger_sequence,target_x,target_y,current_x,current_y,current_cell,state
3944,181,11,-1,5.9333333333273295,0.0,26,0
3944,182,8,1,4.999999999993937,0.0,27,0
3944,183,6,-1,4.066666666660554,0.0,28,0
3944,184,9,1,3.133333333327165,0.0,29,0
3944,185,10,1,2.1999999999937687,0.0,30,0
3944,186,4,1,1.2666666666603812,0.0,31,0
3944,187,7,1,0.3333333333269857,0.0,32,0
3944,188,3,1,-0.6666666666730692,0.0,33,0
