time_step,passenger_sequence,target_x,target_y,current_x,current_y,current_cell,state
3737,173,11,1,4.199999999994466,0.0,28,0
3737,174,8,-1,3.266666666661072,0.0,29,0
3737,175,5,1,2.333333333327683,0.0,30,0
3737,176,6,1,1.399999999994287,0.0,31,0
3737,177,9,-1,0.46666666666089984,0.0,32,0
3737,178,1,-1,-0.5333333333391622,0.0,33,0
3737,179,2,1,-1.5333333333392174,0.0,34,0
3737,180,5,-1,-2.533333333339279,0.0,35,0
3737,181,11,-1,-3.533333333339335,0.0,36,0
3737,182,8,1,-4.533333333339396,0.0,37,0
3737,183,6,-1,-5.533333333339446,0.0,38,0
3737,184,9,1,-6.533333333339497,0.0,39,0
3737,185,10,1,-7.533333333339556,0.0,40,0
3737,186,4,1,-8.533333333339606,0.0,41,0
3737,187,7,1,-9.533333333339664,0.0,42,0
3737,188,3,1,-10.533333333339716,0.0,43,0
