time_step,passenger_sequence,target_x,target_y,current_x,current_y,current_cell,state
3316,145,23,1,22.133333333329535,0.0,10,0
3316,146,29,1,21.199999999996123,0.0,11,0
3316,147,25,-1,20.26666666666272,0.0,12,0
3316,150,19,1,16.466666666662473,0.0,16,0
3316,152,20,-1,12.899999999995693,0.0,19,0
3316,153,20,1,12.566666666662293,0.0,19,0
3316,154,15,-1,11.033333333328903,0.0,21,0
3316,155,17,-1,11.799999999995505,0.0,20,0
3316,156,18,1,10.866666666662121,0.0,21,0
3316,157,19,-1,8.933333333328733,0.0,23,0
3316,158,12,-1,7.999999999995341,0.0,24,0
3316,159,21,1,6.966666666661951,0.0,25,0
3316,160,21,-1,6.133333333328558,0.0,26,0
3316,161,12,1,5.099999999995173,0.0,27,0
3316,162,15,1,2.466666666661782,0.0,30,0
3316,163,17,1,1.5333333333283858,0.0,30,0
3316,164,18,-1,0.5999999999949901,0.0,31,0
3316,165,13,1,-0.4000000000050634,0.0,32,0
3316,166,16,1,-1.4000000000051256,0.0,33,0
3316,167,14,-1,-2.4000000000051886,0.0,34,0
3316,168,3,-1,-3.4000000000052433,0.0,35,0
3316,169,4,-1,-4.400000000005305,0.0,36,0
3316,170,10,-1,-5.400000000005363,0.0,37,0
3316,171,7,-1,-6.400000000005413,0.0,38,0
3316,172,2,-1,-7.4000000000054715,0.0,39,0
3316,173,11,1,-8.400000000005523,0.0,40,0
3316,174,8,-1,-9.40000000000558,0.0,41,0
3316,175,5,1,-10.400000000005631,0.0,42,0
3316,176,6,1,-11.40000000000569,0.0,43,0
3316,177,9,-1,-12.40000000000574,0.0,44,0
3316,178,1,-1,-13.400000000005798,0.0,45,0
3316,179,2,1,-14.40000000000585,0.0,46,0
3316,180,5,-1,-15.400000000005907,0.0,47,0
3316,181,11,-1,-16.400000000005964,0.0,48,0
3316,182,8,1,-17.400000000006038,0.0,49,0
3316,183,6,-1,-18.400000000006106,0.0,50,0
3316,184,9,1,-19.400000000006173,0.0,51,0
3316,185,10,1,-20.400000000006248,0.0,52,0
3316,186,4,1,-21.400000000006315,0.0,53,0
3316,187,7,1,-22.40000000000639,0.0,54,0
3316,188,3,1,-23.400000000006457,0.0,55,0
