time_step,passenger_sequence,target_x,target_y,current_x,current_y,current_cell,state
3346,146,29,1,24.199999999996166,0.0,8,0
3346,147,25,-1,21.566666666662737,0.0,10,0
3346,150,19,1,17.76666666666249,0.0,14,0
3346,152,20,-1,15.899999999995682,0.0,16,0
3346,153,20,1,13.866666666662288,0.0,18,0
3346,154,15,-1,14.033333333328892,0.0,18,0
3346,155,17,-1,13.0999999999955,0.0,19,0
3346,156,18,1,12.166666666662117,0.0,20,0
3346,157,19,-1,10.233333333328728,0.0,22,0
3346,158,12,-1,9.299999999995336,0.0,23,0
3346,159,21,1,8.266666666661946,0.0,24,0
3346,160,21,-1,7.433333333328553,0.0,25,0
3346,161,12,1,6.399999999995169,0.0,26,0
3346,162,15,1,3.766666666661783,0.0,28,0
3346,163,17,1,2.8333333333283868,0.0,29,0
3346,164,18,-1,1.8999999999949908,0.0,30,0
3346,165,13,1,0.9666666666616032,0.0,31,0
3346,166,16,1,0.03333333332820784,0.0,32,0
3346,167,14,-1,-0.9666666666718541,0.0,33,0
3346,168,3,-1,-1.9666666666719084,0.0,34,0
3346,169,4,-1,-2.9666666666719714,0.0,35,0
3346,170,10,-1,-3.9666666666720345,0.0,36,0
3346,171,7,-1,-4.966666666672085,0.0,37,0
3346,172,2,-1,-5.966666666672143,0.0,38,0
3346,173,11,1,-6.966666666672195,0.0,39,0
3346,174,8,-1,-7.966666666672252,0.0,40,0
3346,175,5,1,-8.966666666672303,0.0,41,0
3346,176,6,1,-9.966666666672362,0.0,42,0
3346,177,9,-1,-10.966666666672412,0.0,43,0
3346,178,1,-1,-11.96666666667247,0.0,44,0
3346,179,2,1,-12.966666666672522,0.0,45,0
3346,180,5,-1,-13.966666666672579,0.0,46,0
3346,181,11,-1,-14.96666666667263,0.0,47,0
3346,182,8,1,-15.966666666672689,0.0,48,0
3346,183,6,-1,-16.966666666672754,0.0,49,0
3346,184,9,1,-17.966666666672822,0.0,50,0
3346,185,10,1,-18.966666666672896,0.0,51,0
3346,186,4,1,-19.966666666672964,0.0,52,0
3346,187,7,1,-20.96666666667304,0.0,53,0
3346,188,3,1,-21.966666666673106,0.0,54,0
