time_step,passenger_sequence,target_x,target_y,current_x,current_y,current_cell,state
4053,184,9,1,8.53333333332715,0.0,23,2
4053,185,10,1,7.499999999993758,0.0,25,1
4053,187,7,1,3.933333333326988,0.0,28,1
4053,188,3,1,2.5999999999935985,0.0,29,2
