time_step,passenger_sequence,target_x,target_y,current_x,current_y,current_cell,state
4034,184,9,1,7.633333333327153,0.0,24,0
4034,185,10,1,6.699999999993761,0.0,25,0
4034,187,7,1,3.1333333333269873,0.0,29,0
4034,188,3,1,2.199999999993598,0.0,30,0
