time_step,passenger_sequence,target_x,target_y,current_x,current_y,current_cell,state
2962,134,9,1,7.5666666666636075,0.0,24,0
2962,136,11,1,5.099999999996822,0.0,27,0
2962,137,10,-1,5.266666666663424,0.0,27,0
2962,138,7,-1,3.233333333330032,0.0,29,0
2962,139,10,1,2.2999999999966394,0.0,30,0
2962,140,2,-1,1.3666666666632377,0.0,31,0
2962,141,4,-1,0.43333333332984214,0.0,32,0
2962,142,3,1,-0.5666666666702199,0.0,33,0
2962,143,9,-1,-1.5666666666702809,0.0,34,0
2962,144,5,1,-2.5666666666703475,0.0,35,0
2962,145,3,-1,-3.5666666666704177,0.0,36,0
2962,146,11,-1,-4.566666666670477,0.0,37,0
2962,147,19,-1,-5.566666666670532,0.0,38,0
2962,148,14,-1,-6.5666666666705975,0.0,39,0
2962,149,17,1,-7.566666666670654,0.0,40,0
2962,150,13,-1,-8.566666666670713,0.0,41,0
2962,151,12,-1,-9.566666666670772,0.0,42,0
2962,152,17,-1,-10.566666666670836,0.0,43,0
2962,153,18,-1,-11.566666666670901,0.0,44,0
2962,154,15,-1,-12.56666666667096,0.0,45,0
2962,155,15,1,-13.566666666671017,0.0,46,0
2962,156,16,1,-14.566666666671075,0.0,47,0
2962,157,18,1,-15.566666666671134,0.0,48,0
2962,158,12,1,-16.5666666666712,0.0,49,0
2962,159,20,-1,-17.566666666671274,0.0,50,0
2962,160,14,1,-18.566666666671356,0.0,51,0
2962,161,16,-1,-19.56666666667143,0.0,52,0
2962,162,21,1,-20.566666666671505,0.0,53,0
2962,163,13,1,-21.56666666667158,0.0,54,0
2962,164,21,-1,-22.566666666671654,0.0,55,0
2962,165,20,1,-23.56666666667173,0.0,56,0
2962,166,19,1,-24.566666666671804,0.0,57,0
2962,167,26,-1,-25.56666666667188,0.0,58,0
2962,168,32,-1,-26.566666666671953,0.0,59,0
2962,169,23,1,-27.566666666672027,0.0,60,0
2962,170,30,-1,-28.566666666672102,0.0,61,0
2962,171,22,-1,-29.566666666672177,0.0,62,0
2962,172,32,1,-30.56666666667225,0.0,63,0
2962,173,24,-1,-31.566666666672326,0.0,64,0
2962,174,27,-1,-32.566666666672404,0.0,65,0
2962,175,22,1,-33.566666666672475,0.0,66,0
2962,176,23,-1,-34.56666666667255,0.0,67,0
2962,177,26,1,-35.56666666667263,0.0,68,0
2962,178,28,-1,-36.56666666667271,0.0,69,0
2962,179,25,-1,-37.56666666667278,0.0,70,0
2962,180,30,1,-38.56666666667286,0.0,71,0
2962,181,28,1,-39.56666666667294,0.0,72,0
2962,182,24,1,-40.566666666673015,0.0,73,0
2962,183,25,1,-41.566666666673086,0.0,74,0
2962,184,31,1,-42.566666666673164,0.0,75,0
2962,185,29,-1,-43.566666666673235,0.0,76,0
2962,186,27,1,-44.566666666673314,0.0,77,0
2962,187,29,1,-45.56666666667339,0.0,78,0
2962,188,31,-1,-46.56666666667346,0.0,79,0
