time_step,passenger_sequence,target_x,target_y,current_x,current_y,current_cell,state
3351,147,19,-1,16.433333333329433,0.0,16,0
3351,149,17,1,12.86666666666264,0.0,19,0
3351,150,13,-1,11.933333333329248,0.0,20,0
3351,151,12,-1,10.999999999995856,0.0,21,0
3351,152,17,-1,10.066666666662458,0.0,22,0
3351,153,18,-1,9.133333333329059,0.0,23,0
3351,154,15,-1,8.199999999995667,0.0,24,0
3351,155,15,1,7.266666666662276,0.0,25,0
3351,156,16,1,6.333333333328884,0.0,26,0
3351,157,18,1,5.399999999995492,0.0,27,0
3351,158,12,1,4.4666666666621015,0.0,28,0
3351,159,20,-1,3.533333333328707,0.0,28,0
3351,160,14,1,2.599999999995304,0.0,29,0
3351,161,16,-1,1.6666666666619092,0.0,30,0
3351,162,21,1,0.7333333333285134,0.0,31,0
3351,163,13,1,-0.20000000000488202,0.0,32,0
3351,164,21,-1,-1.2000000000049427,0.0,33,0
3351,165,20,1,-2.2000000000050055,0.0,34,0
3351,166,19,1,-3.2000000000050686,0.0,35,0
3351,167,26,-1,-4.200000000005129,0.0,36,0
3351,168,32,-1,-5.200000000005188,0.0,37,0
3351,169,23,1,-6.200000000005247,0.0,38,0
3351,170,30,-1,-7.2000000000053035,0.0,39,0
3351,171,22,-1,-8.200000000005362,0.0,40,0
3351,172,32,1,-9.20000000000542,0.0,41,0
3351,173,24,-1,-10.200000000005478,0.0,42,0
3351,174,27,-1,-11.200000000005536,0.0,43,0
3351,175,22,1,-12.200000000005588,0.0,44,0
3351,176,23,-1,-13.200000000005645,0.0,45,0
3351,177,26,1,-14.200000000005703,0.0,46,0
3351,178,28,-1,-15.200000000005762,0.0,47,0
3351,179,25,-1,-16.200000000005815,0.0,48,0
3351,180,30,1,-17.20000000000589,0.0,49,0
3351,181,28,1,-18.200000000005964,0.0,50,0
3351,182,24,1,-19.20000000000604,0.0,51,0
3351,183,25,1,-20.200000000006106,0.0,52,0
3351,184,31,1,-21.20000000000618,0.0,53,0
3351,185,29,-1,-22.20000000000625,0.0,54,0
3351,186,27,1,-23.200000000006323,0.0,55,0
3351,187,29,1,-24.200000000006398,0.0,56,0
3351,188,31,-1,-25.200000000006465,0.0,57,0
