time_step,passenger_sequence,target_x,target_y,current_x,current_y,current_cell,state
3417,149,17,1,16.566666666662638,0.0,15,2
3417,152,17,-1,12.16666666666245,0.0,20,1
3417,153,18,-1,11.233333333329051,0.0,21,1
3417,154,15,-1,10.29999999999566,0.0,22,1
3417,155,15,1,9.366666666662269,0.0,23,1
3417,156,16,1,8.433333333328877,0.0,24,1
3417,157,18,1,8.79999999999548,0.0,23,0
3417,158,12,1,6.566666666662094,0.0,25,1
3417,159,20,-1,5.633333333328702,0.0,26,1
3417,160,14,1,4.699999999995303,0.0,27,1
3417,161,16,-1,3.766666666661911,0.0,28,1
3417,162,21,1,2.8333333333285147,0.0,29,1
3417,163,13,1,1.8999999999951187,0.0,30,1
3417,164,21,-1,0.966666666661724,0.0,31,1
3417,165,20,1,0.033333333328328635,0.0,32,1
3417,166,19,1,-0.9666666666717333,0.0,33,1
3417,167,26,-1,-1.9666666666717947,0.0,34,1
3417,168,32,-1,-2.9666666666718577,0.0,35,1
3417,169,23,1,-3.966666666671921,0.0,36,1
3417,170,30,-1,-4.966666666671978,0.0,37,1
3417,171,22,-1,-5.966666666672037,0.0,38,1
3417,172,32,1,-6.966666666672095,0.0,39,1
3417,173,24,-1,-7.966666666672152,0.0,40,1
3417,174,27,-1,-8.96666666667221,0.0,41,1
3417,175,22,1,-9.966666666672262,0.0,42,1
3417,176,23,-1,-10.96666666667232,0.0,43,1
3417,177,26,1,-11.966666666672378,0.0,44,1
3417,178,28,-1,-12.966666666672436,0.0,45,1
3417,179,25,-1,-13.966666666672486,0.0,46,1
3417,180,30,1,-14.966666666672545,0.0,47,1
3417,181,28,1,-15.966666666672603,0.0,48,1
3417,182,24,1,-16.966666666672676,0.0,49,1
3417,183,25,1,-17.966666666672744,0.0,50,1
3417,184,31,1,-18.96666666667282,0.0,51,1
3417,185,29,-1,-19.966666666672886,0.0,52,1
3417,186,27,1,-20.96666666667296,0.0,53,1
3417,187,29,1,-21.966666666673035,0.0,54,1
3417,188,31,-1,-22.966666666673103,0.0,55,1
