time_step,passenger_sequence,target_x,target_y,current_x,current_y,current_cell,state
3791,167,26,-1,20.366666666661562,0.0,12,0
3791,168,32,-1,19.433333333328154,0.0,13,0
3791,169,23,1,16.799999999994718,0.0,15,0
3791,170,30,-1,17.566666666661337,0.0,14,0
3791,171,22,-1,14.933333333327923,0.0,17,0
3791,172,32,1,13.99999999999453,0.0,18,0
3791,173,24,-1,14.366666666661136,0.0,18,0
3791,174,27,-1,12.233333333327748,0.0,20,0
3791,175,22,1,11.699999999994361,0.0,20,0
3791,176,23,-1,10.266666666660972,0.0,22,0
3791,177,26,1,10.633333333327576,0.0,21,0
3791,178,28,-1,10.199999999994182,0.0,22,0
3791,179,25,-1,9.166666666660799,0.0,23,0
3791,180,30,1,6.533333333327413,0.0,25,0
3791,181,28,1,5.59999999999402,0.0,26,0
3791,182,24,1,4.66666666666063,0.0,27,0
3791,183,25,1,3.7333333333272436,0.0,28,0
3791,184,31,1,2.7999999999938474,0.0,29,0
3791,185,29,-1,1.8666666666604599,0.0,30,0
3791,186,27,1,0.9333333333270638,0.0,31,0
3791,187,29,1,-6.331518642710421e-12,0.0,32,0
3791,188,31,-1,-1.000000000006385,0.0,33,0
