time_step,passenger_sequence,target_x,target_y,current_x,current_y,current_cell,state
3794,167,26,-1,20.666666666661566,0.0,11,0
3794,168,32,-1,19.733333333328158,0.0,12,0
3794,169,23,1,17.099999999994722,0.0,15,0
3794,170,30,-1,17.86666666666134,0.0,14,0
3794,171,22,-1,15.233333333327922,0.0,17,0
3794,172,32,1,14.29999999999453,0.0,18,0
3794,173,24,-1,14.666666666661134,0.0,17,0
3794,174,27,-1,12.533333333327747,0.0,19,0
3794,175,22,1,11.99999999999436,0.0,20,0
3794,176,23,-1,10.566666666660971,0.0,21,0
3794,177,26,1,10.933333333327575,0.0,21,0
3794,178,28,-1,10.49999999999418,0.0,22,0
3794,179,25,-1,9.466666666660798,0.0,23,0
3794,180,30,1,6.8333333333274116,0.0,25,0
3794,181,28,1,5.899999999994019,0.0,26,0
3794,182,24,1,4.966666666660629,0.0,27,0
3794,183,25,1,4.033333333327244,0.0,28,0
3794,184,31,1,3.0999999999938477,0.0,29,0
3794,185,29,-1,2.16666666666046,0.0,30,0
3794,186,27,1,1.233333333327064,0.0,31,0
3794,187,29,1,0.2999999999936685,0.0,32,0
3794,188,31,-1,-0.700000000006385,0.0,33,0
