time_step,passenger_sequence,target_x,target_y,current_x,current_y,current_cell,state
3894,168,32,-1,28.033333333328276,0.0,4,0
3894,170,30,-1,26.16666666666146,0.0,6,0
3894,172,32,1,22.599999999994616,0.0,9,0
3894,173,24,-1,21.266666666661205,0.0,11,0
3894,174,27,-1,20.033333333327793,0.0,12,0
3894,175,22,1,18.59999999999438,0.0,13,0
3894,176,23,-1,18.066666666660982,0.0,14,0
3894,177,26,1,17.53333333332758,0.0,14,0
3894,178,28,-1,16.299999999994164,0.0,16,0
3894,179,25,-1,15.266666666660777,0.0,17,0
3894,180,30,1,12.633333333327391,0.0,19,0
3894,181,28,1,11.699999999993999,0.0,20,0
3894,182,24,1,10.766666666660608,0.0,21,0
3894,183,25,1,10.63333333332722,0.0,21,0
3894,184,31,1,9.699999999993828,0.0,22,0
3894,185,29,-1,7.966666666660448,0.0,24,0
3894,186,27,1,7.033333333327056,0.0,25,0
3894,187,29,1,6.099999999993663,0.0,26,0
3894,188,31,-1,5.16666666666028,0.0,27,0
