time_step,passenger_sequence,target_x,target_y,current_x,current_y,current_cell,state
3687,162,21,1,19.23333333332852,0.0,13,0
3687,164,21,-1,16.26666666666169,0.0,16,0
3687,165,20,1,16.8333333333283,0.0,15,0
3687,166,19,1,15.499999999994895,0.0,17,0
3687,167,26,-1,13.466666666661508,0.0,19,0
3687,168,32,-1,14.23333333332811,0.0,18,0
3687,169,23,1,11.599999999994724,0.0,20,0
3687,170,30,-1,12.366666666661327,0.0,20,0
3687,171,22,-1,9.733333333327941,0.0,22,0
3687,172,32,1,8.799999999994549,0.0,23,0
3687,173,24,-1,7.866666666661159,0.0,24,0
3687,174,27,-1,6.9333333333277665,0.0,25,0
3687,175,22,1,5.999999999994381,0.0,26,0
3687,176,23,-1,5.066666666660991,0.0,27,0
3687,177,26,1,4.133333333327599,0.0,28,0
3687,178,28,-1,3.199999999994203,0.0,29,0
3687,179,25,-1,2.2666666666608153,0.0,30,0
3687,180,30,1,1.3333333333274193,0.0,31,0
3687,181,28,1,0.3999999999940238,0.0,32,0
3687,182,24,1,-0.6000000000060368,0.0,33,0
3687,183,25,1,-1.600000000006092,0.0,34,0
3687,184,31,1,-2.600000000006155,0.0,35,0
3687,185,29,-1,-3.60000000000621,0.0,36,0
3687,186,27,1,-4.60000000000627,0.0,37,0
3687,187,29,1,-5.600000000006329,0.0,38,0
3687,188,31,-1,-6.6000000000063785,0.0,39,0
