time_step,passenger_sequence,target_x,target_y,current_x,current_y,current_cell,state
3795,167,26,-1,20.766666666661568,0.0,11,0
3795,168,32,-1,19.83333333332816,0.0,12,0
3795,169,23,1,17.199999999994724,0.0,15,0
3795,170,30,-1,17.966666666661343,0.0,14,0
3795,171,22,-1,15.333333333327921,0.0,17,0
3795,172,32,1,14.39999999999453,0.0,18,0
3795,173,24,-1,14.766666666661134,0.0,17,0
3795,174,27,-1,12.633333333327746,0.0,19,0
3795,175,22,1,12.09999999999436,0.0,20,0
3795,176,23,-1,10.666666666660971,0.0,21,0
3795,177,26,1,11.033333333327574,0.0,21,0
3795,178,28,-1,10.59999999999418,0.0,21,0
3795,179,25,-1,9.566666666660797,0.0,22,0
3795,180,30,1,6.933333333327411,0.0,25,0
3795,181,28,1,5.999999999994019,0.0,26,0
3795,182,24,1,5.066666666660629,0.0,27,0
3795,183,25,1,4.1333333333272435,0.0,28,0
3795,184,31,1,3.1999999999938478,0.0,29,0
3795,185,29,-1,2.26666666666046,0.0,30,0
3795,186,27,1,1.333333333327064,0.0,31,0
3795,187,29,1,0.39999999999366853,0.0,32,0
3795,188,31,-1,-0.600000000006385,0.0,33,0
