time_step,passenger_sequence,target_x,target_y,current_x,current_y,current_cell,state
3904,168,32,-1,29.299999999994956,0.0,3,0
3904,170,30,-1,27.166666666661474,0.0,5,0
3904,172,32,1,23.59999999999463,0.0,8,0
3904,173,24,-1,22.26666666666122,0.0,10,0
3904,174,27,-1,21.033333333327807,0.0,11,0
3904,175,22,1,19.599999999994395,0.0,12,0
3904,176,23,-1,19.066666666660996,0.0,13,0
3904,177,26,1,18.533333333327594,0.0,13,0
3904,178,28,-1,17.299999999994178,0.0,15,0
3904,179,25,-1,16.26666666666078,0.0,16,0
3904,180,30,1,13.633333333327387,0.0,18,0
3904,181,28,1,12.699999999993995,0.0,19,0
3904,182,24,1,11.766666666660605,0.0,20,0
3904,183,25,1,11.633333333327217,0.0,20,0
3904,184,31,1,10.699999999993825,0.0,21,0
3904,185,29,-1,8.966666666660444,0.0,23,0
3904,186,27,1,8.033333333327052,0.0,24,0
3904,187,29,1,7.09999999999366,0.0,25,0
3904,188,31,-1,6.1666666666602765,0.0,26,0
