time_step,passenger_sequence,target_x,target_y,current_x,current_y,current_cell,state
4131,180,30,1,25.633333333327517,0.0,6,0
4131,181,28,1,23.299999999994085,0.0,9,0
4131,182,24,1,22.26666666666068,0.0,10,0
4131,183,25,1,22.8333333333273,0.0,9,0
4131,184,31,1,20.199999999993864,0.0,12,0
4131,185,29,-1,21.166666666660493,0.0,11,0
4131,186,27,1,19.433333333327074,0.0,13,0
4131,187,29,1,17.499999999993648,0.0,15,0
4131,188,31,-1,15.666666666660243,0.0,16,0
