time_step,passenger_sequence,target_x,target_y,current_x,current_y,current_cell,state
4247,184,31,1,28.39999999999398,0.0,4,0
4247,185,29,-1,27.26666666666058,0.0,5,0
4247,186,27,1,25.53333333332716,0.0,6,0
4247,187,29,1,23.599999999993734,0.0,8,0
4247,188,31,-1,21.766666666660324,0.0,10,0
