time_step,passenger_sequence,target_x,target_y,current_x,current_y,current_cell,state
4278,184,31,1,30.63333333332733,0.0,499,3
4278,185,29,-1,28.5666666666606,0.0,3,2
4278,187,29,1,24.499999999993747,0.0,8,1
4278,188,31,-1,22.666666666660337,0.0,9,1
