time_step,passenger_sequence,target_x,target_y,current_x,current_y,current_cell,state
4185,180,30,1,29.633333333327567,0.0,499,3
4185,181,28,1,26.999999999994138,0.0,5,0
4185,184,31,1,23.899999999993916,0.0,8,0
4185,185,29,-1,22.766666666660516,0.0,9,0
4185,186,27,1,21.033333333327096,0.0,11,0
4185,187,29,1,19.09999999999367,0.0,13,0
4185,188,31,-1,17.26666666666026,0.0,15,0
