time_step,passenger_sequence,target_x,target_y,current_x,current_y,current_cell,state
4217,184,31,1,25.399999999993938,0.0,7,0
4217,185,29,-1,24.266666666660537,0.0,8,0
4217,186,27,1,22.533333333327118,0.0,9,0
4217,187,29,1,20.599999999993692,0.0,11,0
4217,188,31,-1,18.76666666666028,0.0,13,0
