time_step,passenger_sequence,target_x,target_y,current_x,current_y,current_cell,state
3413,144,19,2,16.433333333329518,0.0,16,0
3413,145,20,2,17.19999999999613,0.0,15,0
3413,146,21,2,14.566666666662726,0.0,17,0
3413,147,22,2,15.333333333329328,0.0,17,0
3413,148,23,2,12.69999999999595,0.0,19,0
3413,149,24,2,13.466666666662553,0.0,19,0
3413,150,25,2,12.53333333332916,0.0,19,0
3413,151,26,2,9.899999999995774,0.0,22,0
3413,152,27,2,10.666666666662385,0.0,21,0
3413,153,28,2,8.033333333328999,0.0,24,0
3413,154,29,2,8.7999999999956,0.0,23,0
3413,155,30,2,6.166666666662216,0.0,26,0
3413,156,31,2,5.233333333328824,0.0,27,0
3413,157,32,2,4.299999999995439,0.0,28,0
3413,159,3,3,2.133333333328649,0.0,30,0
3413,160,4,3,1.1999999999952602,0.0,31,0
3413,161,5,3,0.26666666666186617,0.0,32,0
3413,162,6,3,-0.7333333333381958,0.0,33,0
3413,163,7,3,-1.7333333333382583,0.0,34,0
3413,164,8,3,-2.733333333338313,0.0,35,0
3413,165,9,3,-3.733333333338376,0.0,36,0
3413,166,10,3,-4.733333333338436,0.0,37,0
3413,167,11,3,-5.733333333338486,0.0,38,0
3413,168,12,3,-6.733333333338544,0.0,39,0
3413,169,13,3,-7.733333333338603,0.0,40,0
3413,170,14,3,-8.73333333333866,0.0,41,0
3413,171,15,3,-9.733333333338711,0.0,42,0
3413,172,16,3,-10.73333333333877,0.0,43,0
3413,173,17,3,-11.733333333338827,0.0,44,0
3413,174,18,3,-12.733333333338885,0.0,45,0
3413,175,19,3,-13.733333333338937,0.0,46,0
3413,176,20,3,-14.733333333338994,0.0,47,0
3413,177,21,3,-15.733333333339052,0.0,48,0
3413,178,22,3,-16.733333333339115,0.0,49,0
3413,179,23,3,-17.73333333333919,0.0,50,0
3413,180,24,3,-18.733333333339264,0.0,51,0
3413,181,25,3,-19.73333333333933,0.0,52,0
3413,182,26,3,-20.733333333339406,0.0,53,0
3413,183,27,3,-21.733333333339473,0.0,54,0
3413,184,28,3,-22.733333333339548,0.0,55,0
3413,185,29,3,-23.733333333339615,0.0,56,0
3413,186,30,3,-24.73333333333969,0.0,57,0
3413,187,31,3,-25.733333333339758,0.0,58,0
3413,188,32,3,-26.733333333339832,0.0,59,0
