time_step,passenger_sequence,target_x,target_y,current_x,current_y,current_cell,state
3526,148,23,2,20.599999999996,0.0,11,0
3526,149,24,2,19.666666666662596,0.0,12,0
3526,150,25,2,18.433333333329184,0.0,14,0
3526,151,26,2,15.799999999995753,0.0,16,0
3526,152,27,2,16.566666666662375,0.0,15,0
3526,153,28,2,13.933333333328978,0.0,18,0
3526,154,29,2,14.69999999999558,0.0,17,0
3526,155,30,2,12.066666666662195,0.0,20,0
3526,156,31,2,11.133333333328803,0.0,21,0
3526,157,32,2,10.199999999995418,0.0,22,0
3526,161,5,3,2.8666666666618674,0.0,29,0
3526,162,6,3,1.9333333333284715,0.0,30,0
3526,163,7,3,0.9999999999950753,0.0,31,0
3526,164,8,3,0.06666666666168852,0.0,32,0
3526,165,9,3,-0.9333333333383734,0.0,33,0
3526,166,10,3,-1.9333333333384362,0.0,34,0
3526,167,11,3,-2.933333333338491,0.0,35,0
3526,168,12,3,-3.933333333338554,0.0,36,0
3526,169,13,3,-4.933333333338613,0.0,37,0
3526,170,14,3,-5.93333333333867,0.0,38,0
3526,171,15,3,-6.933333333338721,0.0,39,0
3526,172,16,3,-7.93333333333878,0.0,40,0
3526,173,17,3,-8.933333333338837,0.0,41,0
3526,174,18,3,-9.933333333338895,0.0,42,0
3526,175,19,3,-10.933333333338947,0.0,43,0
3526,176,20,3,-11.933333333339004,0.0,44,0
3526,177,21,3,-12.933333333339062,0.0,45,0
3526,178,22,3,-13.933333333339114,0.0,46,0
3526,179,23,3,-14.93333333333917,0.0,47,0
3526,180,24,3,-15.93333333333923,0.0,48,0
3526,181,25,3,-16.933333333339295,0.0,49,0
3526,182,26,3,-17.93333333333937,0.0,50,0
3526,183,27,3,-18.933333333339437,0.0,51,0
3526,184,28,3,-19.93333333333951,0.0,52,0
3526,185,29,3,-20.93333333333958,0.0,53,0
3526,186,30,3,-21.933333333339654,0.0,54,0
3526,187,31,3,-22.93333333333972,0.0,55,0
3526,188,32,3,-23.933333333339796,0.0,56,0
