time_step,passenger_sequence,target_x,target_y,current_x,current_y,current_cell,state
3685,152,27,2,25.666666666662504,0.0,6,0
3685,153,28,2,24.733333333329096,0.0,7,0
3685,154,29,2,23.799999999995684,0.0,8,0
3685,155,30,2,21.166666666662255,0.0,11,0
3685,156,31,2,20.233333333328847,0.0,12,0
3685,157,32,2,19.299999999995443,0.0,13,0
3685,164,8,3,6.866666666661681,0.0,25,0
3685,165,9,3,5.933333333328289,0.0,26,0
3685,166,10,3,4.9999999999948965,0.0,27,0
3685,167,11,3,4.066666666661513,0.0,28,0
3685,168,12,3,3.133333333328117,0.0,29,0
3685,169,13,3,2.199999999994721,0.0,30,0
3685,170,14,3,1.2666666666613262,0.0,31,0
3685,171,15,3,0.33333333332793785,0.0,32,0
3685,172,16,3,-0.6666666666721242,0.0,33,0
3685,173,17,3,-1.6666666666721852,0.0,34,0
3685,174,18,3,-2.6666666666722483,0.0,35,0
3685,175,19,3,-3.6666666666723042,0.0,36,0
3685,176,20,3,-4.666666666672363,0.0,37,0
3685,177,21,3,-5.6666666666724215,0.0,38,0
3685,178,22,3,-6.666666666672473,0.0,39,0
3685,179,23,3,-7.66666666667253,0.0,40,0
3685,180,24,3,-8.666666666672588,0.0,41,0
3685,181,25,3,-9.66666666667264,0.0,42,0
3685,182,26,3,-10.666666666672697,0.0,43,0
3685,183,27,3,-11.666666666672748,0.0,44,0
3685,184,28,3,-12.666666666672807,0.0,45,0
3685,185,29,3,-13.666666666672857,0.0,46,0
3685,186,30,3,-14.666666666672915,0.0,47,0
3685,187,31,3,-15.666666666672967,0.0,48,0
3685,188,32,3,-16.666666666673034,0.0,49,0
