time_step,passenger_sequence,target_x,target_y,current_x,current_y,current_cell,state
3531,148,23,2,21.099999999996008,0.0,11,0
3531,149,24,2,20.166666666662604,0.0,12,0
3531,150,25,2,18.93333333332919,0.0,13,0
3531,151,26,2,16.299999999995755,0.0,16,0
3531,152,27,2,17.066666666662382,0.0,15,0
3531,153,28,2,14.433333333328976,0.0,18,0
3531,154,29,2,15.199999999995578,0.0,17,0
3531,155,30,2,12.566666666662194,0.0,19,0
3531,156,31,2,11.633333333328801,0.0,20,0
3531,157,32,2,10.699999999995416,0.0,21,0
3531,161,5,3,3.366666666661868,0.0,29,0
3531,162,6,3,2.4333333333284717,0.0,30,0
3531,163,7,3,1.4999999999950757,0.0,31,0
3531,164,8,3,0.5666666666616885,0.0,31,0
3531,165,9,3,-0.43333333333837354,0.0,32,0
3531,166,10,3,-1.4333333333384357,0.0,33,0
3531,167,11,3,-2.4333333333384903,0.0,34,0
3531,168,12,3,-3.4333333333385534,0.0,35,0
3531,169,13,3,-4.433333333338615,0.0,36,0
3531,170,14,3,-5.4333333333386715,0.0,37,0
3531,171,15,3,-6.433333333338723,0.0,38,0
3531,172,16,3,-7.433333333338782,0.0,39,0
3531,173,17,3,-8.433333333338839,0.0,40,0
3531,174,18,3,-9.433333333338897,0.0,41,0
3531,175,19,3,-10.433333333338949,0.0,42,0
3531,176,20,3,-11.433333333339005,0.0,43,0
3531,177,21,3,-12.433333333339064,0.0,44,0
3531,178,22,3,-13.433333333339116,0.0,45,0
3531,179,23,3,-14.433333333339172,0.0,46,0
3531,180,24,3,-15.433333333339231,0.0,47,0
3531,181,25,3,-16.433333333339288,0.0,48,0
3531,182,26,3,-17.433333333339363,0.0,49,0
3531,183,27,3,-18.43333333333943,0.0,50,0
3531,184,28,3,-19.433333333339505,0.0,51,0
3531,185,29,3,-20.433333333339572,0.0,52,0
3531,186,30,3,-21.433333333339647,0.0,53,0
3531,187,31,3,-22.433333333339714,0.0,54,0
3531,188,32,3,-23.43333333333979,0.0,55,0
