time_step,passenger_sequence,target_x,target_y,current_x,current_y,current_cell,state
3575,149,24,2,22.866666666662642,0.0,9,0
3575,150,25,2,21.63333333332923,0.0,10,0
3575,151,26,2,20.699999999995818,0.0,11,0
3575,152,27,2,19.76666666666242,0.0,12,0
3575,153,28,2,17.133333333328988,0.0,15,0
3575,154,29,2,17.8999999999956,0.0,14,0
3575,155,30,2,15.266666666662184,0.0,17,0
3575,156,31,2,14.333333333328792,0.0,18,0
3575,157,32,2,13.399999999995407,0.0,19,0
3575,162,6,3,4.83333333332847,0.0,27,0
3575,163,7,3,3.8999999999950776,0.0,28,0
3575,164,8,3,2.96666666666169,0.0,29,0
3575,165,9,3,2.0333333333282937,0.0,30,0
3575,166,10,3,1.0999999999948977,0.0,31,0
3575,167,11,3,0.1666666666615109,0.0,32,0
3575,168,12,3,-0.8333333333385511,0.0,33,0
3575,169,13,3,-1.8333333333386137,0.0,34,0
3575,170,14,3,-2.8333333333386754,0.0,35,0
3575,171,15,3,-3.8333333333387314,0.0,36,0
3575,172,16,3,-4.833333333338791,0.0,37,0
3575,173,17,3,-5.833333333338848,0.0,38,0
3575,174,18,3,-6.833333333338906,0.0,39,0
3575,175,19,3,-7.833333333338958,0.0,40,0
3575,176,20,3,-8.833333333339015,0.0,41,0
3575,177,21,3,-9.833333333339073,0.0,42,0
3575,178,22,3,-10.833333333339125,0.0,43,0
3575,179,23,3,-11.833333333339182,0.0,44,0
3575,180,24,3,-12.83333333333924,0.0,45,0
3575,181,25,3,-13.833333333339292,0.0,46,0
3575,182,26,3,-14.833333333339349,0.0,47,0
3575,183,27,3,-15.8333333333394,0.0,48,0
3575,184,28,3,-16.83333333333947,0.0,49,0
3575,185,29,3,-17.83333333333954,0.0,50,0
3575,186,30,3,-18.833333333339613,0.0,51,0
3575,187,31,3,-19.83333333333968,0.0,52,0
3575,188,32,3,-20.833333333339755,0.0,53,0
