time_step,passenger_sequence,target_x,target_y,current_x,current_y,current_cell,state
3134,124,30,1,29.19999999999757,0.0,3,0
3134,125,31,1,30.533333333330848,0.0,499,3
3134,126,32,1,27.13333333333076,0.0,5,0
3134,137,12,2,8.766666666663294,0.0,23,0
3134,138,13,2,7.833333333329906,0.0,24,0
3134,139,14,2,6.899999999996513,0.0,25,0
3134,140,15,2,5.966666666663123,0.0,26,0
3134,141,16,2,5.033333333329731,0.0,27,0
3134,142,17,2,4.099999999996339,0.0,28,0
3134,143,18,2,3.1666666666629477,0.0,29,0
3134,144,19,2,2.2333333333295515,0.0,30,0
3134,145,20,2,1.2999999999961556,0.0,31,0
3134,146,21,2,0.3666666666627615,0.0,32,0
3134,147,22,2,-0.6333333333373006,0.0,33,0
3134,148,23,2,-1.6333333333373559,0.0,34,0
3134,149,24,2,-2.6333333333374176,0.0,35,0
3134,150,25,2,-3.6333333333374807,0.0,36,0
3134,151,26,2,-4.633333333337541,0.0,37,0
3134,152,27,2,-5.633333333337591,0.0,38,0
3134,153,28,2,-6.633333333337649,0.0,39,0
3134,154,29,2,-7.633333333337708,0.0,40,0
3134,155,30,2,-8.633333333337765,0.0,41,0
3134,156,31,2,-9.633333333337823,0.0,42,0
3134,157,32,2,-10.633333333337875,0.0,43,0
3134,158,2,3,-11.633333333337932,0.0,44,0
3134,159,3,3,-12.63333333333799,0.0,45,0
3134,160,4,3,-13.633333333338042,0.0,46,0
3134,161,5,3,-14.633333333338099,0.0,47,0
3134,162,6,3,-15.633333333338157,0.0,48,0
3134,163,7,3,-16.633333333338225,0.0,49,0
3134,164,8,3,-17.633333333338292,0.0,50,0
3134,165,9,3,-18.633333333338367,0.0,51,0
3134,166,10,3,-19.63333333333844,0.0,52,0
3134,167,11,3,-20.63333333333851,0.0,53,0
3134,168,12,3,-21.633333333338584,0.0,54,0
3134,169,13,3,-22.63333333333866,0.0,55,0
3134,170,14,3,-23.633333333338733,0.0,56,0
3134,171,15,3,-24.6333333333388,0.0,57,0
3134,172,16,3,-25.633333333338875,0.0,58,0
3134,173,17,3,-26.63333333333895,0.0,59,0
3134,174,18,3,-27.633333333339024,0.0,60,0
3134,175,19,3,-28.633333333339092,0.0,61,0
3134,176,20,3,-29.633333333339166,0.0,62,0
3134,177,21,3,-30.63333333333924,0.0,63,0
3134,178,22,3,-31.63333333333931,0.0,64,0
3134,179,23,3,-32.63333333333939,0.0,65,0
3134,180,24,3,-33.633333333339465,0.0,66,0
3134,181,25,3,-34.633333333339536,0.0,67,0
3134,182,26,3,-35.633333333339614,0.0,68,0
3134,183,27,3,-36.633333333339685,0.0,69,0
3134,184,28,3,-37.63333333333976,0.0,70,0
3134,185,29,3,-38.633333333339834,0.0,71,0
3134,186,30,3,-39.63333333333991,0.0,72,0
3134,187,31,3,-40.63333333333998,0.0,73,0
3134,188,32,3,-41.63333333334006,0.0,74,0
