time_step,passenger_sequence,target_x,target_y,current_x,current_y,current_cell,state
3941,170,14,3,11.9666666666613,0.0,20,0
3941,171,15,3,11.033333333327915,0.0,21,0
3941,172,16,3,10.099999999994523,0.0,22,0
3941,173,17,3,8.266666666661136,0.0,24,0
3941,174,18,3,7.333333333327744,0.0,25,0
3941,175,19,3,5.5999999999943615,0.0,26,0
3941,176,20,3,6.366666666660965,0.0,26,0
3941,177,21,3,3.7333333333275776,0.0,28,0
3941,178,22,3,4.499999999994188,0.0,28,0
3941,179,23,3,3.566666666660795,0.0,28,0
3941,180,24,3,0.9333333333273978,0.0,31,0
3941,181,25,3,-5.990458129545573e-12,0.0,32,0
3941,182,26,3,-1.000000000006051,0.0,33,0
3941,183,27,3,-2.0000000000061067,0.0,34,0
3941,184,28,3,-3.0000000000061697,0.0,35,0
3941,185,29,3,-4.000000000006224,0.0,36,0
3941,186,30,3,-5.000000000006283,0.0,37,0
3941,187,31,3,-6.0000000000063345,0.0,38,0
3941,188,32,3,-7.000000000006391,0.0,39,0
