time_step,passenger_sequence,target_x,target_y,current_x,current_y,current_cell,state
3786,155,30,2,26.166666666662326,0.0,6,0
3786,156,31,2,25.23333333332892,0.0,7,0
3786,157,32,2,24.299999999995514,0.0,8,0
3786,167,11,3,6.866666666661503,0.0,25,0
3786,168,12,3,5.933333333328111,0.0,26,0
3786,169,13,3,4.999999999994719,0.0,27,0
3786,170,14,3,4.0666666666613285,0.0,28,0
3786,171,15,3,3.1333333333279394,0.0,29,0
3786,172,16,3,2.199999999994543,0.0,30,0
3786,173,17,3,1.2666666666611486,0.0,31,0
3786,174,18,3,0.3333333333277531,0.0,32,0
3786,175,19,3,-0.6666666666723018,0.0,33,0
3786,176,20,3,-1.6666666666723629,0.0,34,0
3786,177,21,3,-2.666666666672426,0.0,35,0
3786,178,22,3,-3.666666666672482,0.0,36,0
3786,179,23,3,-4.6666666666725405,0.0,37,0
3786,180,24,3,-5.666666666672599,0.0,38,0
3786,181,25,3,-6.666666666672651,0.0,39,0
3786,182,26,3,-7.6666666666727075,0.0,40,0
3786,183,27,3,-8.666666666672759,0.0,41,0
3786,184,28,3,-9.666666666672818,0.0,42,0
3786,185,29,3,-10.666666666672867,0.0,43,0
3786,186,30,3,-11.666666666672926,0.0,44,0
3786,187,31,3,-12.666666666672977,0.0,45,0
3786,188,32,3,-13.666666666673034,0.0,46,0
