time_step,passenger_sequence,target_x,target_y,current_x,current_y,current_cell,state
3812,155,30,2,28.83333333332903,0.0,3,0
3812,156,31,2,27.833333333328955,0.0,4,0
3812,157,32,2,26.89999999999555,0.0,5,0
3812,167,11,3,9.466666666661494,0.0,23,0
3812,168,12,3,8.533333333328102,0.0,23,0
3812,169,13,3,7.59999999999471,0.0,24,0
3812,170,14,3,6.666666666661319,0.0,25,0
3812,171,15,3,5.733333333327934,0.0,26,0
3812,172,16,3,4.799999999994542,0.0,27,0
3812,173,17,3,3.8666666666611507,0.0,28,0
3812,174,18,3,2.9333333333277545,0.0,29,0
3812,175,19,3,1.9999999999943656,0.0,30,0
3812,176,20,3,1.0666666666609708,0.0,31,0
3812,177,21,3,0.13333333332757547,0.0,32,0
3812,178,22,3,-0.8666666666724794,0.0,33,0
3812,179,23,3,-1.8666666666725407,0.0,34,0
3812,180,24,3,-2.8666666666726037,0.0,35,0
3812,181,25,3,-3.8666666666726597,0.0,36,0
3812,182,26,3,-4.866666666672717,0.0,37,0
3812,183,27,3,-5.866666666672769,0.0,38,0
3812,184,28,3,-6.8666666666728275,0.0,39,0
3812,185,29,3,-7.866666666672877,0.0,40,0
3812,186,30,3,-8.866666666672936,0.0,41,0
3812,187,31,3,-9.866666666672987,0.0,42,0
3812,188,32,3,-10.866666666673044,0.0,43,0
