time_step,passenger_sequence,target_x,target_y,current_x,current_y,current_cell,state
3834,155,30,2,29.66666666666237,0.0,2,3
3834,156,31,2,28.333333333328962,0.0,4,0
3834,157,32,2,27.399999999995558,0.0,5,0
3834,167,11,3,9.966666666661492,0.0,22,0
3834,168,12,3,9.0333333333281,0.0,23,0
3834,169,13,3,8.099999999994708,0.0,24,0
3834,170,14,3,7.1666666666613175,0.0,25,0
3834,171,15,3,6.233333333327932,0.0,26,0
3834,172,16,3,5.29999999999454,0.0,27,0
3834,173,17,3,4.36666666666115,0.0,28,0
3834,174,18,3,3.433333333327755,0.0,29,0
3834,175,19,3,2.499999999994366,0.0,30,0
3834,176,20,3,3.2666666666609725,0.0,29,0
3834,177,21,3,0.6333333333275755,0.0,31,0
3834,178,22,3,-0.30000000000581284,0.0,32,0
3834,179,23,3,-1.3000000000058736,0.0,33,0
3834,180,24,3,-2.3000000000059364,0.0,34,0
3834,181,25,3,-3.3000000000059924,0.0,35,0
3834,182,26,3,-4.300000000006053,0.0,36,0
3834,183,27,3,-5.300000000006104,0.0,37,0
3834,184,28,3,-6.300000000006163,0.0,38,0
3834,185,29,3,-7.300000000006213,0.0,39,0
3834,186,30,3,-8.300000000006271,0.0,40,0
3834,187,31,3,-9.300000000006323,0.0,41,0
3834,188,32,3,-10.30000000000638,0.0,42,0
