time_step,passenger_sequence,target_x,target_y,current_x,current_y,current_cell,state
3836,156,31,2,28.533333333328965,0.0,3,0
3836,157,32,2,27.59999999999556,0.0,4,0
3836,167,11,3,10.166666666661492,0.0,22,0
3836,168,12,3,9.2333333333281,0.0,23,0
3836,169,13,3,8.299999999994707,0.0,24,0
3836,170,14,3,7.366666666661317,0.0,25,0
3836,171,15,3,6.433333333327932,0.0,26,0
3836,172,16,3,5.4999999999945395,0.0,27,0
3836,173,17,3,4.566666666661149,0.0,27,0
3836,174,18,3,3.633333333327755,0.0,28,0
3836,175,19,3,2.699999999994366,0.0,29,0
3836,176,20,3,3.4666666666609727,0.0,29,0
3836,177,21,3,0.8333333333275754,0.0,31,0
3836,178,22,3,-0.10000000000581283,0.0,32,0
3836,179,23,3,-1.1000000000058734,0.0,33,0
3836,180,24,3,-2.1000000000059362,0.0,34,0
3836,181,25,3,-3.100000000005992,0.0,35,0
3836,182,26,3,-4.1000000000060535,0.0,36,0
3836,183,27,3,-5.100000000006105,0.0,37,0
3836,184,28,3,-6.100000000006164,0.0,38,0
3836,185,29,3,-7.100000000006213,0.0,39,0
3836,186,30,3,-8.100000000006272,0.0,40,0
3836,187,31,3,-9.100000000006323,0.0,41,0
3836,188,32,3,-10.10000000000638,0.0,42,0
