time_step,passenger_sequence,target_x,target_y,current_x,current_y,current_cell,state
3542,148,23,2,22.199999999996024,0.0,10,0
3542,149,24,2,21.26666666666262,0.0,11,0
3542,150,25,2,20.033333333329207,0.0,12,0
3542,151,26,2,17.39999999999577,0.0,15,0
3542,152,27,2,18.166666666662397,0.0,14,0
3542,153,28,2,15.533333333328972,0.0,16,0
3542,154,29,2,16.299999999995578,0.0,16,0
3542,155,30,2,13.66666666666219,0.0,18,0
3542,156,31,2,12.733333333328797,0.0,19,0
3542,157,32,2,11.799999999995412,0.0,20,0
3542,161,5,3,4.466666666661867,0.0,28,0
3542,162,6,3,3.5333333333284727,0.0,28,0
3542,163,7,3,2.5999999999950765,0.0,29,0
3542,164,8,3,1.666666666661689,0.0,30,0
3542,165,9,3,0.7333333333282931,0.0,31,0
3542,166,10,3,-0.2000000000051023,0.0,32,0
3542,167,11,3,-1.2000000000051558,0.0,33,0
3542,168,12,3,-2.2000000000052187,0.0,34,0
3542,169,13,3,-3.2000000000052817,0.0,35,0
3542,170,14,3,-4.200000000005343,0.0,36,0
3542,171,15,3,-5.200000000005394,0.0,37,0
3542,172,16,3,-6.200000000005453,0.0,38,0
3542,173,17,3,-7.2000000000055095,0.0,39,0
3542,174,18,3,-8.200000000005568,0.0,40,0
3542,175,19,3,-9.20000000000562,0.0,41,0
3542,176,20,3,-10.200000000005677,0.0,42,0
3542,177,21,3,-11.200000000005735,0.0,43,0
3542,178,22,3,-12.200000000005787,0.0,44,0
3542,179,23,3,-13.200000000005844,0.0,45,0
3542,180,24,3,-14.200000000005902,0.0,46,0
3542,181,25,3,-15.200000000005954,0.0,47,0
3542,182,26,3,-16.200000000006014,0.0,48,0
3542,183,27,3,-17.20000000000608,0.0,49,0
3542,184,28,3,-18.200000000006156,0.0,50,0
3542,185,29,3,-19.200000000006224,0.0,51,0
3542,186,30,3,-20.2000000000063,0.0,52,0
3542,187,31,3,-21.200000000006366,0.0,53,0
3542,188,32,3,-22.20000000000644,0.0,54,0
