time_step,passenger_sequence,target_x,target_y,current_x,current_y,current_cell,state
3990,171,15,3,14.233333333327904,0.0,18,0
3990,172,16,3,13.299999999994512,0.0,19,0
3990,173,17,3,11.466666666661125,0.0,21,0
3990,174,18,3,10.533333333327732,0.0,21,0
3990,175,19,3,8.79999999999435,0.0,23,0
3990,176,20,3,9.566666666660954,0.0,22,0
3990,177,21,3,8.633333333327561,0.0,23,0
3990,178,22,3,7.699999999994176,0.0,24,0
3990,179,23,3,6.766666666660786,0.0,25,0
3990,180,24,3,4.1333333333274,0.0,28,0
3990,181,25,3,4.899999999994009,0.0,27,0
3990,182,26,3,2.2666666666606163,0.0,30,0
3990,183,27,3,1.3333333333272275,0.0,31,0
3990,184,28,3,0.39999999999383196,0.0,32,0
3990,185,29,3,-0.6000000000062216,0.0,33,0
3990,186,30,3,-1.600000000006284,0.0,34,0
3990,187,31,3,-2.60000000000634,0.0,35,0
3990,188,32,3,-3.6000000000064016,0.0,36,0
