time_step,passenger_sequence,target_x,target_y,current_x,current_y,current_cell,state
3987,171,15,3,13.933333333327905,0.0,18,0
3987,172,16,3,12.999999999994513,0.0,19,0
3987,173,17,3,11.166666666661126,0.0,21,0
3987,174,18,3,10.233333333327733,0.0,22,0
3987,175,19,3,8.499999999994351,0.0,24,0
3987,176,20,3,9.266666666660955,0.0,23,0
3987,177,21,3,8.333333333327563,0.0,24,0
3987,178,22,3,7.3999999999941775,0.0,25,0
3987,179,23,3,6.466666666660787,0.0,26,0
3987,180,24,3,3.8333333333274,0.0,28,0
3987,181,25,3,4.59999999999401,0.0,27,0
3987,182,26,3,1.9666666666606163,0.0,30,0
3987,183,27,3,1.0333333333272272,0.0,31,0
3987,184,28,3,0.09999999999383191,0.0,32,0
3987,185,29,3,-0.9000000000062215,0.0,33,0
3987,186,30,3,-1.9000000000062842,0.0,34,0
3987,187,31,3,-2.90000000000634,0.0,35,0
3987,188,32,3,-3.900000000006402,0.0,36,0
