time_step,passenger_sequence,target_x,target_y,current_x,current_y,current_cell,state
3407,144,19,2,15.833333333329511,0.0,16,0
3407,145,20,2,16.599999999996122,0.0,15,0
3407,146,21,2,13.966666666662729,0.0,18,0
3407,147,22,2,14.73333333332933,0.0,17,0
3407,148,23,2,12.099999999995951,0.0,20,0
3407,149,24,2,12.866666666662555,0.0,19,0
3407,150,25,2,11.933333333329163,0.0,20,0
3407,151,26,2,9.299999999995777,0.0,23,0
3407,152,27,2,10.066666666662387,0.0,22,0
3407,153,28,2,7.433333333329001,0.0,25,0
3407,154,29,2,8.199999999995603,0.0,24,0
3407,155,30,2,5.566666666662218,0.0,26,0
3407,156,31,2,4.633333333328826,0.0,27,0
3407,157,32,2,3.69999999999544,0.0,28,0
3407,159,3,3,1.5333333333286487,0.0,30,0
3407,160,4,3,0.5999999999952601,0.0,31,0
3407,161,5,3,-0.4000000000048005,0.0,32,0
3407,162,6,3,-1.4000000000048627,0.0,33,0
3407,163,7,3,-2.4000000000049257,0.0,34,0
3407,164,8,3,-3.4000000000049804,0.0,35,0
3407,165,9,3,-4.400000000005042,0.0,36,0
3407,166,10,3,-5.4000000000051,0.0,37,0
3407,167,11,3,-6.40000000000515,0.0,38,0
3407,168,12,3,-7.400000000005209,0.0,39,0
3407,169,13,3,-8.400000000005267,0.0,40,0
3407,170,14,3,-9.400000000005324,0.0,41,0
3407,171,15,3,-10.400000000005376,0.0,42,0
3407,172,16,3,-11.400000000005434,0.0,43,0
3407,173,17,3,-12.400000000005491,0.0,44,0
3407,174,18,3,-13.40000000000555,0.0,45,0
3407,175,19,3,-14.400000000005601,0.0,46,0
3407,176,20,3,-15.400000000005658,0.0,47,0
3407,177,21,3,-16.400000000005722,0.0,48,0
3407,178,22,3,-17.40000000000579,0.0,49,0
3407,179,23,3,-18.400000000005864,0.0,50,0
3407,180,24,3,-19.40000000000594,0.0,51,0
3407,181,25,3,-20.400000000006006,0.0,52,0
3407,182,26,3,-21.40000000000608,0.0,53,0
3407,183,27,3,-22.40000000000615,0.0,54,0
3407,184,28,3,-23.400000000006223,0.0,55,0
3407,185,29,3,-24.40000000000629,0.0,56,0
3407,186,30,3,-25.400000000006365,0.0,57,0
3407,187,31,3,-26.400000000006433,0.0,58,0
3407,188,32,3,-27.400000000006507,0.0,59,0
