time_step,passenger_sequence,target_x,target_y,current_x,current_y,current_cell,state
3980,171,15,3,13.233333333327908,0.0,19,0
3980,172,16,3,12.299999999994515,0.0,20,0
3980,173,17,3,10.466666666661128,0.0,22,0
3980,174,18,3,9.533333333327736,0.0,22,0
3980,175,19,3,7.799999999994354,0.0,24,0
3980,176,20,3,8.566666666660957,0.0,23,0
3980,177,21,3,7.633333333327565,0.0,24,0
3980,178,22,3,6.69999999999418,0.0,25,0
3980,179,23,3,5.7666666666607895,0.0,26,0
3980,180,24,3,3.1333333333273994,0.0,29,0
3980,181,25,3,3.899999999994012,0.0,28,0
3980,182,26,3,1.2666666666606157,0.0,31,0
3980,183,27,3,0.3333333333272273,0.0,32,0
3980,184,28,3,-0.6666666666728347,0.0,33,0
3980,185,29,3,-1.6666666666728887,0.0,34,0
3980,186,30,3,-2.6666666666729517,0.0,35,0
3980,187,31,3,-3.6666666666730077,0.0,36,0
3980,188,32,3,-4.666666666673066,0.0,37,0
