time_step,passenger_sequence,target_x,target_y,current_x,current_y,current_cell,state
3213,138,13,2,12.23333333332989,0.0,20,0
3213,139,14,2,11.299999999996498,0.0,21,0
3213,140,15,2,10.366666666663107,0.0,22,0
3213,141,16,2,9.433333333329715,0.0,23,0
3213,142,17,2,8.499999999996323,0.0,24,0
3213,143,18,2,7.566666666662936,0.0,24,0
3213,144,19,2,6.633333333329544,0.0,25,0
3213,145,20,2,5.699999999996152,0.0,26,0
3213,146,21,2,4.766666666662761,0.0,27,0
3213,147,22,2,3.833333333329368,0.0,28,0
3213,148,23,2,2.899999999995979,0.0,29,0
3213,149,24,2,1.9666666666625845,0.0,30,0
3213,150,25,2,1.0333333333291883,0.0,31,0
3213,151,26,2,0.09999999999579301,0.0,32,0
3213,152,27,2,-0.9000000000042604,0.0,33,0
3213,153,28,2,-1.9000000000043231,0.0,34,0
3213,154,29,2,-2.900000000004386,0.0,35,0
3213,155,30,2,-3.900000000004448,0.0,36,0
3213,156,31,2,-4.900000000004507,0.0,37,0
3213,157,32,2,-5.9000000000045585,0.0,38,0
3213,158,2,3,-6.900000000004615,0.0,39,0
3213,159,3,3,-7.900000000004674,0.0,40,0
3213,160,4,3,-8.900000000004725,0.0,41,0
3213,161,5,3,-9.900000000004782,0.0,42,0
3213,162,6,3,-10.900000000004841,0.0,43,0
3213,163,7,3,-11.9000000000049,0.0,44,0
3213,164,8,3,-12.90000000000495,0.0,45,0
3213,165,9,3,-13.900000000005008,0.0,46,0
3213,166,10,3,-14.900000000005067,0.0,47,0
3213,167,11,3,-15.900000000005116,0.0,48,0
3213,168,12,3,-16.90000000000519,0.0,49,0
3213,169,13,3,-17.900000000005264,0.0,50,0
3213,170,14,3,-18.90000000000534,0.0,51,0
3213,171,15,3,-19.900000000005406,0.0,52,0
3213,172,16,3,-20.90000000000548,0.0,53,0
3213,173,17,3,-21.900000000005555,0.0,54,0
3213,174,18,3,-22.90000000000563,0.0,55,0
3213,175,19,3,-23.900000000005697,0.0,56,0
3213,176,20,3,-24.90000000000577,0.0,57,0
3213,177,21,3,-25.900000000005846,0.0,58,0
3213,178,22,3,-26.900000000005914,0.0,59,0
3213,179,23,3,-27.90000000000599,0.0,60,0
3213,180,24,3,-28.900000000006063,0.0,61,0
3213,181,25,3,-29.90000000000613,0.0,62,0
3213,182,26,3,-30.900000000006205,0.0,63,0
3213,183,27,3,-31.900000000006273,0.0,64,0
3213,184,28,3,-32.90000000000635,0.0,65,0
3213,185,29,3,-33.90000000000642,0.0,66,0
3213,186,30,3,-34.9000000000065,0.0,67,0
3213,187,31,3,-35.90000000000657,0.0,68,0
3213,188,32,3,-36.90000000000665,0.0,69,0
