time_step,passenger_sequence,target_x,target_y,current_x,current_y,current_cell,state
4208,178,22,3,20.799999999994213,0.0,11,0
4208,179,23,3,18.166666666660785,0.0,14,0
4208,180,24,3,17.233333333327376,0.0,15,0
4208,181,25,3,16.29999999999397,0.0,16,0
4208,182,26,3,15.366666666660578,0.0,17,0
4208,183,27,3,12.733333333327199,0.0,19,0
4208,184,28,3,13.6999999999938,0.0,18,0
4208,185,29,3,11.066666666660423,0.0,21,0
4208,186,30,3,11.633333333327025,0.0,20,0
4208,187,31,3,10.69999999999364,0.0,21,0
4208,188,32,3,8.066666666660256,0.0,24,0
