time_step,passenger_sequence,target_x,target_y,current_x,current_y,current_cell,state
4347,182,26,3,22.466666666660668,0.0,10,0
4347,183,27,3,21.533333333327267,0.0,10,0
4347,184,28,3,20.799999999993858,0.0,11,0
4347,185,29,3,19.86666666666046,0.0,12,0
4347,186,30,3,18.73333333332705,0.0,13,0
4347,187,31,3,17.799999999993645,0.0,14,0
4347,188,32,3,15.16666666666023,0.0,17,0
