time_step,passenger_sequence,target_x,target_y,current_x,current_y,current_cell,state
4377,182,26,3,25.46666666666071,0.0,7,0
4377,183,27,3,24.53333333332731,0.0,7,0
4377,184,28,3,23.7999999999939,0.0,8,0
4377,185,29,3,22.866666666660503,0.0,9,0
4377,186,30,3,21.733333333327092,0.0,10,0
4377,187,31,3,20.799999999993688,0.0,11,0
4377,188,32,3,18.16666666666026,0.0,14,0
