time_step,passenger_sequence,target_x,target_y,current_x,current_y,current_cell,state
4470,185,29,3,27.066666666660563,0.0,5,0
4470,186,30,3,25.933333333327152,0.0,6,0
4470,187,31,3,24.999999999993747,0.0,7,0
4470,188,32,3,22.36666666666032,0.0,10,0
