time_step,passenger_sequence,target_x,target_y,current_x,current_y,current_cell,state
4350,182,26,3,22.766666666660672,0.0,9,0
4350,183,27,3,21.83333333332727,0.0,10,0
4350,184,28,3,21.099999999993862,0.0,11,0
4350,185,29,3,20.166666666660465,0.0,12,0
4350,186,30,3,19.033333333327054,0.0,13,0
4350,187,31,3,18.09999999999365,0.0,14,0
4350,188,32,3,15.46666666666023,0.0,17,0
