time_step,passenger_sequence,target_x,target_y,current_x,current_y,current_cell,state
4017,172,16,3,14.299999999994508,0.0,18,0
4017,173,17,3,12.466666666661121,0.0,20,0
4017,174,18,3,11.533333333327729,0.0,20,0
4017,175,19,3,11.49999999999434,0.0,21,0
4017,176,20,3,10.56666666666095,0.0,21,0
4017,177,21,3,9.633333333327558,0.0,22,0
4017,178,22,3,8.699999999994173,0.0,23,0
4017,179,23,3,7.766666666660782,0.0,24,0
4017,180,24,3,5.133333333327396,0.0,27,0
4017,181,25,3,5.899999999994005,0.0,26,0
4017,182,26,3,4.966666666660615,0.0,27,0
4017,183,27,3,2.333333333327228,0.0,30,0
4017,184,28,3,1.3999999999938322,0.0,31,0
4017,185,29,3,0.4666666666604451,0.0,32,0
4017,186,30,3,-0.533333333339617,0.0,33,0
4017,187,31,3,-1.5333333333396721,0.0,34,0
4017,188,32,3,-2.533333333339734,0.0,35,0
