time_step,passenger_sequence,target_x,target_y,current_x,current_y,current_cell,state
4397,183,27,3,24.833333333327314,0.0,7,0
4397,184,28,3,24.099999999993905,0.0,8,0
4397,185,29,3,23.166666666660507,0.0,9,0
4397,186,30,3,22.033333333327096,0.0,10,0
4397,187,31,3,21.099999999993692,0.0,11,0
4397,188,32,3,18.466666666660263,0.0,14,0
