time_step,passenger_sequence,target_x,target_y,current_x,current_y,current_cell,state
4364,182,26,3,24.166666666660692,0.0,8,0
4364,183,27,3,23.23333333332729,0.0,9,0
4364,184,28,3,22.499999999993882,0.0,10,0
4364,185,29,3,21.566666666660485,0.0,10,0
4364,186,30,3,20.433333333327074,0.0,12,0
4364,187,31,3,19.49999999999367,0.0,13,0
4364,188,32,3,16.86666666666024,0.0,15,0
