time_step,passenger_sequence,target_x,target_y,current_x,current_y,current_cell,state
4203,178,22,3,20.299999999994206,0.0,12,0
4203,179,23,3,17.666666666660777,0.0,14,0
4203,180,24,3,16.73333333332737,0.0,15,0
4203,181,25,3,15.79999999999397,0.0,16,0
4203,182,26,3,14.86666666666058,0.0,17,0
4203,183,27,3,12.2333333333272,0.0,20,0
4203,184,28,3,13.199999999993802,0.0,19,0
4203,185,29,3,10.566666666660424,0.0,21,0
4203,186,30,3,11.133333333327027,0.0,21,0
4203,187,31,3,10.199999999993642,0.0,22,0
4203,188,32,3,7.566666666660257,0.0,24,0
