time_step,passenger_sequence,target_x,target_y,current_x,current_y,current_cell,state
4289,180,24,3,21.933333333327443,0.0,10,0
4289,181,25,3,20.99999999999404,0.0,11,0
4289,182,26,3,20.066666666660634,0.0,12,0
4289,183,27,3,19.133333333327233,0.0,13,0
4289,184,28,3,18.399999999993824,0.0,14,0
4289,185,29,3,17.466666666660426,0.0,15,0
4289,186,30,3,16.333333333327015,0.0,16,0
4289,187,31,3,15.399999999993623,0.0,17,0
4289,188,32,3,12.766666666660239,0.0,19,0
