time_step,passenger_sequence,target_x,target_y,current_x,current_y,current_cell,state
4323,180,24,3,23.533333333327466,0.0,499,3
4323,181,25,3,24.399999999994087,0.0,8,0
4323,182,26,3,21.766666666660658,0.0,10,0
4323,183,27,3,20.833333333327257,0.0,11,0
4323,184,28,3,20.099999999993848,0.0,12,0
4323,185,29,3,19.16666666666045,0.0,13,0
4323,186,30,3,18.03333333332704,0.0,14,0
4323,187,31,3,17.099999999993635,0.0,15,0
4323,188,32,3,14.466666666660233,0.0,18,0
