time_step,passenger_sequence,target_x,target_y,current_x,current_y,current_cell,state
4465,184,28,3,27.599999999993955,0.0,4,2
4465,185,29,3,26.566666666660556,0.0,5,0
4465,186,30,3,25.433333333327145,0.0,7,0
4465,187,31,3,24.49999999999374,0.0,8,0
4465,188,32,3,21.86666666666031,0.0,10,0
