time_step,passenger_sequence,target_x,target_y,current_x,current_y,current_cell,state
4478,185,29,3,27.866666666660574,0.0,4,0
4478,186,30,3,26.733333333327163,0.0,5,0
4478,187,31,3,25.79999999999376,0.0,6,0
4478,188,32,3,23.16666666666033,0.0,9,0
