time_step,passenger_sequence,target_x,target_y,current_x,current_y,current_cell,state
4441,184,28,3,26.799999999993943,0.0,5,0
4441,185,29,3,25.866666666660546,0.0,6,0
4441,186,30,3,24.733333333327135,0.0,7,0
4441,187,31,3,23.79999999999373,0.0,8,0
4441,188,32,3,21.1666666666603,0.0,11,0
