time_step,passenger_sequence,target_x,target_y,current_x,current_y,current_cell,state
4351,182,26,3,22.866666666660674,0.0,9,0
4351,183,27,3,21.933333333327273,0.0,10,0
4351,184,28,3,21.199999999993864,0.0,11,0
4351,185,29,3,20.266666666660466,0.0,12,0
4351,186,30,3,19.133333333327055,0.0,13,0
4351,187,31,3,18.19999999999365,0.0,14,0
4351,188,32,3,15.566666666660229,0.0,16,0
