time_step,passenger_sequence,target_x,target_y,current_x,current_y,current_cell,state
4395,182,26,3,25.566666666660712,0.0,6,3
4395,183,27,3,24.63333333332731,0.0,7,0
4395,184,28,3,23.899999999993902,0.0,8,0
4395,185,29,3,22.966666666660505,0.0,9,0
4395,186,30,3,21.833333333327094,0.0,10,0
4395,187,31,3,20.89999999999369,0.0,11,0
4395,188,32,3,18.26666666666026,0.0,14,0
