time_step,passenger_sequence,target_x,target_y,current_x,current_y,current_cell,state
4116,175,19,3,17.99999999999435,0.0,14,0
4116,176,20,3,16.866666666660944,0.0,15,0
4116,177,21,3,15.933333333327536,0.0,16,0
4116,178,22,3,14.99999999999415,0.0,17,0
4116,179,23,3,14.06666666666076,0.0,18,0
4116,180,24,3,13.133333333327368,0.0,19,0
4116,181,25,3,12.199999999993983,0.0,20,0
4116,182,26,3,11.266666666660592,0.0,21,0
4116,183,27,3,8.633333333327213,0.0,23,0
4116,184,28,3,7.89999999999382,0.0,24,0
4116,185,29,3,6.966666666660437,0.0,25,0
4116,186,30,3,5.833333333327046,0.0,26,0
4116,187,31,3,4.8999999999936605,0.0,27,0
4116,188,32,3,3.9666666666602697,0.0,28,0
