time_step,passenger_sequence,target_x,target_y,current_x,current_y,current_cell,state
4013,172,16,3,13.89999999999451,0.0,18,0
4013,173,17,3,12.066666666661122,0.0,20,0
4013,174,18,3,11.13333333332773,0.0,21,0
4013,175,19,3,11.099999999994342,0.0,21,0
4013,176,20,3,10.166666666660952,0.0,22,0
4013,177,21,3,9.23333333332756,0.0,23,0
4013,178,22,3,8.299999999994174,0.0,24,0
4013,179,23,3,7.366666666660784,0.0,25,0
4013,180,24,3,4.733333333327398,0.0,27,0
4013,181,25,3,5.499999999994007,0.0,27,0
4013,182,26,3,4.566666666660616,0.0,27,0
4013,183,27,3,1.933333333327228,0.0,30,0
4013,184,28,3,0.9999999999938318,0.0,31,0
4013,185,29,3,0.06666666666044507,0.0,32,0
4013,186,30,3,-0.9333333333396169,0.0,33,0
4013,187,31,3,-1.9333333333396725,0.0,34,0
4013,188,32,3,-2.9333333333397342,0.0,35,0
