time_step,passenger_sequence,target_x,target_y,current_x,current_y,current_cell,state
4342,181,25,3,24.59999999999409,0.0,7,3
4342,182,26,3,21.96666666666066,0.0,10,0
4342,183,27,3,21.03333333332726,0.0,11,0
4342,184,28,3,20.29999999999385,0.0,12,0
4342,185,29,3,19.366666666660453,0.0,13,0
4342,186,30,3,18.233333333327042,0.0,14,0
4342,187,31,3,17.299999999993638,0.0,15,0
4342,188,32,3,14.666666666660232,0.0,17,0
