time_step,passenger_sequence,target_x,target_y,current_x,current_y,current_cell,state
4358,182,26,3,23.566666666660684,0.0,8,0
4358,183,27,3,22.633333333327283,0.0,9,0
4358,184,28,3,21.899999999993874,0.0,10,0
4358,185,29,3,20.966666666660476,0.0,11,0
4358,186,30,3,19.833333333327065,0.0,12,0
4358,187,31,3,18.89999999999366,0.0,13,0
4358,188,32,3,16.26666666666023,0.0,16,0
