time_step,passenger_sequence,target_x,target_y,current_x,current_y,current_cell,state
3926,166,22,1,20.866666666661605,0.0,11,0
3926,168,22,2,17.29999999999476,0.0,15,0
3926,169,24,3,14.666666666661355,0.0,17,0
3926,172,22,-2,9.766666666661195,0.0,22,0
3926,174,19,-1,7.89999999999441,0.0,24,0
3926,175,25,-2,6.466666666661029,0.0,26,0
3926,176,27,2,5.533333333327636,0.0,26,0
3926,178,28,2,3.666666666660852,0.0,28,0
3926,179,6,-3,2.733333333327463,0.0,29,0
3926,180,32,3,1.799999999994067,0.0,30,0
3926,181,15,3,0.8666666666606795,0.0,31,0
3926,182,29,2,-0.06666666667271587,0.0,32,0
3926,183,2,3,-1.0666666666727778,0.0,33,0
3926,184,18,3,-2.066666666672832,0.0,34,0
3926,185,15,-3,-3.0666666666728952,0.0,35,0
3926,186,11,-3,-4.066666666672951,0.0,36,0
3926,187,3,-2,-5.066666666673008,0.0,37,0
3926,188,18,1,-6.0666666666730595,0.0,38,0
