time_step,passenger_sequence,target_x,target_y,current_x,current_y,current_cell,state
3276,137,24,-1,22.666666666663453,0.0,9,0
3276,142,31,1,15.833333333329708,0.0,16,0
3276,144,26,1,11.399999999996266,0.0,21,0
3276,146,18,2,7.833333333329483,0.0,24,0
3276,147,16,1,6.8999999999960835,0.0,25,0
3276,148,20,-3,5.966666666662693,0.0,26,0
3276,149,32,-3,5.033333333329301,0.0,27,0
3276,150,6,-1,4.099999999995902,0.0,28,0
3276,151,24,-3,3.166666666662507,0.0,29,0
3276,152,8,2,2.233333333329111,0.0,30,0
3276,153,2,-1,1.299999999995708,0.0,31,0
3276,154,19,-2,0.36666666666231384,0.0,32,0
3276,155,8,1,-0.6333333333377482,0.0,33,0
3276,156,29,-2,-1.6333333333378106,0.0,34,0
3276,157,11,2,-2.6333333333378723,0.0,35,0
3276,158,5,-3,-3.6333333333379425,0.0,36,0
3276,159,18,-3,-4.633333333338003,0.0,37,0
3276,160,25,-3,-5.63333333333806,0.0,38,0
3276,161,29,1,-6.633333333338118,0.0,39,0
3276,162,17,-1,-7.633333333338177,0.0,40,0
3276,163,21,3,-8.633333333338234,0.0,41,0
3276,164,13,-1,-9.633333333338292,0.0,42,0
3276,165,17,-2,-10.633333333338351,0.0,43,0
3276,166,22,1,-11.6333333333384,0.0,44,0
3276,167,17,1,-12.63333333333846,0.0,45,0
3276,168,22,2,-13.633333333338518,0.0,46,0
3276,169,24,3,-14.633333333338575,0.0,47,0
3276,170,9,2,-15.633333333338634,0.0,48,0
3276,171,3,2,-16.6333333333387,0.0,49,0
3276,172,22,-2,-17.63333333333877,0.0,50,0
3276,173,4,-2,-18.633333333338843,0.0,51,0
3276,174,19,-1,-19.633333333338918,0.0,52,0
3276,175,25,-2,-20.633333333338985,0.0,53,0
3276,176,27,2,-21.63333333333906,0.0,54,0
3276,177,2,-2,-22.633333333339134,0.0,55,0
3276,178,28,2,-23.63333333333921,0.0,56,0
3276,179,6,-3,-24.633333333339277,0.0,57,0
3276,180,32,3,-25.63333333333935,0.0,58,0
3276,181,15,3,-26.63333333333942,0.0,59,0
3276,182,29,2,-27.633333333339493,0.0,60,0
3276,183,2,3,-28.633333333339568,0.0,61,0
3276,184,18,3,-29.633333333339635,0.0,62,0
3276,185,15,-3,-30.63333333333971,0.0,63,0
3276,186,11,-3,-31.633333333339777,0.0,64,0
3276,187,3,-2,-32.633333333339856,0.0,65,0
3276,188,18,1,-33.63333333333993,0.0,66,0
