time_step,passenger_sequence,target_x,target_y,current_x,current_y,current_cell,state
3842,161,29,1,23.43333333332861,0.0,9,0
3842,163,21,3,20.266666666661774,0.0,12,0
3842,166,22,1,15.866666666661535,0.0,16,0
3842,167,17,1,14.933333333328143,0.0,17,0
3842,168,22,2,13.99999999999475,0.0,18,0
3842,169,24,3,11.366666666661366,0.0,21,0
3842,172,22,-2,6.466666666661206,0.0,26,0
3842,174,19,-1,4.599999999994422,0.0,27,0
3842,175,25,-2,3.1666666666610364,0.0,29,0
3842,176,27,2,2.23333333332764,0.0,30,0
3842,177,2,-2,1.2999999999942442,0.0,31,0
3842,178,28,2,0.3666666666608501,0.0,32,0
3842,179,6,-3,-0.6333333333392048,0.0,33,0
3842,180,32,3,-1.6333333333392672,0.0,34,0
3842,181,15,3,-2.633333333339322,0.0,35,0
3842,182,29,2,-3.633333333339385,0.0,36,0
3842,183,2,3,-4.633333333339445,0.0,37,0
3842,184,18,3,-5.633333333339495,0.0,38,0
3842,185,15,-3,-6.633333333339554,0.0,39,0
3842,186,11,-3,-7.633333333339605,0.0,40,0
3842,187,3,-2,-8.633333333339662,0.0,41,0
3842,188,18,1,-9.633333333339714,0.0,42,0
