time_step,passenger_sequence,target_x,target_y,current_x,current_y,current_cell,state
3528,149,32,-3,20.73333333332933,0.0,11,0
3528,151,24,-3,17.166666666662483,0.0,15,0
3528,154,19,-2,13.766666666662282,0.0,18,0
3528,156,29,-2,10.199999999995503,0.0,22,0
3528,157,11,2,7.766666666662118,0.0,24,0
3528,159,18,-3,5.899999999995327,0.0,26,0
3528,160,25,-3,4.766666666661937,0.0,27,0
3528,161,29,1,3.833333333328544,0.0,28,0
3528,162,17,-1,2.899999999995148,0.0,29,0
3528,163,21,3,1.9666666666617532,0.0,30,0
3528,164,13,-1,1.033333333328357,0.0,31,0
3528,165,17,-2,0.09999999999496167,0.0,32,0
3528,166,22,1,-0.9000000000050917,0.0,33,0
3528,167,17,1,-1.9000000000051545,0.0,34,0
3528,168,22,2,-2.9000000000052175,0.0,35,0
3528,169,24,3,-3.9000000000052792,0.0,36,0
3528,170,9,2,-4.900000000005338,0.0,37,0
3528,171,3,2,-5.900000000005397,0.0,38,0
3528,172,22,-2,-6.900000000005447,0.0,39,0
3528,173,4,-2,-7.900000000005505,0.0,40,0
3528,174,19,-1,-8.900000000005564,0.0,41,0
3528,175,25,-2,-9.900000000005614,0.0,42,0
3528,176,27,2,-10.900000000005672,0.0,43,0
3528,177,2,-2,-11.90000000000573,0.0,44,0
3528,178,28,2,-12.900000000005788,0.0,45,0
3528,179,6,-3,-13.90000000000584,0.0,46,0
3528,180,32,3,-14.900000000005898,0.0,47,0
3528,181,15,3,-15.900000000005948,0.0,48,0
3528,182,29,2,-16.90000000000602,0.0,49,0
3528,183,2,3,-17.900000000006095,0.0,50,0
3528,184,18,3,-18.900000000006163,0.0,51,0
3528,185,15,-3,-19.900000000006237,0.0,52,0
3528,186,11,-3,-20.900000000006305,0.0,53,0
3528,187,3,-2,-21.90000000000638,0.0,54,0
3528,188,18,1,-22.900000000006447,0.0,55,0
