time_step,passenger_sequence,target_x,target_y,current_x,current_y,current_cell,state
3270,137,24,-1,22.066666666663444,0.0,10,0
3270,142,31,1,15.23333333332971,0.0,17,0
3270,144,26,1,10.799999999996269,0.0,21,0
3270,146,18,2,7.233333333329485,0.0,25,0
3270,147,16,1,6.299999999996086,0.0,26,0
3270,148,20,-3,5.366666666662695,0.0,27,0
3270,149,32,-3,4.433333333329303,0.0,28,0
3270,150,6,-1,3.4999999999959015,0.0,29,0
3270,151,24,-3,2.5666666666625066,0.0,29,0
3270,152,8,2,1.6333333333291107,0.0,30,0
3270,153,2,-1,0.6999999999957077,0.0,31,0
3270,154,19,-2,-0.23333333333768622,0.0,32,0
3270,155,8,1,-1.2333333333377483,0.0,33,0
3270,156,29,-2,-2.233333333337811,0.0,34,0
3270,157,11,2,-3.233333333337873,0.0,35,0
3270,158,5,-3,-4.233333333337942,0.0,36,0
3270,159,18,-3,-5.233333333338001,0.0,37,0
3270,160,25,-3,-6.233333333338058,0.0,38,0
3270,161,29,1,-7.233333333338116,0.0,39,0
3270,162,17,-1,-8.233333333338175,0.0,40,0
3270,163,21,3,-9.233333333338232,0.0,41,0
3270,164,13,-1,-10.23333333333829,0.0,42,0
3270,165,17,-2,-11.233333333338349,0.0,43,0
3270,166,22,1,-12.233333333338399,0.0,44,0
3270,167,17,1,-13.233333333338457,0.0,45,0
3270,168,22,2,-14.233333333338516,0.0,46,0
3270,169,24,3,-15.233333333338573,0.0,47,0
3270,170,9,2,-16.233333333338635,0.0,48,0
3270,171,3,2,-17.23333333333871,0.0,49,0
3270,172,22,-2,-18.233333333338777,0.0,50,0
3270,173,4,-2,-19.23333333333885,0.0,51,0
3270,174,19,-1,-20.233333333338926,0.0,52,0
3270,175,25,-2,-21.233333333338994,0.0,53,0
3270,176,27,2,-22.23333333333907,0.0,54,0
3270,177,2,-2,-23.233333333339143,0.0,55,0
3270,178,28,2,-24.233333333339218,0.0,56,0
3270,179,6,-3,-25.233333333339285,0.0,57,0
3270,180,32,3,-26.23333333333936,0.0,58,0
3270,181,15,3,-27.233333333339427,0.0,59,0
3270,182,29,2,-28.233333333339502,0.0,60,0
3270,183,2,3,-29.233333333339576,0.0,61,0
3270,184,18,3,-30.233333333339644,0.0,62,0
3270,185,15,-3,-31.23333333333972,0.0,63,0
3270,186,11,-3,-32.233333333339786,0.0,64,0
3270,187,3,-2,-33.233333333339864,0.0,65,0
3270,188,18,1,-34.233333333339935,0.0,66,0
