time_step,passenger_sequence,target_x,target_y,current_x,current_y,current_cell,state
4340,180,32,3,28.699999999994205,0.0,3,0
4340,182,29,2,25.133333333327375,0.0,7,0
4340,188,18,1,16.1333333333269,0.0,16,0
