time_step,passenger_sequence,target_x,target_y,current_x,current_y,current_cell,state
4011,169,24,3,19.766666666661404,0.0,12,0
4011,172,22,-2,14.866666666661176,0.0,17,0
4011,174,19,-1,12.999999999994392,0.0,19,0
4011,175,25,-2,11.56666666666101,0.0,20,0
4011,176,27,2,10.633333333327618,0.0,21,0
4011,178,28,2,8.766666666660836,0.0,23,0
4011,180,32,3,5.399999999994064,0.0,27,0
4011,181,15,3,6.166666666660674,0.0,26,0
4011,182,29,2,3.533333333327286,0.0,28,0
4011,184,18,3,1.4666666666605022,0.0,31,0
4011,185,15,-3,0.5333333333271065,0.0,31,0
4011,186,11,-3,-0.4666666666729484,0.0,32,0
4011,187,3,-2,-1.4666666666730093,0.0,33,0
4011,188,18,1,-2.4666666666730652,0.0,34,0
