time_step,passenger_sequence,target_x,target_y,current_x,current_y,current_cell,state
4074,172,22,-2,19.466666666661222,0.0,13,0
4074,174,19,-1,17.599999999994402,0.0,14,0
4074,175,25,-2,16.166666666660998,0.0,16,0
4074,176,27,2,15.233333333327602,0.0,17,0
4074,178,28,2,13.36666666666082,0.0,19,0
4074,180,32,3,9.999999999994047,0.0,22,0
4074,181,15,3,10.766666666660658,0.0,21,0
4074,182,29,2,8.133333333327272,0.0,24,0
4074,184,18,3,6.066666666660497,0.0,26,0
4074,185,15,-3,5.133333333327105,0.0,27,0
4074,186,11,-3,4.19999999999372,0.0,28,0
4074,187,3,-2,2.5666666666603253,0.0,29,2
4074,188,18,1,1.5333333333269363,0.0,30,1
