time_step,passenger_sequence,target_x,target_y,current_x,current_y,current_cell,state
4324,180,32,3,27.099999999994182,0.0,5,0
4324,182,29,2,23.533333333327352,0.0,8,0
4324,188,18,1,14.533333333326901,0.0,17,0
