time_step,passenger_sequence,target_x,target_y,current_x,current_y,current_cell,state
4166,175,25,-2,22.56666666666109,0.0,9,0
4166,176,27,2,21.63333333332768,0.0,10,0
4166,178,28,2,19.766666666660864,0.0,12,0
4166,180,32,3,16.39999999999403,0.0,16,0
4166,182,29,2,12.833333333327255,0.0,19,0
4166,184,18,3,10.76666666666048,0.0,21,0
4166,185,15,-3,9.833333333327088,0.0,22,0
4166,186,11,-3,8.899999999993703,0.0,23,0
4166,188,18,1,5.333333333326934,0.0,27,0
