time_step,passenger_sequence,target_x,target_y,current_x,current_y,current_cell,state
4185,175,25,-2,24.466666666661116,0.0,8,0
4185,176,27,2,23.533333333327707,0.0,8,0
4185,178,28,2,21.66666666666089,0.0,10,0
4185,180,32,3,18.299999999994057,0.0,14,0
4185,182,29,2,14.733333333327248,0.0,17,0
4185,184,18,3,12.666666666660474,0.0,19,0
4185,185,15,-3,11.733333333327082,0.0,20,0
4185,186,11,-3,10.599999999993697,0.0,21,2
4185,188,18,1,6.933333333326928,0.0,25,1
