time_step,passenger_sequence,target_x,target_y,current_x,current_y,current_cell,state
3649,135,31,-3,23.299999999996878,0.0,9,0
3649,136,31,3,24.966666666663485,0.0,7,0
3649,137,27,-3,21.066666666663387,0.0,11,0
3649,138,25,1,22.03333333333001,0.0,10,0
3649,139,24,2,21.099999999996594,0.0,11,0
3649,140,24,3,20.166666666663183,0.0,12,0
3649,141,27,1,16.533333333329733,0.0,15,0
3649,142,29,2,18.299999999996363,0.0,14,0
3649,143,28,3,14.266666666662944,0.0,18,0
3649,144,25,2,13.333333333329547,0.0,19,0
3649,145,32,-3,15.499999999996147,0.0,17,0
3649,146,26,-2,14.566666666662755,0.0,17,0
3649,147,26,2,10.533333333329368,0.0,21,0
3649,148,32,-2,9.599999999995976,0.0,22,0
3649,149,23,-1,8.666666666662584,0.0,23,0
3649,150,23,1,7.733333333329197,0.0,24,0
3649,151,28,-2,6.799999999995805,0.0,25,0
3649,152,24,-1,5.866666666662413,0.0,26,0
3649,153,26,1,4.933333333329022,0.0,27,0
3649,154,30,-1,3.99999999999563,0.0,28,0
3649,155,22,-1,3.066666666662234,0.0,29,0
3649,156,23,-2,2.133333333328839,0.0,30,0
3649,157,24,1,1.199999999995443,0.0,31,0
3649,158,28,1,0.1999999999953809,0.0,32,0
3649,159,26,-3,-0.8000000000046796,0.0,33,0
3649,160,28,-1,-1.8000000000047423,0.0,34,0
3649,161,29,-2,-2.8000000000048053,0.0,35,0
3649,162,25,3,-3.800000000004867,0.0,36,0
3649,163,27,3,-4.8000000000049265,0.0,37,0
3649,164,30,2,-5.800000000004978,0.0,38,0
3649,165,30,1,-6.800000000005035,0.0,39,0
3649,166,27,2,-7.8000000000050935,0.0,40,0
3649,167,30,-3,-8.800000000005145,0.0,41,0
3649,168,24,-2,-9.800000000005202,0.0,42,0
3649,169,23,-3,-10.80000000000526,0.0,43,0
3649,170,28,2,-11.80000000000532,0.0,44,0
3649,171,22,-3,-12.800000000005369,0.0,45,0
3649,172,29,-1,-13.800000000005427,0.0,46,0
3649,173,31,-2,-14.800000000005486,0.0,47,0
3649,174,32,2,-15.800000000005536,0.0,48,0
3649,175,32,1,-16.800000000005607,0.0,49,0
3649,176,25,-1,-17.800000000005674,0.0,50,0
3649,177,27,-1,-18.80000000000575,0.0,51,0
3649,178,32,-1,-19.800000000005824,0.0,52,0
3649,179,27,-2,-20.80000000000589,0.0,53,0
3649,180,22,2,-21.800000000005966,0.0,54,0
3649,181,26,-1,-22.800000000006033,0.0,55,0
3649,182,32,3,-23.800000000006108,0.0,56,0
3649,183,29,1,-24.800000000006175,0.0,57,0
3649,184,30,-2,-25.80000000000625,0.0,58,0
3649,185,25,-3,-26.800000000006317,0.0,59,0
3649,186,29,-3,-27.800000000006392,0.0,60,0
3649,187,22,-2,-28.80000000000646,0.0,61,0
3649,188,30,3,-29.800000000006534,0.0,62,0
