time_step,passenger_sequence,target_x,target_y,current_x,current_y,current_cell,state
3829,141,27,1,22.533333333329818,0.0,9,0
3829,142,29,2,25.399999999996464,0.0,7,0
3829,143,28,3,23.966666666663052,0.0,8,0
3829,144,25,2,19.333333333329584,0.0,13,0
3829,145,32,-3,21.499999999996223,0.0,11,0
3829,146,26,-2,20.566666666662815,0.0,11,0
3829,147,26,2,17.133333333329364,0.0,15,0
3829,148,32,-2,16.199999999995956,0.0,16,0
3829,149,23,-1,14.666666666662563,0.0,17,0
3829,150,23,1,13.733333333329176,0.0,18,0
3829,151,28,-2,12.799999999995784,0.0,19,0
3829,152,24,-1,11.866666666662391,0.0,20,0
3829,153,26,1,10.933333333329001,0.0,21,0
3829,154,30,-1,9.999999999995609,0.0,22,0
3829,155,22,-1,9.066666666662217,0.0,23,0
3829,156,23,-2,9.133333333328823,0.0,23,0
3829,157,24,1,8.19999999999543,0.0,24,0
3829,158,28,1,6.266666666662042,0.0,26,0
3829,159,26,-3,5.3333333333286514,0.0,27,0
3829,160,28,-1,4.399999999995259,0.0,28,0
3829,161,29,-2,3.466666666661865,0.0,29,0
3829,162,25,3,2.53333333332847,0.0,29,0
3829,163,27,3,1.5999999999950738,0.0,30,0
3829,164,30,2,0.5999999999950185,0.0,31,0
3829,165,30,1,-0.4000000000050421,0.0,32,0
3829,166,27,2,-1.4000000000051043,0.0,33,0
3829,167,30,-3,-2.4000000000051602,0.0,34,0
3829,168,24,-2,-3.400000000005222,0.0,35,0
3829,169,23,-3,-4.400000000005283,0.0,36,0
3829,170,28,2,-5.400000000005342,0.0,37,0
3829,171,22,-3,-6.400000000005392,0.0,38,0
3829,172,29,-1,-7.40000000000545,0.0,39,0
3829,173,31,-2,-8.400000000005509,0.0,40,0
3829,174,32,2,-9.400000000005559,0.0,41,0
3829,175,32,1,-10.400000000005617,0.0,42,0
3829,176,25,-1,-11.400000000005669,0.0,43,0
3829,177,27,-1,-12.400000000005726,0.0,44,0
3829,178,32,-1,-13.400000000005784,0.0,45,0
3829,179,27,-2,-14.400000000005836,0.0,46,0
3829,180,22,2,-15.400000000005893,0.0,47,0
3829,181,26,-1,-16.40000000000595,0.0,48,0
3829,182,32,3,-17.400000000006024,0.0,49,0
3829,183,29,1,-18.40000000000609,0.0,50,0
3829,184,30,-2,-19.400000000006166,0.0,51,0
3829,185,25,-3,-20.400000000006234,0.0,52,0
3829,186,29,-3,-21.400000000006308,0.0,53,0
3829,187,22,-2,-22.400000000006376,0.0,54,0
3829,188,30,3,-23.40000000000645,0.0,55,0
