time_step,passenger_sequence,target_x,target_y,current_x,current_y,current_cell,state
3921,141,27,1,25.53333333332986,0.0,6,0
3921,143,28,3,27.66666666666309,0.0,499,3
3921,144,25,2,22.333333333329627,0.0,10,0
3921,145,32,-3,24.499999999996266,0.0,8,0
3921,146,26,-2,23.566666666662858,0.0,8,0
3921,147,26,2,20.133333333329407,0.0,12,0
3921,148,32,-2,19.199999999996,0.0,13,0
3921,149,23,-1,20.766666666662626,0.0,11,0
3921,150,23,1,16.733333333329178,0.0,15,0
3921,151,28,-2,15.799999999995773,0.0,16,0
3921,152,24,-1,17.966666666662405,0.0,14,0
3921,153,26,1,13.93333333332899,0.0,18,0
3921,154,30,-1,12.999999999995598,0.0,19,0
3921,155,22,-1,15.166666666662195,0.0,17,0
3921,156,23,-2,12.133333333328812,0.0,20,0
3921,157,24,1,11.19999999999542,0.0,21,0
3921,158,28,1,9.266666666662031,0.0,23,0
3921,159,26,-3,8.33333333332864,0.0,24,0
3921,160,28,-1,10.499999999995238,0.0,22,0
3921,161,29,-2,6.466666666661856,0.0,26,0
3921,162,25,3,5.533333333328466,0.0,26,0
3921,163,27,3,4.599999999995074,0.0,27,0
3921,164,30,2,6.766666666661678,0.0,25,0
3921,165,30,1,2.7333333333282925,0.0,29,0
3921,166,27,2,1.7999999999948963,0.0,30,0
3921,167,30,-3,0.8666666666615075,0.0,31,0
3921,168,24,-2,-0.13333333333855307,0.0,32,0
3921,169,23,-3,-1.133333333338615,0.0,33,0
3921,170,28,2,-2.133333333338678,0.0,34,0
3921,171,22,-3,-3.1333333333387325,0.0,35,0
3921,172,29,-1,-4.133333333338795,0.0,36,0
3921,173,31,-2,-5.133333333338854,0.0,37,0
3921,174,32,2,-6.1333333333389035,0.0,38,0
3921,175,32,1,-7.133333333338962,0.0,39,0
3921,176,25,-1,-8.133333333339014,0.0,40,0
3921,177,27,-1,-9.13333333333907,0.0,41,0
3921,178,32,-1,-10.13333333333913,0.0,42,0
3921,179,27,-2,-11.13333333333918,0.0,43,0
3921,180,22,2,-12.133333333339237,0.0,44,0
3921,181,26,-1,-13.133333333339289,0.0,45,0
3921,182,32,3,-14.133333333339348,0.0,46,0
3921,183,29,1,-15.133333333339397,0.0,47,0
3921,184,30,-2,-16.133333333339458,0.0,48,0
3921,185,25,-3,-17.133333333339525,0.0,49,0
3921,186,29,-3,-18.1333333333396,0.0,50,0
3921,187,22,-2,-19.133333333339667,0.0,51,0
3921,188,30,3,-20.133333333339742,0.0,52,0
