time_step,passenger_sequence,target_x,target_y,current_x,current_y,current_cell,state
3966,144,25,2,23.733333333329647,0.0,8,0
3966,145,32,-3,26.03333333332962,0.0,6,0
3966,146,26,-2,24.966666666662878,0.0,7,0
3966,147,26,2,24.63333333332947,0.0,7,0
3966,148,32,-2,20.59999999999602,0.0,11,0
3966,149,23,-1,22.166666666662646,0.0,10,0
3966,150,23,1,18.133333333329198,0.0,14,0
3966,151,28,-2,20.299999999995833,0.0,12,0
3966,152,24,-1,19.366666666662425,0.0,13,0
3966,153,26,1,15.333333333328985,0.0,17,0
3966,154,30,-1,14.399999999995593,0.0,18,0
3966,155,22,-1,16.5666666666622,0.0,15,0
3966,156,23,-2,13.533333333328807,0.0,18,0
3966,157,24,1,12.599999999995415,0.0,19,0
3966,158,28,1,10.666666666662026,0.0,21,0
3966,159,26,-3,9.733333333328636,0.0,22,0
3966,160,28,-1,11.899999999995233,0.0,20,0
3966,161,29,-2,10.96666666666184,0.0,21,0
3966,162,25,3,6.933333333328461,0.0,25,0
3966,163,27,3,5.999999999995069,0.0,26,0
3966,164,30,2,8.166666666661673,0.0,24,0
3966,165,30,1,4.133333333328293,0.0,28,0
3966,166,27,2,3.1999999999948976,0.0,29,0
3966,167,30,-3,2.2666666666615085,0.0,30,0
3966,168,24,-2,1.3333333333281139,0.0,31,0
3966,169,23,-3,0.33333333332805154,0.0,32,0
3966,170,28,2,-0.6666666666720105,0.0,33,0
3966,171,22,-3,-1.6666666666720644,0.0,34,0
3966,172,29,-1,-2.6666666666721275,0.0,35,0
3966,173,31,-2,-3.6666666666721905,0.0,36,0
3966,174,32,2,-4.666666666672242,0.0,37,0
3966,175,32,1,-5.666666666672301,0.0,38,0
3966,176,25,-1,-6.666666666672352,0.0,39,0
3966,177,27,-1,-7.666666666672409,0.0,40,0
3966,178,32,-1,-8.666666666672468,0.0,41,0
3966,179,27,-2,-9.66666666667252,0.0,42,0
3966,180,22,2,-10.666666666672576,0.0,43,0
3966,181,26,-1,-11.666666666672628,0.0,44,0
3966,182,32,3,-12.666666666672686,0.0,45,0
3966,183,29,1,-13.666666666672736,0.0,46,0
3966,184,30,-2,-14.666666666672795,0.0,47,0
3966,185,25,-3,-15.666666666672846,0.0,48,0
3966,186,29,-3,-16.666666666672914,0.0,49,0
3966,187,22,-2,-17.66666666667298,0.0,50,0
3966,188,30,3,-18.666666666673056,0.0,51,0
