time_step,passenger_sequence,target_x,target_y,current_x,current_y,current_cell,state
4590,164,30,2,28.99999999999516,0.0,3,0
4590,165,30,1,23.73333333332836,0.0,8,0
4590,166,27,2,25.099999999994985,0.0,7,0
4590,167,30,-3,20.666666666661534,0.0,11,0
4590,168,24,-2,17.633333333328096,0.0,14,0
4590,169,23,-3,22.099999999994765,0.0,10,0
4590,170,28,2,18.866666666661324,0.0,13,0
4590,171,22,-3,15.633333333327897,0.0,16,0
4590,172,29,-1,14.699999999994505,0.0,17,0
4590,173,31,-2,12.966666666661116,0.0,19,0
4590,174,32,2,12.033333333327732,0.0,20,0
4590,175,32,1,11.09999999999434,0.0,21,0
4590,176,25,-1,10.166666666660955,0.0,22,0
4590,177,27,-1,9.333333333327564,0.0,23,0
4590,178,32,-1,8.399999999994172,0.0,24,0
4590,179,27,-2,10.466666666660776,0.0,22,0
4590,180,22,2,6.433333333327397,0.0,26,0
4590,181,26,-1,5.499999999994012,0.0,27,0
4590,182,32,3,7.666666666660609,0.0,24,0
4590,183,29,1,3.6333333333272346,0.0,28,0
4590,184,30,-2,2.6999999999938384,0.0,29,0
4590,185,25,-3,1.7666666666604494,0.0,30,0
4590,186,29,-3,0.8333333333270548,0.0,31,0
4590,187,22,-2,-0.1666666666730001,0.0,32,0
4590,188,30,3,-1.166666666673062,0.0,33,0
