time_step,passenger_sequence,target_x,target_y,current_x,current_y,current_cell,state
4668,165,30,1,25.333333333328383,0.0,7,0
4668,166,27,2,26.599999999995006,0.0,499,3
4668,167,30,-3,21.366666666661544,0.0,11,0
4668,168,24,-2,18.333333333328106,0.0,14,0
4668,170,28,2,19.466666666661332,0.0,13,0
4668,171,22,-3,17.233333333327913,0.0,15,0
4668,172,29,-1,16.299999999994505,0.0,16,0
4668,173,31,-2,13.566666666661114,0.0,18,0
4668,174,32,2,12.63333333332773,0.0,19,0
4668,175,32,1,14.799999999994327,0.0,17,0
4668,176,25,-1,13.866666666660942,0.0,18,0
4668,177,27,-1,9.933333333327562,0.0,22,0
4668,178,32,-1,8.99999999999417,0.0,23,0
4668,179,27,-2,11.066666666660774,0.0,21,0
4668,180,22,2,7.033333333327395,0.0,25,0
4668,181,26,-1,6.09999999999401,0.0,26,0
4668,182,32,3,8.266666666660607,0.0,24,0
4668,183,29,1,4.233333333327234,0.0,28,0
4668,184,30,-2,3.299999999993839,0.0,29,0
4668,185,25,-3,2.36666666666045,0.0,30,0
4668,186,29,-3,1.4333333333270553,0.0,31,0
4668,187,22,-2,0.43333333332699997,0.0,32,0
4668,188,30,3,-0.5666666666730621,0.0,33,0
