time_step,passenger_sequence,target_x,target_y,current_x,current_y,current_cell,state
4578,163,27,3,26.599999999995184,0.0,5,3
4578,164,30,2,27.66666666666181,0.0,4,0
4578,165,30,1,22.533333333328343,0.0,9,0
4578,166,27,2,23.899999999994968,0.0,8,0
4578,167,30,-3,19.466666666661517,0.0,13,0
4578,168,24,-2,16.43333333332808,0.0,16,0
4578,169,23,-3,20.899999999994748,0.0,11,0
4578,170,28,2,17.666666666661307,0.0,14,0
4578,171,22,-3,14.433333333327901,0.0,18,0
4578,172,29,-1,13.49999999999451,0.0,19,0
4578,173,31,-2,11.76666666666112,0.0,20,0
4578,174,32,2,10.833333333327737,0.0,21,0
4578,175,32,1,9.899999999994344,0.0,22,0
4578,176,25,-1,8.96666666666096,0.0,23,0
4578,177,27,-1,8.133333333327569,0.0,24,0
4578,178,32,-1,7.199999999994176,0.0,25,0
4578,179,27,-2,9.26666666666078,0.0,23,0
4578,180,22,2,5.233333333327401,0.0,27,0
4578,181,26,-1,4.299999999994016,0.0,28,0
4578,182,32,3,6.466666666660613,0.0,26,0
4578,183,29,1,2.4333333333272336,0.0,30,0
4578,184,30,-2,1.4999999999938374,0.0,31,0
4578,185,25,-3,0.4999999999937822,0.0,32,0
4578,186,29,-3,-0.5000000000062784,0.0,33,0
4578,187,22,-2,-1.5000000000063336,0.0,34,0
4578,188,30,3,-2.5000000000063967,0.0,35,0
