time_step,passenger_sequence,target_x,target_y,current_x,current_y,current_cell,state
4307,156,23,-2,22.53333333332889,0.0,9,3
4307,157,24,1,21.899999999995487,0.0,10,0
4307,158,28,1,20.666666666662074,0.0,11,0
4307,159,26,-3,19.533333333328663,0.0,12,0
4307,160,28,-1,19.899999999995273,0.0,12,0
4307,161,29,-2,21.566666666661902,0.0,10,0
4307,162,25,3,17.63333333332845,0.0,14,0
4307,163,27,3,18.099999999995063,0.0,14,0
4307,164,30,2,16.166666666661648,0.0,16,0
4307,165,30,1,14.133333333328258,0.0,18,0
4307,166,27,2,12.399999999994868,0.0,20,0
4307,167,30,-3,11.066666666661485,0.0,21,0
4307,168,24,-2,8.033333333328102,0.0,24,0
4307,169,23,-3,9.399999999994701,0.0,23,0
4307,170,28,2,9.266666666661306,0.0,23,0
4307,171,22,-3,6.033333333327931,0.0,26,0
4307,172,29,-1,5.099999999994539,0.0,27,0
4307,173,31,-2,3.366666666661147,0.0,29,0
4307,174,32,2,2.4333333333277594,0.0,30,0
4307,175,32,1,1.4999999999943632,0.0,31,0
4307,176,25,-1,0.499999999994308,0.0,32,0
4307,177,27,-1,-0.5000000000057526,0.0,33,0
4307,178,32,-1,-1.500000000005815,0.0,34,0
4307,179,27,-2,-2.500000000005871,0.0,35,0
4307,180,22,2,-3.5000000000059326,0.0,36,0
4307,181,26,-1,-4.500000000005986,0.0,37,0
4307,182,32,3,-5.500000000006045,0.0,38,0
4307,183,29,1,-6.500000000006095,0.0,39,0
4307,184,30,-2,-7.500000000006153,0.0,40,0
4307,185,25,-3,-8.500000000006205,0.0,41,0
4307,186,29,-3,-9.500000000006262,0.0,42,0
4307,187,22,-2,-10.500000000006313,0.0,43,0
4307,188,30,3,-11.500000000006372,0.0,44,0
