time_step,passenger_sequence,target_x,target_y,current_x,current_y,current_cell,state
4880,172,29,-1,24.599999999994623,0.0,7,0
4880,173,31,-2,25.46666666666124,0.0,7,0
4880,174,32,2,20.933333333327788,0.0,11,0
4880,175,32,1,23.099999999994424,0.0,9,0
4880,176,25,-1,22.166666666661023,0.0,10,0
4880,177,27,-1,18.233333333327572,0.0,14,0
4880,178,32,-1,20.399999999994208,0.0,12,0
4880,179,27,-2,19.366666666660805,0.0,13,0
4880,180,22,2,15.333333333327365,0.0,17,0
4880,181,26,-1,14.39999999999398,0.0,18,0
4880,182,32,3,16.566666666660588,0.0,15,0
4880,183,29,1,16.133333333327194,0.0,16,0
4880,184,30,-2,12.49999999999381,0.0,20,0
4880,185,25,-3,10.666666666660428,0.0,21,0
4880,186,29,-3,9.733333333327037,0.0,22,0
4880,187,22,-2,8.799999999993652,0.0,23,0
4880,188,30,3,7.86666666666026,0.0,24,0
