time_step,passenger_sequence,target_x,target_y,current_x,current_y,current_cell,state
4459,160,28,-1,25.799999999995357,0.0,6,0
4459,161,29,-2,27.466666666661986,0.0,5,0
4459,162,25,3,23.533333333328535,0.0,8,0
4459,163,27,3,23.999999999995147,0.0,8,0
4459,164,30,2,22.06666666666173,0.0,10,0
4459,165,30,1,20.033333333328308,0.0,12,0
4459,166,27,2,21.399999999994932,0.0,11,0
4459,167,30,-3,16.96666666666148,0.0,15,0
4459,168,24,-2,13.93333333332808,0.0,18,0
4459,169,23,-3,18.399999999994712,0.0,14,0
4459,170,28,2,15.166666666661285,0.0,17,0
4459,171,22,-3,11.93333333332791,0.0,20,0
4459,172,29,-1,10.999999999994518,0.0,21,0
4459,173,31,-2,9.266666666661129,0.0,23,0
4459,174,32,2,8.333333333327746,0.0,24,0
4459,175,32,1,7.399999999994353,0.0,25,0
4459,176,25,-1,6.466666666660968,0.0,26,0
4459,177,27,-1,5.533333333327578,0.0,26,0
4459,178,32,-1,4.599999999994186,0.0,27,0
4459,179,27,-2,3.666666666660799,0.0,28,0
4459,180,22,2,2.7333333333274044,0.0,29,0
4459,181,26,-1,1.7999999999940153,0.0,30,0
4459,182,32,3,0.8666666666606193,0.0,31,0
4459,183,29,1,-0.13333333333943415,0.0,32,0
4459,184,30,-2,-1.1333333333394962,0.0,33,0
4459,185,25,-3,-2.133333333339552,0.0,34,0
4459,186,29,-3,-3.1333333333396136,0.0,35,0
4459,187,22,-2,-4.133333333339669,0.0,36,0
4459,188,30,3,-5.133333333339728,0.0,37,0
