time_step,passenger_sequence,target_x,target_y,current_x,current_y,current_cell,state
4312,157,24,1,22.399999999995494,0.0,10,0
4312,158,28,1,21.16666666666208,0.0,11,0
4312,159,26,-3,20.03333333332867,0.0,12,0
4312,160,28,-1,20.39999999999528,0.0,12,0
4312,161,29,-2,22.06666666666191,0.0,10,0
4312,162,25,3,18.13333333332846,0.0,14,0
4312,163,27,3,18.59999999999507,0.0,13,0
4312,164,30,2,16.666666666661655,0.0,15,0
4312,165,30,1,14.633333333328256,0.0,17,0
4312,166,27,2,12.899999999994867,0.0,19,0
4312,167,30,-3,11.566666666661483,0.0,20,0
4312,168,24,-2,8.5333333333281,0.0,23,0
4312,169,23,-3,9.8999999999947,0.0,22,0
4312,170,28,2,9.766666666661305,0.0,22,0
4312,171,22,-3,6.5333333333279295,0.0,25,0
4312,172,29,-1,5.599999999994537,0.0,26,0
4312,173,31,-2,3.8666666666611476,0.0,28,0
4312,174,32,2,2.93333333332776,0.0,29,0
4312,175,32,1,1.9999999999943636,0.0,30,0
4312,176,25,-1,1.0666666666609745,0.0,31,0
4312,177,27,-1,0.06666666666091403,0.0,32,0
4312,178,32,-1,-0.9333333333391479,0.0,33,0
4312,179,27,-2,-1.9333333333392035,0.0,34,0
4312,180,22,2,-2.9333333333392653,0.0,35,0
4312,181,26,-1,-3.9333333333393212,0.0,36,0
4312,182,32,3,-4.93333333333938,0.0,37,0
4312,183,29,1,-5.93333333333943,0.0,38,0
4312,184,30,-2,-6.933333333339489,0.0,39,0
4312,185,25,-3,-7.93333333333954,0.0,40,0
4312,186,29,-3,-8.933333333339597,0.0,41,0
4312,187,22,-2,-9.933333333339649,0.0,42,0
4312,188,30,3,-10.933333333339707,0.0,43,0
