time_step,passenger_sequence,target_x,target_y,current_x,current_y,current_cell,state
4889,172,29,-1,25.499999999994635,0.0,7,0
4889,173,31,-2,26.366666666661253,0.0,6,0
4889,174,32,2,21.8333333333278,0.0,10,0
4889,175,32,1,23.999999999994436,0.0,8,0
4889,176,25,-1,23.066666666661035,0.0,9,0
4889,177,27,-1,19.133333333327585,0.0,13,0
4889,178,32,-1,21.29999999999422,0.0,11,0
4889,179,27,-2,20.266666666660818,0.0,12,0
4889,180,22,2,16.233333333327366,0.0,16,0
4889,181,26,-1,15.299999999993977,0.0,17,0
4889,182,32,3,17.4666666666606,0.0,15,0
4889,183,29,1,17.033333333327207,0.0,15,0
4889,184,30,-2,13.399999999993806,0.0,19,0
4889,185,25,-3,11.566666666660424,0.0,20,0
4889,186,29,-3,10.633333333327034,0.0,21,0
4889,187,22,-2,9.699999999993649,0.0,22,0
4889,188,30,3,8.766666666660257,0.0,23,0
