time_step,passenger_sequence,target_x,target_y,current_x,current_y,current_cell,state
4505,160,28,-1,27.29999999999538,0.0,5,0
4505,163,27,3,25.49999999999517,0.0,7,0
4505,164,30,2,23.46666666666175,0.0,9,0
4505,165,30,1,21.433333333328328,0.0,11,0
4505,166,27,2,22.799999999994952,0.0,9,0
4505,167,30,-3,18.3666666666615,0.0,14,0
4505,168,24,-2,15.333333333328076,0.0,17,0
4505,169,23,-3,19.799999999994732,0.0,12,0
4505,170,28,2,16.56666666666129,0.0,15,0
4505,171,22,-3,13.333333333327905,0.0,19,0
4505,172,29,-1,12.399999999994513,0.0,20,0
4505,173,31,-2,10.666666666661124,0.0,21,0
4505,174,32,2,9.73333333332774,0.0,22,0
4505,175,32,1,8.799999999994348,0.0,23,0
4505,176,25,-1,7.866666666660963,0.0,24,0
4505,177,27,-1,7.0333333333275725,0.0,25,0
4505,178,32,-1,6.09999999999418,0.0,26,0
4505,179,27,-2,5.066666666660796,0.0,27,0
4505,180,22,2,4.133333333327405,0.0,28,0
4505,181,26,-1,3.1999999999940165,0.0,29,0
4505,182,32,3,2.2666666666606203,0.0,30,0
4505,183,29,1,1.3333333333272328,0.0,31,0
4505,184,30,-2,0.33333333332717047,0.0,32,0
4505,185,25,-3,-0.6666666666728844,0.0,33,0
4505,186,29,-3,-1.6666666666729455,0.0,34,0
4505,187,22,-2,-2.6666666666730015,0.0,35,0
4505,188,30,3,-3.6666666666730645,0.0,36,0
