time_step,passenger_sequence,target_x,target_y,current_x,current_y,current_cell,state
4366,158,28,1,23.466666666662114,0.0,9,0
4366,159,26,-3,25.433333333328747,0.0,7,0
4366,160,28,-1,22.699999999995313,0.0,9,0
4366,161,29,-2,24.366666666661942,0.0,8,0
4366,162,25,3,20.43333333332849,0.0,12,0
4366,163,27,3,20.899999999995103,0.0,11,0
4366,164,30,2,18.966666666661688,0.0,13,0
4366,165,30,1,16.933333333328264,0.0,15,0
4366,166,27,2,15.199999999994859,0.0,17,0
4366,167,30,-3,13.866666666661475,0.0,18,0
4366,168,24,-2,10.833333333328092,0.0,21,0
4366,169,23,-3,15.29999999999468,0.0,17,0
4366,170,28,2,12.066666666661297,0.0,20,0
4366,171,22,-3,8.833333333327921,0.0,23,0
4366,172,29,-1,7.899999999994529,0.0,24,0
4366,173,31,-2,6.16666666666114,0.0,26,0
4366,174,32,2,5.2333333333277565,0.0,27,0
4366,175,32,1,4.299999999994364,0.0,28,0
4366,176,25,-1,3.3666666666609766,0.0,29,0
4366,177,27,-1,2.4333333333275817,0.0,30,0
4366,178,32,-1,1.4999999999941855,0.0,31,0
4366,179,27,-2,0.49999999999413036,0.0,32,0
4366,180,22,2,-0.5000000000059303,0.0,33,0
4366,181,26,-1,-1.5000000000059854,0.0,34,0
4366,182,32,3,-2.5000000000060485,0.0,35,0
4366,183,29,1,-3.500000000006103,0.0,36,0
4366,184,30,-2,-4.500000000006164,0.0,37,0
4366,185,25,-3,-5.5000000000062155,0.0,38,0
4366,186,29,-3,-6.500000000006272,0.0,39,0
4366,187,22,-2,-7.500000000006324,0.0,40,0
4366,188,30,3,-8.500000000006382,0.0,41,0
