time_step,passenger_sequence,target_x,target_y,current_x,current_y,current_cell,state
4867,172,29,-1,23.299999999994604,0.0,9,0
4867,173,31,-2,24.16666666666122,0.0,8,0
4867,174,32,2,19.63333333332777,0.0,12,0
4867,175,32,1,21.799999999994405,0.0,10,0
4867,176,25,-1,20.866666666661004,0.0,11,0
4867,177,27,-1,16.933333333327553,0.0,15,0
4867,178,32,-1,19.09999999999419,0.0,13,0
4867,179,27,-2,18.066666666660787,0.0,14,0
4867,180,22,2,14.03333333332737,0.0,18,0
4867,181,26,-1,13.099999999993985,0.0,19,0
4867,182,32,3,15.266666666660582,0.0,17,0
4867,183,29,1,14.833333333327197,0.0,17,0
4867,184,30,-2,11.199999999993814,0.0,21,0
4867,185,25,-3,9.366666666660432,0.0,23,0
4867,186,29,-3,8.433333333327042,0.0,24,0
4867,187,22,-2,7.499999999993657,0.0,25,0
4867,188,30,3,6.566666666660264,0.0,25,0
