time_step,passenger_sequence,target_x,target_y,current_x,current_y,current_cell,state
4361,158,28,1,22.966666666662107,0.0,9,0
4361,159,26,-3,24.93333333332874,0.0,7,0
4361,160,28,-1,22.199999999995306,0.0,10,0
4361,161,29,-2,23.866666666661935,0.0,8,0
4361,162,25,3,19.933333333328484,0.0,12,0
4361,163,27,3,20.399999999995096,0.0,12,0
4361,164,30,2,18.46666666666168,0.0,14,0
4361,165,30,1,16.433333333328257,0.0,16,0
4361,166,27,2,14.69999999999486,0.0,17,0
4361,167,30,-3,13.366666666661477,0.0,19,0
4361,168,24,-2,10.333333333328094,0.0,22,0
4361,169,23,-3,14.799999999994682,0.0,17,0
4361,170,28,2,11.566666666661298,0.0,20,0
4361,171,22,-3,8.333333333327923,0.0,24,0
4361,172,29,-1,7.399999999994531,0.0,25,0
4361,173,31,-2,5.666666666661142,0.0,26,0
4361,174,32,2,4.733333333327758,0.0,27,0
4361,175,32,1,3.799999999994365,0.0,28,0
4361,176,25,-1,2.866666666660976,0.0,29,0
4361,177,27,-1,1.9333333333275815,0.0,30,0
4361,178,32,-1,0.9999999999941852,0.0,31,0
4361,179,27,-2,-5.869665864466356e-12,0.0,32,0
4361,180,22,2,-1.0000000000059301,0.0,33,0
4361,181,26,-1,-2.000000000005986,0.0,34,0
4361,182,32,3,-3.000000000006049,0.0,35,0
4361,183,29,1,-4.000000000006104,0.0,36,0
4361,184,30,-2,-5.000000000006162,0.0,37,0
4361,185,25,-3,-6.000000000006214,0.0,38,0
4361,186,29,-3,-7.0000000000062705,0.0,39,0
4361,187,22,-2,-8.000000000006322,0.0,40,0
4361,188,30,3,-9.00000000000638,0.0,41,0
