time_step,passenger_sequence,target_x,target_y,current_x,current_y,current_cell,state
4271,156,23,-2,22.033333333328883,0.0,10,0
4271,157,24,1,21.39999999999548,0.0,11,0
4271,158,28,1,20.166666666662067,0.0,12,0
4271,159,26,-3,15.933333333328614,0.0,16,0
4271,160,28,-1,19.399999999995266,0.0,13,0
4271,161,29,-2,17.96666666666185,0.0,14,0
4271,162,25,3,14.033333333328436,0.0,18,0
4271,163,27,3,17.599999999995056,0.0,14,0
4271,164,30,2,15.666666666661646,0.0,16,0
4271,165,30,1,13.63333333332826,0.0,18,0
4271,166,27,2,11.89999999999487,0.0,20,0
4271,167,30,-3,10.566666666661487,0.0,21,0
4271,168,24,-2,7.533333333328104,0.0,24,0
4271,169,23,-3,8.899999999994703,0.0,23,0
4271,170,28,2,5.666666666661319,0.0,26,0
4271,171,22,-3,5.533333333327933,0.0,26,0
4271,172,29,-1,4.599999999994541,0.0,27,0
4271,173,31,-2,2.8666666666611467,0.0,29,0
4271,174,32,2,1.9333333333277591,0.0,30,0
4271,175,32,1,0.9999999999943628,0.0,31,0
4271,176,25,-1,-5.692030180526331e-12,0.0,32,0
4271,177,27,-1,-1.0000000000057525,0.0,33,0
4271,178,32,-1,-2.0000000000058153,0.0,34,0
4271,179,27,-2,-3.0000000000058713,0.0,35,0
4271,180,22,2,-4.000000000005933,0.0,36,0
4271,181,26,-1,-5.0000000000059845,0.0,37,0
4271,182,32,3,-6.000000000006043,0.0,38,0
4271,183,29,1,-7.000000000006093,0.0,39,0
4271,184,30,-2,-8.000000000006152,0.0,40,0
4271,185,25,-3,-9.000000000006203,0.0,41,0
4271,186,29,-3,-10.00000000000626,0.0,42,0
4271,187,22,-2,-11.000000000006311,0.0,43,0
4271,188,30,3,-12.00000000000637,0.0,44,0
