time_step,passenger_sequence,target_x,target_y,current_x,current_y,current_cell,state
4860,172,29,-1,22.599999999994594,0.0,9,0
4860,173,31,-2,23.46666666666121,0.0,9,0
4860,174,32,2,18.93333333332776,0.0,13,0
4860,175,32,1,21.099999999994395,0.0,11,0
4860,176,25,-1,20.166666666660994,0.0,12,0
4860,177,27,-1,16.233333333327543,0.0,16,0
4860,178,32,-1,18.39999999999418,0.0,14,0
4860,179,27,-2,17.366666666660777,0.0,15,0
4860,180,22,2,13.333333333327372,0.0,19,0
4860,181,26,-1,12.399999999993987,0.0,20,0
4860,182,32,3,14.566666666660584,0.0,17,0
4860,183,29,1,14.133333333327199,0.0,18,0
4860,184,30,-2,10.499999999993817,0.0,22,0
4860,185,25,-3,8.666666666660435,0.0,23,0
4860,186,29,-3,7.733333333327044,0.0,24,0
4860,187,22,-2,6.799999999993659,0.0,25,0
4860,188,30,3,5.866666666660267,0.0,26,0
