time_step,passenger_sequence,target_x,target_y,current_x,current_y,current_cell,state
4544,163,27,3,26.29999999999518,0.0,6,0
4544,164,30,2,24.266666666661763,0.0,8,0
4544,165,30,1,22.23333333332834,0.0,10,0
4544,166,27,2,23.599999999994964,0.0,8,0
4544,167,30,-3,19.166666666661513,0.0,13,0
4544,168,24,-2,16.133333333328075,0.0,16,0
4544,169,23,-3,20.599999999994743,0.0,11,0
4544,170,28,2,17.366666666661303,0.0,15,0
4544,171,22,-3,14.133333333327903,0.0,18,0
4544,172,29,-1,13.19999999999451,0.0,19,0
4544,173,31,-2,11.466666666661121,0.0,21,0
4544,174,32,2,10.533333333327738,0.0,21,0
4544,175,32,1,9.599999999994346,0.0,22,0
4544,176,25,-1,8.66666666666096,0.0,23,0
4544,177,27,-1,7.83333333332757,0.0,24,0
4544,178,32,-1,6.8999999999941775,0.0,25,0
4544,179,27,-2,5.866666666660793,0.0,26,0
4544,180,22,2,4.933333333327402,0.0,27,0
4544,181,26,-1,3.9999999999940172,0.0,28,0
4544,182,32,3,6.166666666660614,0.0,26,0
4544,183,29,1,2.1333333333272333,0.0,30,0
4544,184,30,-2,1.199999999993837,0.0,31,0
4544,185,25,-3,0.19999999999378218,0.0,32,0
4544,186,29,-3,-0.8000000000062784,0.0,33,0
4544,187,22,-2,-1.8000000000063339,0.0,34,0
4544,188,30,3,-2.800000000006397,0.0,35,0
