time_step,passenger_sequence,target_x,target_y,current_x,current_y,current_cell,state
4398,158,28,1,26.66666666666216,0.0,5,0
4398,159,26,-3,25.53333333332875,0.0,6,3
4398,160,28,-1,22.799999999995315,0.0,9,0
4398,161,29,-2,24.466666666661943,0.0,8,0
4398,162,25,3,20.533333333328493,0.0,11,0
4398,163,27,3,20.999999999995104,0.0,11,0
4398,164,30,2,19.06666666666169,0.0,13,0
4398,165,30,1,17.033333333328265,0.0,15,0
4398,166,27,2,18.39999999999489,0.0,14,0
4398,167,30,-3,13.966666666661474,0.0,18,0
4398,168,24,-2,10.933333333328092,0.0,21,0
4398,169,23,-3,15.39999999999468,0.0,17,0
4398,170,28,2,12.166666666661296,0.0,20,0
4398,171,22,-3,8.933333333327921,0.0,23,0
4398,172,29,-1,7.999999999994529,0.0,24,0
4398,173,31,-2,6.2666666666611395,0.0,26,0
4398,174,32,2,5.333333333327756,0.0,27,0
4398,175,32,1,4.399999999994364,0.0,28,0
4398,176,25,-1,3.4666666666609767,0.0,29,0
4398,177,27,-1,2.533333333327582,0.0,29,0
4398,178,32,-1,1.5999999999941856,0.0,30,0
4398,179,27,-2,0.5999999999941303,0.0,31,0
4398,180,22,2,-0.4000000000059303,0.0,32,0
4398,181,26,-1,-1.4000000000059853,0.0,33,0
4398,182,32,3,-2.4000000000060484,0.0,34,0
4398,183,29,1,-3.400000000006103,0.0,35,0
4398,184,30,-2,-4.400000000006164,0.0,36,0
4398,185,25,-3,-5.400000000006216,0.0,37,0
4398,186,29,-3,-6.400000000006273,0.0,38,0
4398,187,22,-2,-7.400000000006324,0.0,39,0
4398,188,30,3,-8.400000000006383,0.0,40,0
