time_step,passenger_sequence,target_x,target_y,current_x,current_y,current_cell,state
4885,172,29,-1,25.09999999999463,0.0,7,0
4885,173,31,-2,25.966666666661247,0.0,6,0
4885,174,32,2,21.433333333327795,0.0,11,0
4885,175,32,1,23.59999999999443,0.0,8,0
4885,176,25,-1,22.66666666666103,0.0,9,0
4885,177,27,-1,18.73333333332758,0.0,13,0
4885,178,32,-1,20.899999999994215,0.0,11,0
4885,179,27,-2,19.866666666660812,0.0,12,0
4885,180,22,2,15.833333333327364,0.0,16,0
4885,181,26,-1,14.899999999993979,0.0,17,0
4885,182,32,3,17.066666666660595,0.0,15,0
4885,183,29,1,16.6333333333272,0.0,15,0
4885,184,30,-2,12.999999999993808,0.0,19,0
4885,185,25,-3,11.166666666660426,0.0,21,0
4885,186,29,-3,10.233333333327035,0.0,22,0
4885,187,22,-2,9.29999999999365,0.0,23,0
4885,188,30,3,8.366666666660258,0.0,24,0
