time_step,passenger_sequence,target_x,target_y,current_x,current_y,current_cell,state
4698,165,30,1,28.333333333328426,0.0,4,0
4698,167,30,-3,24.366666666661587,0.0,8,0
4698,168,24,-2,21.33333333332815,0.0,11,0
4698,170,28,2,22.466666666661375,0.0,10,0
4698,171,22,-3,20.233333333327955,0.0,12,0
4698,172,29,-1,19.299999999994547,0.0,13,0
4698,173,31,-2,16.566666666661114,0.0,15,0
4698,174,32,2,15.63333333332772,0.0,16,0
4698,175,32,1,17.79999999999435,0.0,14,0
4698,176,25,-1,16.866666666660947,0.0,15,0
4698,177,27,-1,12.933333333327552,0.0,19,0
4698,178,32,-1,11.99999999999416,0.0,20,0
4698,179,27,-2,14.066666666660764,0.0,18,0
4698,180,22,2,10.033333333327384,0.0,22,0
4698,181,26,-1,9.099999999993999,0.0,23,0
4698,182,32,3,11.266666666660596,0.0,21,0
4698,183,29,1,7.233333333327224,0.0,25,0
4698,184,30,-2,6.299999999993831,0.0,26,0
4698,185,25,-3,5.366666666660446,0.0,27,0
4698,186,29,-3,4.433333333327056,0.0,28,0
4698,187,22,-2,3.4999999999936686,0.0,29,0
4698,188,30,3,2.5666666666602724,0.0,29,0
