time_step,passenger_sequence,target_x,target_y,current_x,current_y,current_cell,state
4917,172,29,-1,28.299999999994675,0.0,4,0
4917,173,31,-2,29.499999999994625,0.0,3,0
4917,174,32,2,24.63333333332784,0.0,7,0
4917,175,32,1,26.799999999994476,0.0,5,0
4917,176,25,-1,24.566666666661057,0.0,7,2
4917,177,27,-1,20.533333333327604,0.0,11,1
4917,178,32,-1,22.69999999999424,0.0,9,1
4917,179,27,-2,21.666666666660838,0.0,10,1
4917,180,22,2,19.033333333327406,0.0,13,0
4917,181,26,-1,16.699999999993985,0.0,15,1
4917,182,32,3,18.86666666666062,0.0,13,1
4917,183,29,1,18.433333333327226,0.0,14,1
4917,184,30,-2,14.799999999993801,0.0,17,1
4917,185,25,-3,12.96666666666042,0.0,19,1
4917,186,29,-3,12.033333333327029,0.0,20,1
4917,187,22,-2,11.099999999993644,0.0,21,1
4917,188,30,3,10.166666666660252,0.0,22,1
