time_step,passenger_sequence,target_x,target_y,current_x,current_y,current_cell,state
5157,181,26,-1,23.39999999999408,0.0,9,0
5157,182,32,3,25.566666666660716,0.0,6,0
5157,183,29,1,25.13333333332732,0.0,7,0
5157,184,30,-2,21.499999999993875,0.0,11,0
5157,185,25,-3,19.66666666666046,0.0,12,0
5157,186,29,-3,18.733333333327053,0.0,13,0
5157,187,22,-2,17.799999999993652,0.0,14,0
5157,188,30,3,16.866666666660244,0.0,15,0
