time_step,passenger_sequence,target_x,target_y,current_x,current_y,current_cell,state
5179,181,26,-1,25.59999999999411,0.0,6,2
5179,182,32,3,27.766666666660747,0.0,4,0
5179,183,29,1,27.333333333327353,0.0,5,0
5179,184,30,-2,23.599999999993905,0.0,8,1
5179,185,25,-3,21.76666666666049,0.0,10,1
5179,186,29,-3,20.833333333327083,0.0,11,1
5179,187,22,-2,19.899999999993682,0.0,12,1
5179,188,30,3,18.966666666660274,0.0,13,1
