time_step,passenger_sequence,target_x,target_y,current_x,current_y,current_cell,state
5007,175,32,1,29.933333333327845,0.0,2,0
5007,177,27,-1,26.033333333327683,0.0,6,0
5007,178,32,-1,25.099999999994274,0.0,7,0
5007,179,27,-2,24.066666666660872,0.0,8,0
5007,181,26,-1,17.299999999993993,0.0,15,0
5007,182,32,3,19.46666666666063,0.0,13,0
5007,183,29,1,19.033333333327235,0.0,13,0
5007,184,30,-2,15.399999999993799,0.0,17,0
5007,185,25,-3,13.566666666660417,0.0,18,0
5007,186,29,-3,12.633333333327027,0.0,19,0
5007,187,22,-2,11.699999999993642,0.0,20,0
5007,188,30,3,10.76666666666025,0.0,21,0
