time_step,passenger_sequence,target_x,target_y,current_x,current_y,current_cell,state
5237,184,30,-2,24.099999999993912,0.0,8,0
5237,185,25,-3,22.266666666660498,0.0,10,0
5237,186,29,-3,21.33333333332709,0.0,11,0
5237,187,22,-2,20.39999999999369,0.0,12,0
5237,188,30,3,19.46666666666028,0.0,13,0
