time_step,passenger_sequence,target_x,target_y,current_x,current_y,current_cell,state
5168,181,26,-1,24.499999999994095,0.0,8,0
5168,182,32,3,26.66666666666073,0.0,5,0
5168,183,29,1,26.233333333327337,0.0,6,0
5168,184,30,-2,22.59999999999389,0.0,9,0
5168,185,25,-3,20.766666666660477,0.0,11,0
5168,186,29,-3,19.83333333332707,0.0,12,0
5168,187,22,-2,18.899999999993668,0.0,13,0
5168,188,30,3,17.96666666666026,0.0,14,0
