time_step,passenger_sequence,target_x,target_y,current_x,current_y,current_cell,state
5153,181,26,-1,22.999999999994074,0.0,9,0
5153,182,32,3,25.16666666666071,0.0,7,0
5153,183,29,1,24.733333333327316,0.0,7,0
5153,184,30,-2,21.09999999999387,0.0,11,0
5153,185,25,-3,19.266666666660456,0.0,13,0
5153,186,29,-3,18.333333333327047,0.0,14,0
5153,187,22,-2,17.399999999993646,0.0,15,0
5153,188,30,3,16.466666666660238,0.0,16,0
