time_step,passenger_sequence,target_x,target_y,current_x,current_y,current_cell,state
5234,182,32,3,31.666666666660774,0.0,499,3
5234,184,30,-2,23.799999999993908,0.0,8,0
5234,185,25,-3,21.966666666660494,0.0,10,0
5234,186,29,-3,21.033333333327086,0.0,11,0
5234,187,22,-2,20.099999999993685,0.0,12,0
5234,188,30,3,19.166666666660277,0.0,13,0
