time_step,passenger_sequence,target_x,target_y,current_x,current_y,current_cell,state
5210,181,26,-1,25.59999999999411,0.0,6,3
5210,182,32,3,31.666666666660774,0.0,0,2
5210,183,29,1,28.53333333332737,0.0,3,2
5210,184,30,-2,23.599999999993905,0.0,8,1
5210,185,25,-3,21.76666666666049,0.0,10,1
5210,186,29,-3,20.833333333327083,0.0,11,1
5210,187,22,-2,19.899999999993682,0.0,12,1
5210,188,30,3,18.966666666660274,0.0,13,1
