time_step,passenger_sequence,target_x,target_y,current_x,current_y,current_cell,state
5143,181,26,-1,21.99999999999406,0.0,10,0
5143,182,32,3,24.166666666660696,0.0,8,0
5143,183,29,1,23.7333333333273,0.0,8,0
5143,184,30,-2,20.099999999993855,0.0,12,0
5143,185,25,-3,18.26666666666044,0.0,14,0
5143,186,29,-3,17.333333333327033,0.0,15,0
5143,187,22,-2,16.399999999993632,0.0,16,0
5143,188,30,3,15.466666666660233,0.0,17,0
