time_step,passenger_sequence,target_x,target_y,current_x,current_y,current_cell,state
3415,152,20,-1,19.399999999995728,0.0,13,0
3415,153,20,1,17.666666666662305,0.0,14,0
3415,155,17,-1,15.199999999995493,0.0,17,0
3415,156,18,1,13.96666666666211,0.0,18,0
3415,157,19,-1,12.033333333328722,0.0,20,0
3415,158,12,-1,11.09999999999533,0.0,21,0
3415,159,21,1,10.06666666666194,0.0,22,0
3415,160,21,-1,9.233333333328547,0.0,23,0
3415,161,12,1,8.199999999995162,0.0,24,0
3415,162,15,1,5.566666666661778,0.0,26,0
3415,163,17,1,4.633333333328386,0.0,27,0
3415,164,18,-1,3.699999999994992,0.0,28,0
3415,165,13,1,2.7666666666616044,0.0,29,0
3415,166,16,1,1.8333333333282085,0.0,30,0
3415,167,14,-1,0.8999999999948124,0.0,31,0
3415,168,3,-1,-0.033333333338574384,0.0,32,0
3415,169,4,-1,-1.0333333333386363,0.0,33,0
3415,170,10,-1,-2.033333333338699,0.0,34,0
3415,171,7,-1,-3.0333333333387538,0.0,35,0
3415,172,2,-1,-4.033333333338817,0.0,36,0
3415,173,11,1,-5.033333333338868,0.0,37,0
3415,174,8,-1,-6.033333333338925,0.0,38,0
3415,175,5,1,-7.033333333338977,0.0,39,0
3415,176,6,1,-8.033333333339035,0.0,40,0
3415,177,9,-1,-9.033333333339085,0.0,41,0
3415,178,1,-1,-10.033333333339144,0.0,42,0
3415,179,2,1,-11.033333333339195,0.0,43,0
3415,180,5,-1,-12.033333333339252,0.0,44,0
3415,181,11,-1,-13.033333333339304,0.0,45,0
3415,182,8,1,-14.033333333339362,0.0,46,0
3415,183,6,-1,-15.033333333339412,0.0,47,0
3415,184,9,1,-16.033333333339463,0.0,48,0
3415,185,10,1,-17.033333333339538,0.0,49,0
3415,186,4,1,-18.033333333339606,0.0,50,0
3415,187,7,1,-19.03333333333968,0.0,51,0
3415,188,3,1,-20.033333333339748,0.0,52,0
