time_step,passenger_sequence,target_x,target_y,current_x,current_y,current_cell,state
3414,152,20,-1,19.299999999995727,0.0,13,0
3414,153,20,1,17.566666666662304,0.0,14,0
3414,155,17,-1,15.099999999995493,0.0,17,0
3414,156,18,1,13.86666666666211,0.0,18,0
3414,157,19,-1,11.933333333328722,0.0,20,0
3414,158,12,-1,10.99999999999533,0.0,21,0
3414,159,21,1,9.96666666666194,0.0,22,0
3414,160,21,-1,9.133333333328547,0.0,23,0
3414,161,12,1,8.099999999995163,0.0,24,0
3414,162,15,1,5.466666666661778,0.0,27,0
3414,163,17,1,4.533333333328386,0.0,27,0
3414,164,18,-1,3.599999999994992,0.0,28,0
3414,165,13,1,2.6666666666616043,0.0,29,0
3414,166,16,1,1.7333333333282084,0.0,30,0
3414,167,14,-1,0.7999999999948124,0.0,31,0
3414,168,3,-1,-0.1333333333385744,0.0,32,0
3414,169,4,-1,-1.1333333333386364,0.0,33,0
3414,170,10,-1,-2.1333333333386992,0.0,34,0
3414,171,7,-1,-3.133333333338754,0.0,35,0
3414,172,2,-1,-4.1333333333388165,0.0,36,0
3414,173,11,1,-5.133333333338868,0.0,37,0
3414,174,8,-1,-6.133333333338925,0.0,38,0
3414,175,5,1,-7.133333333338976,0.0,39,0
3414,176,6,1,-8.133333333339035,0.0,40,0
3414,177,9,-1,-9.133333333339085,0.0,41,0
3414,178,1,-1,-10.133333333339143,0.0,42,0
3414,179,2,1,-11.133333333339195,0.0,43,0
3414,180,5,-1,-12.133333333339252,0.0,44,0
3414,181,11,-1,-13.133333333339303,0.0,45,0
3414,182,8,1,-14.133333333339362,0.0,46,0
3414,183,6,-1,-15.133333333339412,0.0,47,0
3414,184,9,1,-16.133333333339465,0.0,48,0
3414,185,10,1,-17.13333333333954,0.0,49,0
3414,186,4,1,-18.133333333339607,0.0,50,0
3414,187,7,1,-19.13333333333968,0.0,51,0
3414,188,3,1,-20.13333333333975,0.0,52,0
