time_step,passenger_sequence,target_x,target_y,current_x,current_y,current_cell,state
3820,177,9,-1,3.5666666666609017,0.0,28,0
3820,179,2,1,0.49999999999411615,0.0,32,0
3820,180,5,-1,-0.5000000000059445,0.0,33,0
3820,181,11,-1,-1.5000000000059996,0.0,34,0
3820,182,8,1,-2.5000000000060627,0.0,35,0
3820,183,6,-1,-3.5000000000061173,0.0,36,0
3820,184,9,1,-4.500000000006171,0.0,37,0
3820,185,10,1,-5.50000000000623,0.0,38,0
3820,186,4,1,-6.500000000006279,0.0,39,0
3820,187,7,1,-7.500000000006338,0.0,40,0
3820,188,3,1,-8.50000000000639,0.0,41,0
