time_step,passenger_sequence,target_x,target_y,current_x,current_y,current_cell,state
3470,156,18,1,15.566666666662105,0.0,16,0
3470,157,19,-1,13.633333333328716,0.0,18,0
3470,159,21,1,11.666666666661934,0.0,20,0
3470,160,21,-1,9.933333333328545,0.0,22,0
3470,161,12,1,8.89999999999516,0.0,23,0
3470,162,15,1,6.266666666661775,0.0,26,0
3470,163,17,1,5.333333333328383,0.0,27,0
3470,164,18,-1,4.399999999994991,0.0,28,0
3470,165,13,1,3.466666666661605,0.0,29,0
3470,166,16,1,2.533333333328209,0.0,29,0
3470,167,14,-1,1.599999999994813,0.0,30,0
3470,168,3,-1,0.6666666666614256,0.0,31,0
3470,169,4,-1,-0.2666666666719698,0.0,32,0
3470,170,10,-1,-1.2666666666720319,0.0,33,0
3470,171,7,-1,-2.2666666666720863,0.0,34,0
3470,172,2,-1,-3.2666666666721493,0.0,35,0
3470,173,11,1,-4.266666666672204,0.0,36,0
3470,174,8,-1,-5.266666666672261,0.0,37,0
3470,175,5,1,-6.266666666672313,0.0,38,0
3470,176,6,1,-7.266666666672371,0.0,39,0
3470,177,9,-1,-8.266666666672421,0.0,40,0
3470,178,1,-1,-9.26666666667248,0.0,41,0
3470,179,2,1,-10.266666666672531,0.0,42,0
3470,180,5,-1,-11.266666666672588,0.0,43,0
3470,181,11,-1,-12.26666666667264,0.0,44,0
3470,182,8,1,-13.266666666672698,0.0,45,0
3470,183,6,-1,-14.266666666672748,0.0,46,0
3470,184,9,1,-15.2666666666728,0.0,47,0
3470,185,10,1,-16.26666666667286,0.0,48,0
3470,186,4,1,-17.26666666667293,0.0,49,0
3470,187,7,1,-18.266666666673004,0.0,50,0
3470,188,3,1,-19.26666666667307,0.0,51,0
