time_step,passenger_sequence,target_x,target_y,current_x,current_y,current_cell,state
3686,164,18,-1,16.89999999999496,0.0,15,0
3686,166,16,1,14.133333333328174,0.0,18,0
3686,167,14,-1,13.199999999994782,0.0,19,0
3686,170,10,-1,8.59999999999462,0.0,23,0
3686,171,7,-1,5.966666666661244,0.0,26,0
3686,173,11,1,3.299999999994466,0.0,29,0
3686,174,8,-1,2.366666666661071,0.0,30,0
3686,175,5,1,1.4333333333276823,0.0,31,0
3686,176,6,1,0.4999999999942867,0.0,32,0
3686,177,9,-1,-0.5000000000057668,0.0,33,0
3686,178,1,-1,-1.5000000000058291,0.0,34,0
3686,179,2,1,-2.500000000005885,0.0,35,0
3686,180,5,-1,-3.500000000005947,0.0,36,0
3686,181,11,-1,-4.5000000000060005,0.0,37,0
3686,182,8,1,-5.500000000006059,0.0,38,0
3686,183,6,-1,-6.500000000006109,0.0,39,0
3686,184,9,1,-7.50000000000616,0.0,40,0
3686,185,10,1,-8.500000000006219,0.0,41,0
3686,186,4,1,-9.500000000006269,0.0,42,0
3686,187,7,1,-10.500000000006327,0.0,43,0
3686,188,3,1,-11.500000000006379,0.0,44,0
