time_step,passenger_sequence,target_x,target_y,current_x,current_y,current_cell,state
3410,152,20,-1,18.89999999999572,0.0,13,0
3410,153,20,1,17.166666666662298,0.0,15,0
3410,155,17,-1,14.699999999995494,0.0,17,0
3410,156,18,1,13.466666666662112,0.0,19,0
3410,157,19,-1,11.533333333328724,0.0,20,0
3410,158,12,-1,10.599999999995331,0.0,21,0
3410,159,21,1,9.566666666661941,0.0,22,0
3410,160,21,-1,8.733333333328549,0.0,23,0
3410,161,12,1,7.699999999995164,0.0,24,0
3410,162,15,1,5.06666666666178,0.0,27,0
3410,163,17,1,4.1333333333283875,0.0,28,0
3410,164,18,-1,3.1999999999949917,0.0,29,0
3410,165,13,1,2.266666666661604,0.0,30,0
3410,166,16,1,1.333333333328208,0.0,31,0
3410,167,14,-1,0.3999999999948125,0.0,32,0
3410,168,3,-1,-0.600000000005241,0.0,33,0
3410,169,4,-1,-1.6000000000053034,0.0,34,0
3410,170,10,-1,-2.6000000000053665,0.0,35,0
3410,171,7,-1,-3.600000000005421,0.0,36,0
3410,172,2,-1,-4.6000000000054815,0.0,37,0
3410,173,11,1,-5.600000000005533,0.0,38,0
3410,174,8,-1,-6.60000000000559,0.0,39,0
3410,175,5,1,-7.600000000005641,0.0,40,0
3410,176,6,1,-8.6000000000057,0.0,41,0
3410,177,9,-1,-9.60000000000575,0.0,42,0
3410,178,1,-1,-10.600000000005808,0.0,43,0
3410,179,2,1,-11.60000000000586,0.0,44,0
3410,180,5,-1,-12.600000000005917,0.0,45,0
3410,181,11,-1,-13.600000000005968,0.0,46,0
3410,182,8,1,-14.600000000006027,0.0,47,0
3410,183,6,-1,-15.600000000006077,0.0,48,0
3410,184,9,1,-16.600000000006137,0.0,49,0
3410,185,10,1,-17.60000000000621,0.0,50,0
3410,186,4,1,-18.60000000000628,0.0,51,0
3410,187,7,1,-19.600000000006354,0.0,52,0
3410,188,3,1,-20.60000000000642,0.0,53,0
