time_step,passenger_sequence,target_x,target_y,current_x,current_y,current_cell,state
3691,164,18,-1,17.399999999994968,0.0,15,0
3691,166,16,1,14.633333333328173,0.0,17,0
3691,167,14,-1,13.59999999999478,0.0,18,2
3691,170,10,-1,8.89999999999462,0.0,23,1
3691,171,7,-1,6.2666666666612425,0.0,26,1
3691,173,11,1,3.5999999999944663,0.0,28,1
3691,174,8,-1,2.6666666666610714,0.0,29,1
3691,175,5,1,1.7333333333276826,0.0,30,1
3691,176,6,1,0.7999999999942866,0.0,31,1
3691,177,9,-1,-0.1333333333391002,0.0,32,1
3691,178,1,-1,-1.1333333333391622,0.0,33,1
3691,179,2,1,-2.133333333339218,0.0,34,1
3691,180,5,-1,-3.1333333333392797,0.0,35,1
3691,181,11,-1,-4.133333333339335,0.0,36,1
3691,182,8,1,-5.133333333339394,0.0,37,1
3691,183,6,-1,-6.1333333333394435,0.0,38,1
3691,184,9,1,-7.133333333339495,0.0,39,1
3691,185,10,1,-8.133333333339554,0.0,40,1
3691,186,4,1,-9.133333333339603,0.0,41,1
3691,187,7,1,-10.133333333339662,0.0,42,1
3691,188,3,1,-11.133333333339714,0.0,43,1
