time_step,passenger_sequence,target_x,target_y,current_x,current_y,current_cell,state
3475,156,18,1,16.066666666662105,0.0,16,0
3475,157,19,-1,14.133333333328714,0.0,18,0
3475,159,21,1,12.166666666661932,0.0,20,0
3475,160,21,-1,10.433333333328543,0.0,22,0
3475,161,12,1,9.399999999995158,0.0,23,0
3475,162,15,1,6.766666666661774,0.0,25,0
3475,163,17,1,5.833333333328381,0.0,26,0
3475,164,18,-1,4.899999999994989,0.0,27,0
3475,165,13,1,3.9666666666616055,0.0,28,0
3475,166,16,1,3.0333333333282093,0.0,29,0
3475,167,14,-1,2.099999999994813,0.0,30,0
3475,168,3,-1,1.1666666666614256,0.0,31,0
3475,169,4,-1,0.23333333332803022,0.0,32,0
3475,170,10,-1,-0.7666666666720318,0.0,33,0
3475,171,7,-1,-1.7666666666720858,0.0,34,0
3475,172,2,-1,-2.766666666672149,0.0,35,0
3475,173,11,1,-3.766666666672205,0.0,36,0
3475,174,8,-1,-4.766666666672263,0.0,37,0
3475,175,5,1,-5.7666666666723145,0.0,38,0
3475,176,6,1,-6.766666666672373,0.0,39,0
3475,177,9,-1,-7.766666666672423,0.0,40,0
3475,178,1,-1,-8.766666666672482,0.0,41,0
3475,179,2,1,-9.766666666672533,0.0,42,0
3475,180,5,-1,-10.76666666667259,0.0,43,0
3475,181,11,-1,-11.766666666672641,0.0,44,0
3475,182,8,1,-12.7666666666727,0.0,45,0
3475,183,6,-1,-13.76666666667275,0.0,46,0
3475,184,9,1,-14.766666666672801,0.0,47,0
3475,185,10,1,-15.76666666667286,0.0,48,0
3475,186,4,1,-16.766666666672922,0.0,49,0
3475,187,7,1,-17.766666666672997,0.0,50,0
3475,188,3,1,-18.766666666673064,0.0,51,0
