time_step,passenger_sequence,target_x,target_y,current_x,current_y,current_cell,state
3584,159,21,1,19.66666666666197,0.0,12,0
3584,160,21,-1,17.93333333332855,0.0,14,0
3584,162,15,1,12.566666666661753,0.0,19,0
3584,163,17,1,13.333333333328355,0.0,19,0
3584,164,18,-1,10.699999999994969,0.0,21,0
3584,165,13,1,11.46666666666158,0.0,21,0
3584,166,16,1,10.533333333328187,0.0,21,0
3584,167,14,-1,9.599999999994795,0.0,22,0
3584,170,10,-1,4.999999999994634,0.0,27,0
3584,171,7,-1,2.366666666661249,0.0,30,0
3584,172,2,-1,1.4333333333278528,0.0,31,0
3584,173,11,1,0.4999999999944643,0.0,32,0
3584,174,8,-1,-0.5000000000055963,0.0,33,0
3584,175,5,1,-1.5000000000056515,0.0,34,0
3584,176,6,1,-2.5000000000057145,0.0,35,0
3584,177,9,-1,-3.500000000005769,0.0,36,0
3584,178,1,-1,-4.50000000000583,0.0,37,0
3584,179,2,1,-5.5000000000058815,0.0,38,0
3584,180,5,-1,-6.500000000005938,0.0,39,0
3584,181,11,-1,-7.50000000000599,0.0,40,0
3584,182,8,1,-8.500000000006048,0.0,41,0
3584,183,6,-1,-9.500000000006098,0.0,42,0
3584,184,9,1,-10.50000000000615,0.0,43,0
3584,185,10,1,-11.500000000006208,0.0,44,0
3584,186,4,1,-12.500000000006258,0.0,45,0
3584,187,7,1,-13.500000000006317,0.0,46,0
3584,188,3,1,-14.500000000006368,0.0,47,0
