time_step,passenger_sequence,target_x,target_y,current_x,current_y,current_cell,state
3649,163,17,1,16.433333333328353,0.0,16,0
3649,164,18,-1,14.899999999994954,0.0,17,0
3649,166,16,1,12.133333333328181,0.0,20,0
3649,167,14,-1,11.19999999999479,0.0,21,0
3649,170,10,-1,6.599999999994628,0.0,25,0
3649,171,7,-1,3.9666666666612502,0.0,28,0
3649,173,11,1,1.2999999999944645,0.0,31,0
3649,174,8,-1,0.3666666666610704,0.0,32,0
3649,175,5,1,-0.6333333333389846,0.0,33,0
3649,176,6,1,-1.633333333339047,0.0,34,0
3649,177,9,-1,-2.6333333333391016,0.0,35,0
3649,178,1,-1,-3.6333333333391646,0.0,36,0
3649,179,2,1,-4.633333333339218,0.0,37,0
3649,180,5,-1,-5.633333333339275,0.0,38,0
3649,181,11,-1,-6.633333333339326,0.0,39,0
3649,182,8,1,-7.633333333339385,0.0,40,0
3649,183,6,-1,-8.633333333339435,0.0,41,0
3649,184,9,1,-9.633333333339486,0.0,42,0
3649,185,10,1,-10.633333333339545,0.0,43,0
3649,186,4,1,-11.633333333339595,0.0,44,0
3649,187,7,1,-12.633333333339653,0.0,45,0
3649,188,3,1,-13.633333333339705,0.0,46,0
