time_step,passenger_sequence,target_x,target_y,current_x,current_y,current_cell,state
3581,159,21,1,19.366666666661967,0.0,13,0
3581,160,21,-1,17.633333333328547,0.0,14,0
3581,162,15,1,12.266666666661754,0.0,20,0
3581,163,17,1,13.033333333328356,0.0,19,0
3581,164,18,-1,10.39999999999497,0.0,22,0
3581,165,13,1,11.16666666666158,0.0,21,0
3581,166,16,1,10.233333333328188,0.0,22,0
3581,167,14,-1,9.299999999994796,0.0,23,0
3581,170,10,-1,4.699999999994635,0.0,27,0
3581,171,7,-1,2.0666666666612485,0.0,30,0
3581,172,2,-1,1.1333333333278526,0.0,31,0
3581,173,11,1,0.1999999999944643,0.0,32,0
3581,174,8,-1,-0.8000000000055962,0.0,33,0
3581,175,5,1,-1.8000000000056517,0.0,34,0
3581,176,6,1,-2.800000000005715,0.0,35,0
3581,177,9,-1,-3.8000000000057694,0.0,36,0
3581,178,1,-1,-4.800000000005829,0.0,37,0
3581,179,2,1,-5.8000000000058805,0.0,38,0
3581,180,5,-1,-6.800000000005937,0.0,39,0
3581,181,11,-1,-7.800000000005989,0.0,40,0
3581,182,8,1,-8.800000000006047,0.0,41,0
3581,183,6,-1,-9.800000000006097,0.0,42,0
3581,184,9,1,-10.800000000006149,0.0,43,0
3581,185,10,1,-11.800000000006207,0.0,44,0
3581,186,4,1,-12.800000000006257,0.0,45,0
3581,187,7,1,-13.800000000006316,0.0,46,0
3581,188,3,1,-14.800000000006367,0.0,47,0
