time_step,passenger_sequence,target_x,target_y,current_x,current_y,current_cell,state
3182,140,29,-1,24.69999999999655,0.0,7,0
3182,141,25,1,22.66666666666313,0.0,9,0
3182,142,30,-1,22.333333333329723,0.0,10,0
3182,143,27,-1,21.39999999999631,0.0,11,0
3182,144,22,1,19.36666666666289,0.0,13,0
3182,145,23,1,17.233333333329465,0.0,15,0
3182,146,29,1,16.299999999996054,0.0,16,0
3182,147,25,-1,15.36666666666266,0.0,17,0
3182,149,16,-1,13.499999999995868,0.0,19,0
3182,150,19,1,11.666666666662481,0.0,20,0
3182,151,14,1,9.033333333329095,0.0,23,0
3182,152,20,-1,8.09999999999571,0.0,24,0
3182,153,20,1,7.166666666662312,0.0,25,0
3182,154,15,-1,6.23333333332892,0.0,26,0
3182,155,17,-1,5.299999999995528,0.0,27,0
3182,156,18,1,4.3666666666621445,0.0,28,0
3182,157,19,-1,3.4333333333287497,0.0,29,0
3182,158,12,-1,2.4999999999953535,0.0,30,0
3182,159,21,1,1.5666666666619589,0.0,30,0
3182,160,21,-1,0.6333333333285631,0.0,31,0
3182,161,12,1,-0.3000000000048252,0.0,32,0
3182,162,15,1,-1.300000000004886,0.0,33,0
3182,163,17,1,-2.3000000000049488,0.0,34,0
3182,164,18,-1,-3.300000000005012,0.0,35,0
3182,165,13,1,-4.300000000005065,0.0,36,0
3182,166,16,1,-5.300000000005124,0.0,37,0
3182,167,14,-1,-6.300000000005182,0.0,38,0
3182,168,3,-1,-7.300000000005232,0.0,39,0
3182,169,4,-1,-8.30000000000529,0.0,40,0
3182,170,10,-1,-9.30000000000535,0.0,41,0
3182,171,7,-1,-10.300000000005399,0.0,42,0
3182,172,2,-1,-11.300000000005458,0.0,43,0
3182,173,11,1,-12.30000000000551,0.0,44,0
3182,174,8,-1,-13.300000000005566,0.0,45,0
3182,175,5,1,-14.300000000005618,0.0,46,0
3182,176,6,1,-15.300000000005676,0.0,47,0
3182,177,9,-1,-16.30000000000573,0.0,48,0
3182,178,1,-1,-17.300000000005806,0.0,49,0
3182,179,2,1,-18.300000000005873,0.0,50,0
3182,180,5,-1,-19.300000000005948,0.0,51,0
3182,181,11,-1,-20.300000000006015,0.0,52,0
3182,182,8,1,-21.30000000000609,0.0,53,0
3182,183,6,-1,-22.300000000006158,0.0,54,0
3182,184,9,1,-23.300000000006225,0.0,55,0
3182,185,10,1,-24.3000000000063,0.0,56,0
3182,186,4,1,-25.300000000006367,0.0,57,0
3182,187,7,1,-26.300000000006442,0.0,58,0
3182,188,3,1,-27.30000000000651,0.0,59,0
