time_step,passenger_sequence,target_x,target_y,current_x,current_y,current_cell,state
3853,177,9,-1,6.866666666660892,0.0,25,0
3853,180,5,-1,1.1666666666607222,0.0,31,0
3853,181,11,-1,0.23333333332733389,0.0,32,0
3853,182,8,1,-0.7666666666727281,0.0,33,0
3853,183,6,-1,-1.7666666666727822,0.0,34,0
3853,184,9,1,-2.766666666672838,0.0,35,0
3853,185,10,1,-3.766666666672901,0.0,36,0
3853,186,4,1,-4.766666666672952,0.0,37,0
3853,187,7,1,-5.766666666673011,0.0,38,0
3853,188,3,1,-6.766666666673062,0.0,39,0
