time_step,passenger_sequence,target_x,target_y,current_x,current_y,current_cell,state
3558,159,21,1,17.066666666661934,0.0,15,0
3558,160,21,-1,15.333333333328525,0.0,17,0
3558,162,15,1,9.966666666661762,0.0,22,0
3558,163,17,1,10.733333333328364,0.0,21,0
3558,164,18,-1,8.099999999994978,0.0,24,0
3558,165,13,1,8.866666666661589,0.0,23,0
3558,166,16,1,7.933333333328196,0.0,24,0
3558,167,14,-1,6.999999999994804,0.0,25,0
3558,169,4,-1,3.333333333328032,0.0,29,0
3558,170,10,-1,2.3999999999946358,0.0,30,0
3558,171,7,-1,1.4666666666612482,0.0,31,0
3558,172,2,-1,0.5333333333278526,0.0,31,0
3558,173,11,1,-0.46666666667220236,0.0,32,0
3558,174,8,-1,-1.4666666666722632,0.0,33,0
3558,175,5,1,-2.466666666672319,0.0,34,0
3558,176,6,1,-3.466666666672382,0.0,35,0
3558,177,9,-1,-4.466666666672435,0.0,36,0
3558,178,1,-1,-5.466666666672493,0.0,37,0
3558,179,2,1,-6.466666666672545,0.0,38,0
3558,180,5,-1,-7.466666666672602,0.0,39,0
3558,181,11,-1,-8.466666666672653,0.0,40,0
3558,182,8,1,-9.466666666672712,0.0,41,0
3558,183,6,-1,-10.466666666672761,0.0,42,0
3558,184,9,1,-11.466666666672813,0.0,43,0
3558,185,10,1,-12.466666666672872,0.0,44,0
3558,186,4,1,-13.466666666672921,0.0,45,0
3558,187,7,1,-14.46666666667298,0.0,46,0
3558,188,3,1,-15.466666666673031,0.0,47,0
