time_step,passenger_sequence,target_x,target_y,current_x,current_y,current_cell,state
3480,156,18,1,16.566666666662112,0.0,15,0
3480,157,19,-1,14.633333333328713,0.0,17,0
3480,159,21,1,12.66666666666193,0.0,19,0
3480,160,21,-1,10.933333333328541,0.0,21,0
3480,161,12,1,9.899999999995156,0.0,22,0
3480,162,15,1,7.266666666661772,0.0,25,0
3480,163,17,1,6.33333333332838,0.0,26,0
3480,164,18,-1,5.3999999999949875,0.0,27,0
3480,165,13,1,4.466666666661604,0.0,28,0
3480,166,16,1,3.5333333333282098,0.0,28,0
3480,167,14,-1,2.5999999999948136,0.0,29,0
3480,168,3,-1,1.666666666661426,0.0,30,0
3480,169,4,-1,0.7333333333280302,0.0,31,0
3480,170,10,-1,-0.2000000000053652,0.0,32,0
3480,171,7,-1,-1.2000000000054187,0.0,33,0
3480,172,2,-1,-2.2000000000054816,0.0,34,0
3480,173,11,1,-3.2000000000055375,0.0,35,0
3480,174,8,-1,-4.200000000005598,0.0,36,0
3480,175,5,1,-5.20000000000565,0.0,37,0
3480,176,6,1,-6.2000000000057085,0.0,38,0
3480,177,9,-1,-7.200000000005758,0.0,39,0
3480,178,1,-1,-8.200000000005817,0.0,40,0
3480,179,2,1,-9.200000000005868,0.0,41,0
3480,180,5,-1,-10.200000000005925,0.0,42,0
3480,181,11,-1,-11.200000000005977,0.0,43,0
3480,182,8,1,-12.200000000006035,0.0,44,0
3480,183,6,-1,-13.200000000006085,0.0,45,0
3480,184,9,1,-14.200000000006137,0.0,46,0
3480,185,10,1,-15.200000000006195,0.0,47,0
3480,186,4,1,-16.20000000000625,0.0,48,0
3480,187,7,1,-17.200000000006323,0.0,49,0
3480,188,3,1,-18.20000000000639,0.0,50,0
