time_step,passenger_sequence,target_x,target_y,current_x,current_y,current_cell,state
3746,173,11,1,5.099999999994463,0.0,27,0
3746,174,8,-1,4.166666666661072,0.0,28,0
3746,175,5,1,3.2333333333276837,0.0,29,0
3746,176,6,1,2.2999999999942875,0.0,30,0
3746,177,9,-1,1.3666666666609,0.0,31,0
3746,178,1,-1,0.43333333332750446,0.0,32,0
3746,179,2,1,-0.5666666666725505,0.0,33,0
3746,180,5,-1,-1.5666666666726115,0.0,34,0
3746,181,11,-1,-2.5666666666726674,0.0,35,0
3746,182,8,1,-3.5666666666727305,0.0,36,0
3746,183,6,-1,-4.566666666672782,0.0,37,0
3746,184,9,1,-5.566666666672834,0.0,38,0
3746,185,10,1,-6.566666666672893,0.0,39,0
3746,186,4,1,-7.566666666672942,0.0,40,0
3746,187,7,1,-8.566666666673001,0.0,41,0
3746,188,3,1,-9.566666666673052,0.0,42,0
