time_step,passenger_sequence,target_x,target_y,current_x,current_y,current_cell,state
3185,140,29,-1,24.999999999996554,0.0,7,0
3185,141,25,1,22.966666666663134,0.0,9,0
3185,142,30,-1,22.633333333329727,0.0,9,0
3185,143,27,-1,21.699999999996315,0.0,10,0
3185,144,22,1,19.666666666662895,0.0,12,0
3185,145,23,1,17.53333333332947,0.0,14,0
3185,146,29,1,16.599999999996058,0.0,15,0
3185,147,25,-1,15.666666666662659,0.0,16,0
3185,149,16,-1,13.799999999995867,0.0,18,0
3185,150,19,1,11.96666666666248,0.0,20,0
3185,151,14,1,9.333333333329094,0.0,23,0
3185,152,20,-1,8.399999999995709,0.0,24,0
3185,153,20,1,7.466666666662311,0.0,25,0
3185,154,15,-1,6.533333333328919,0.0,25,0
3185,155,17,-1,5.599999999995527,0.0,26,0
3185,156,18,1,4.6666666666621435,0.0,27,0
3185,157,19,-1,3.73333333332875,0.0,28,0
3185,158,12,-1,2.7999999999953538,0.0,29,0
3185,159,21,1,1.8666666666619591,0.0,30,0
3185,160,21,-1,0.933333333328563,0.0,31,0
3185,161,12,1,-4.8251680428990085e-12,0.0,32,0
3185,162,15,1,-1.0000000000048856,0.0,33,0
3185,163,17,1,-2.0000000000049485,0.0,34,0
3185,164,18,-1,-3.0000000000050115,0.0,35,0
3185,165,13,1,-4.000000000005066,0.0,36,0
3185,166,16,1,-5.000000000005125,0.0,37,0
3185,167,14,-1,-6.000000000005183,0.0,38,0
3185,168,3,-1,-7.000000000005233,0.0,39,0
3185,169,4,-1,-8.000000000005292,0.0,40,0
3185,170,10,-1,-9.00000000000535,0.0,41,0
3185,171,7,-1,-10.0000000000054,0.0,42,0
3185,172,2,-1,-11.000000000005459,0.0,43,0
3185,173,11,1,-12.00000000000551,0.0,44,0
3185,174,8,-1,-13.000000000005567,0.0,45,0
3185,175,5,1,-14.000000000005619,0.0,46,0
3185,176,6,1,-15.000000000005677,0.0,47,0
3185,177,9,-1,-16.000000000005727,0.0,48,0
3185,178,1,-1,-17.0000000000058,0.0,49,0
3185,179,2,1,-18.00000000000587,0.0,50,0
3185,180,5,-1,-19.000000000005944,0.0,51,0
3185,181,11,-1,-20.00000000000601,0.0,52,0
3185,182,8,1,-21.000000000006086,0.0,53,0
3185,183,6,-1,-22.000000000006153,0.0,54,0
3185,184,9,1,-23.00000000000622,0.0,55,0
3185,185,10,1,-24.000000000006295,0.0,56,0
3185,186,4,1,-25.000000000006363,0.0,57,0
3185,187,7,1,-26.000000000006438,0.0,58,0
3185,188,3,1,-27.000000000006505,0.0,59,0
