time_step,passenger_sequence,target_x,target_y,current_x,current_y,current_cell,state
3411,152,20,-1,18.999999999995723,0.0,13,0
3411,153,20,1,17.2666666666623,0.0,15,0
3411,155,17,-1,14.799999999995494,0.0,17,0
3411,156,18,1,13.566666666662112,0.0,18,0
3411,157,19,-1,11.633333333328723,0.0,20,0
3411,158,12,-1,10.699999999995331,0.0,21,0
3411,159,21,1,9.666666666661941,0.0,22,0
3411,160,21,-1,8.833333333328548,0.0,23,0
3411,161,12,1,7.799999999995164,0.0,24,0
3411,162,15,1,5.166666666661779,0.0,27,0
3411,163,17,1,4.233333333328387,0.0,28,0
3411,164,18,-1,3.299999999994992,0.0,29,0
3411,165,13,1,2.366666666661604,0.0,30,0
3411,166,16,1,1.4333333333282081,0.0,31,0
3411,167,14,-1,0.4999999999948125,0.0,32,0
3411,168,3,-1,-0.500000000005241,0.0,33,0
3411,169,4,-1,-1.5000000000053033,0.0,34,0
3411,170,10,-1,-2.5000000000053664,0.0,35,0
3411,171,7,-1,-3.500000000005421,0.0,36,0
3411,172,2,-1,-4.500000000005482,0.0,37,0
3411,173,11,1,-5.500000000005533,0.0,38,0
3411,174,8,-1,-6.50000000000559,0.0,39,0
3411,175,5,1,-7.500000000005642,0.0,40,0
3411,176,6,1,-8.5000000000057,0.0,41,0
3411,177,9,-1,-9.50000000000575,0.0,42,0
3411,178,1,-1,-10.500000000005809,0.0,43,0
3411,179,2,1,-11.50000000000586,0.0,44,0
3411,180,5,-1,-12.500000000005917,0.0,45,0
3411,181,11,-1,-13.500000000005969,0.0,46,0
3411,182,8,1,-14.500000000006027,0.0,47,0
3411,183,6,-1,-15.500000000006077,0.0,48,0
3411,184,9,1,-16.500000000006136,0.0,49,0
3411,185,10,1,-17.50000000000621,0.0,50,0
3411,186,4,1,-18.500000000006278,0.0,51,0
3411,187,7,1,-19.500000000006352,0.0,52,0
3411,188,3,1,-20.50000000000642,0.0,53,0
