time_step,passenger_sequence,target_x,target_y,current_x,current_y,current_cell,state
3963,181,11,-1,7.833333333327323,0.0,24,0
3963,182,8,1,6.8999999999939305,0.0,25,0
3963,183,6,-1,5.566666666660549,0.0,26,2
3963,184,9,1,4.533333333327164,0.0,27,1
3963,185,10,1,3.59999999999377,0.0,28,1
3963,186,4,1,2.666666666660382,0.0,29,1
3963,187,7,1,1.7333333333269862,0.0,30,1
3963,188,3,1,0.7999999999935974,0.0,31,1
