time_step,passenger_sequence,target_x,target_y,current_x,current_y,current_cell,state
4014,184,9,1,5.63333333332716,0.0,26,0
4014,185,10,1,4.699999999993768,0.0,27,0
4014,186,4,1,3.566666666660383,0.0,28,2
4014,187,7,1,2.5333333333269867,0.0,29,1
4014,188,3,1,1.5999999999935979,0.0,30,1
