time_step,passenger_sequence,target_x,target_y,current_x,current_y,current_cell,state
3608,159,20,-1,17.933333333328694,0.0,14,0
3608,161,16,-1,14.366666666661875,0.0,18,0
3608,162,21,1,13.433333333328482,0.0,19,0
3608,163,13,1,12.49999999999509,0.0,20,0
3608,164,21,-1,11.5666666666617,0.0,20,0
3608,165,20,1,10.633333333328308,0.0,21,0
3608,166,19,1,9.699999999994915,0.0,22,0
3608,167,26,-1,8.766666666661525,0.0,23,0
3608,168,32,-1,9.533333333328127,0.0,22,0
3608,169,23,1,6.899999999994741,0.0,25,0
3608,170,30,-1,7.666666666661344,0.0,24,0
3608,171,22,-1,5.033333333327958,0.0,27,0
3608,172,32,1,4.099999999994566,0.0,28,0
3608,173,24,-1,3.1666666666611714,0.0,29,0
3608,174,27,-1,2.233333333327775,0.0,30,0
3608,175,22,1,1.2999999999943863,0.0,31,0
3608,176,23,-1,0.36666666666099224,0.0,32,0
3608,177,26,1,-0.6333333333390698,0.0,33,0
3608,178,28,-1,-1.6333333333391322,0.0,34,0
3608,179,25,-1,-2.633333333339187,0.0,35,0
3608,180,30,1,-3.63333333333925,0.0,36,0
3608,181,28,1,-4.63333333333931,0.0,37,0
3608,182,24,1,-5.633333333339367,0.0,38,0
3608,183,25,1,-6.633333333339419,0.0,39,0
3608,184,31,1,-7.633333333339477,0.0,40,0
3608,185,29,-1,-8.633333333339527,0.0,41,0
3608,186,27,1,-9.633333333339586,0.0,42,0
3608,187,29,1,-10.633333333339644,0.0,43,0
3608,188,31,-1,-11.633333333339694,0.0,44,0
