time_step,passenger_sequence,target_x,target_y,current_x,current_y,current_cell,state
3812,167,26,-1,22.46666666666159,0.0,10,0
3812,168,32,-1,21.533333333328184,0.0,10,0
3812,169,23,1,18.899999999994748,0.0,13,0
3812,170,30,-1,19.666666666661367,0.0,12,0
3812,171,22,-1,17.033333333327935,0.0,15,0
3812,172,32,1,16.099999999994523,0.0,16,0
3812,173,24,-1,16.466666666661137,0.0,16,0
3812,174,27,-1,14.33333333332774,0.0,18,0
3812,175,22,1,13.799999999994354,0.0,18,0
3812,176,23,-1,12.366666666660965,0.0,20,0
3812,177,26,1,12.733333333327568,0.0,19,0
3812,178,28,-1,12.299999999994174,0.0,20,0
3812,179,25,-1,11.266666666660791,0.0,21,0
3812,180,30,1,8.633333333327405,0.0,23,0
3812,181,28,1,7.699999999994013,0.0,24,0
3812,182,24,1,6.7666666666606226,0.0,25,0
3812,183,25,1,5.8333333333272375,0.0,26,0
3812,184,31,1,4.899999999993845,0.0,27,0
3812,185,29,-1,3.9666666666604615,0.0,28,0
3812,186,27,1,3.0333333333270653,0.0,29,0
3812,187,29,1,2.099999999993669,0.0,30,0
3812,188,31,-1,1.1666666666602816,0.0,31,0
