time_step,passenger_sequence,target_x,target_y,current_x,current_y,current_cell,state
3790,167,26,-1,20.26666666666156,0.0,12,0
3790,168,32,-1,19.333333333328152,0.0,13,0
3790,169,23,1,16.699999999994716,0.0,15,0
3790,170,30,-1,17.466666666661336,0.0,15,0
3790,171,22,-1,14.833333333327923,0.0,17,0
3790,172,32,1,13.899999999994531,0.0,18,0
3790,173,24,-1,14.266666666661136,0.0,18,0
3790,174,27,-1,12.133333333327748,0.0,20,0
3790,175,22,1,11.599999999994361,0.0,20,0
3790,176,23,-1,10.166666666660973,0.0,22,0
3790,177,26,1,10.533333333327576,0.0,21,0
3790,178,28,-1,10.099999999994182,0.0,22,0
3790,179,25,-1,9.0666666666608,0.0,23,0
3790,180,30,1,6.433333333327413,0.0,26,0
3790,181,28,1,5.499999999994021,0.0,27,0
3790,182,24,1,4.56666666666063,0.0,27,0
3790,183,25,1,3.6333333333272435,0.0,28,0
3790,184,31,1,2.6999999999938473,0.0,29,0
3790,185,29,-1,1.7666666666604598,0.0,30,0
3790,186,27,1,0.8333333333270638,0.0,31,0
3790,187,29,1,-0.10000000000633152,0.0,32,0
3790,188,31,-1,-1.100000000006385,0.0,33,0
