time_step,passenger_sequence,target_x,target_y,current_x,current_y,current_cell,state
3495,153,18,-1,16.93333333332905,0.0,15,0
3495,155,15,1,14.56666666666225,0.0,17,2
3495,156,16,1,15.533333333328851,0.0,16,2
3495,157,18,1,14.29999999999546,0.0,18,1
3495,158,12,1,11.566666666662076,0.0,20,2
3495,159,20,-1,10.533333333328684,0.0,21,1
3495,160,14,1,9.599999999995285,0.0,22,1
3495,161,16,-1,8.666666666661895,0.0,23,1
3495,162,21,1,7.733333333328503,0.0,24,1
3495,163,13,1,6.79999999999511,0.0,25,1
3495,164,21,-1,5.86666666666172,0.0,26,1
3495,165,20,1,4.933333333328328,0.0,27,1
3495,166,19,1,3.9999999999949356,0.0,28,1
3495,167,26,-1,3.0666666666615408,0.0,29,1
3495,168,32,-1,2.1333333333281446,0.0,30,1
3495,169,23,1,1.1999999999947486,0.0,31,1
3495,170,30,-1,0.2666666666613546,0.0,32,1
3495,171,22,-1,-0.7333333333387074,0.0,33,1
3495,172,32,1,-1.73333333333877,0.0,34,1
3495,173,24,-1,-2.7333333333388317,0.0,35,1
3495,174,27,-1,-3.7333333333388947,0.0,36,1
3495,175,22,1,-4.733333333338948,0.0,37,1
3495,176,23,-1,-5.733333333339004,0.0,38,1
3495,177,26,1,-6.733333333339063,0.0,39,1
3495,178,28,-1,-7.733333333339122,0.0,40,1
3495,179,25,-1,-8.733333333339171,0.0,41,1
3495,180,30,1,-9.73333333333923,0.0,42,1
3495,181,28,1,-10.733333333339289,0.0,43,1
3495,182,24,1,-11.733333333339345,0.0,44,1
3495,183,25,1,-12.733333333339397,0.0,45,1
3495,184,31,1,-13.733333333339456,0.0,46,1
3495,185,29,-1,-14.733333333339505,0.0,47,1
3495,186,27,1,-15.733333333339564,0.0,48,1
3495,187,29,1,-16.733333333339633,0.0,49,1
3495,188,31,-1,-17.7333333333397,0.0,50,1
