time_step,passenger_sequence,target_x,target_y,current_x,current_y,current_cell,state
3243,146,11,-1,8.266666666662845,0.0,24,0
3243,147,19,-1,7.333333333329456,0.0,25,0
3243,148,14,-1,6.399999999996057,0.0,26,0
3243,149,17,1,5.466666666662666,0.0,27,0
3243,150,13,-1,4.533333333329274,0.0,27,0
3243,151,12,-1,3.5999999999958803,0.0,28,0
3243,152,17,-1,2.6666666666624783,0.0,29,0
3243,153,18,-1,1.7333333333290752,0.0,30,0
3243,154,15,-1,0.7999999999956793,0.0,31,0
3243,155,15,1,-0.13333333333771463,0.0,32,0
3243,156,16,1,-1.1333333333377766,0.0,33,0
3243,157,18,1,-2.1333333333378395,0.0,34,0
3243,158,12,1,-3.133333333337901,0.0,35,0
3243,159,20,-1,-4.133333333337964,0.0,36,0
3243,160,14,1,-5.1333333333380295,0.0,37,0
3243,161,16,-1,-6.133333333338086,0.0,38,0
3243,162,21,1,-7.133333333338145,0.0,39,0
3243,163,13,1,-8.133333333338204,0.0,40,0
3243,164,21,-1,-9.13333333333826,0.0,41,0
3243,165,20,1,-10.133333333338319,0.0,42,0
3243,166,19,1,-11.133333333338378,0.0,43,0
3243,167,26,-1,-12.133333333338435,0.0,44,0
3243,168,32,-1,-13.133333333338493,0.0,45,0
3243,169,23,1,-14.133333333338552,0.0,46,0
3243,170,30,-1,-15.133333333338609,0.0,47,0
3243,171,22,-1,-16.13333333333867,0.0,48,0
3243,172,32,1,-17.133333333338744,0.0,49,0
3243,173,24,-1,-18.13333333333882,0.0,50,0
3243,174,27,-1,-19.133333333338893,0.0,51,0
3243,175,22,1,-20.13333333333896,0.0,52,0
3243,176,23,-1,-21.133333333339035,0.0,53,0
3243,177,26,1,-22.13333333333911,0.0,54,0
3243,178,28,-1,-23.133333333339184,0.0,55,0
3243,179,25,-1,-24.13333333333925,0.0,56,0
3243,180,30,1,-25.133333333339326,0.0,57,0
3243,181,28,1,-26.1333333333394,0.0,58,0
3243,182,24,1,-27.133333333339476,0.0,59,0
3243,183,25,1,-28.133333333339543,0.0,60,0
3243,184,31,1,-29.133333333339618,0.0,61,0
3243,185,29,-1,-30.133333333339685,0.0,62,0
3243,186,27,1,-31.13333333333976,0.0,63,0
3243,187,29,1,-32.133333333339834,0.0,64,0
3243,188,31,-1,-33.133333333339905,0.0,65,0
