time_step,passenger_sequence,target_x,target_y,current_x,current_y,current_cell,state
3001,136,11,1,8.999999999996808,0.0,23,0
3001,137,10,-1,7.466666666663416,0.0,25,0
3001,138,7,-1,5.433333333330028,0.0,27,0
3001,139,10,1,4.499999999996639,0.0,28,0
3001,141,4,-1,1.8333333333298427,0.0,30,0
3001,142,3,1,0.8999999999964466,0.0,31,0
3001,143,9,-1,-0.03333333333694724,0.0,32,0
3001,144,5,1,-1.0333333333370127,0.0,33,0
3001,145,3,-1,-2.0333333333370827,0.0,34,0
3001,146,11,-1,-3.0333333333371444,0.0,35,0
3001,147,19,-1,-4.033333333337204,0.0,36,0
3001,148,14,-1,-5.03333333333727,0.0,37,0
3001,149,17,1,-6.0333333333373265,0.0,38,0
3001,150,13,-1,-7.033333333337385,0.0,39,0
3001,151,12,-1,-8.033333333337444,0.0,40,0
3001,152,17,-1,-9.033333333337508,0.0,41,0
3001,153,18,-1,-10.033333333337573,0.0,42,0
3001,154,15,-1,-11.033333333337632,0.0,43,0
3001,155,15,1,-12.033333333337689,0.0,44,0
3001,156,16,1,-13.033333333337747,0.0,45,0
3001,157,18,1,-14.033333333337806,0.0,46,0
3001,158,12,1,-15.033333333337863,0.0,47,0
3001,159,20,-1,-16.03333333333792,0.0,48,0
3001,160,14,1,-17.033333333338003,0.0,49,0
3001,161,16,-1,-18.033333333338078,0.0,50,0
3001,162,21,1,-19.033333333338152,0.0,51,0
3001,163,13,1,-20.033333333338227,0.0,52,0
3001,164,21,-1,-21.0333333333383,0.0,53,0
3001,165,20,1,-22.033333333338376,0.0,54,0
3001,166,19,1,-23.03333333333845,0.0,55,0
3001,167,26,-1,-24.033333333338526,0.0,56,0
3001,168,32,-1,-25.0333333333386,0.0,57,0
3001,169,23,1,-26.033333333338675,0.0,58,0
3001,170,30,-1,-27.03333333333875,0.0,59,0
3001,171,22,-1,-28.033333333338824,0.0,60,0
3001,172,32,1,-29.0333333333389,0.0,61,0
3001,173,24,-1,-30.033333333338973,0.0,62,0
3001,174,27,-1,-31.033333333339048,0.0,63,0
3001,175,22,1,-32.033333333339115,0.0,64,0
3001,176,23,-1,-33.03333333333919,0.0,65,0
3001,177,26,1,-34.03333333333927,0.0,66,0
3001,178,28,-1,-35.03333333333935,0.0,67,0
3001,179,25,-1,-36.03333333333942,0.0,68,0
3001,180,30,1,-37.0333333333395,0.0,69,0
3001,181,28,1,-38.03333333333958,0.0,70,0
3001,182,24,1,-39.033333333339655,0.0,71,0
3001,183,25,1,-40.033333333339726,0.0,72,0
3001,184,31,1,-41.033333333339804,0.0,73,0
3001,185,29,-1,-42.033333333339876,0.0,74,0
3001,186,27,1,-43.033333333339954,0.0,75,0
3001,187,29,1,-44.03333333334003,0.0,76,0
3001,188,31,-1,-45.0333333333401,0.0,77,0
