time_step,passenger_sequence,target_x,target_y,current_x,current_y,current_cell,state
3442,152,17,-1,14.266666666662443,0.0,18,0
3442,153,18,-1,13.333333333329044,0.0,19,0
3442,154,15,-1,12.399999999995652,0.0,20,0
3442,155,15,1,11.466666666662261,0.0,21,0
3442,156,16,1,10.53333333332887,0.0,21,0
3442,157,18,1,11.299999999995471,0.0,21,0
3442,158,12,1,8.666666666662087,0.0,23,0
3442,159,20,-1,7.733333333328694,0.0,24,0
3442,160,14,1,6.799999999995295,0.0,25,0
3442,161,16,-1,5.866666666661905,0.0,26,0
3442,162,21,1,4.9333333333285125,0.0,27,0
3442,163,13,1,3.9999999999951203,0.0,28,0
3442,164,21,-1,3.0666666666617255,0.0,29,0
3442,165,20,1,2.1333333333283293,0.0,30,0
3442,166,19,1,1.1999999999949333,0.0,31,0
3442,167,26,-1,0.2666666666615393,0.0,32,0
3442,168,32,-1,-0.7333333333385227,0.0,33,0
3442,169,23,1,-1.7333333333385852,0.0,34,0
3442,170,30,-1,-2.733333333338647,0.0,35,0
3442,171,22,-1,-3.73333333333871,0.0,36,0
3442,172,32,1,-4.73333333333877,0.0,37,0
3442,173,24,-1,-5.733333333338827,0.0,38,0
3442,174,27,-1,-6.733333333338885,0.0,39,0
3442,175,22,1,-7.733333333338937,0.0,40,0
3442,176,23,-1,-8.733333333338994,0.0,41,0
3442,177,26,1,-9.733333333339052,0.0,42,0
3442,178,28,-1,-10.733333333339111,0.0,43,0
3442,179,25,-1,-11.73333333333916,0.0,44,0
3442,180,30,1,-12.73333333333922,0.0,45,0
3442,181,28,1,-13.733333333339278,0.0,46,0
3442,182,24,1,-14.733333333339335,0.0,47,0
3442,183,25,1,-15.733333333339386,0.0,48,0
3442,184,31,1,-16.733333333339456,0.0,49,0
3442,185,29,-1,-17.733333333339523,0.0,50,0
3442,186,27,1,-18.733333333339598,0.0,51,0
3442,187,29,1,-19.733333333339672,0.0,52,0
3442,188,31,-1,-20.73333333333974,0.0,53,0
