time_step,passenger_sequence,target_x,target_y,current_x,current_y,current_cell,state
3979,172,32,1,27.699999999994688,0.0,4,0
3979,174,27,-1,25.133333333327865,0.0,7,0
3979,176,23,-1,22.06666666666104,0.0,10,0
3979,177,26,1,21.533333333327636,0.0,10,0
3979,178,28,-1,20.29999999999422,0.0,12,0
3979,179,25,-1,19.26666666666082,0.0,13,0
3979,180,30,1,17.4333333333274,0.0,15,0
3979,181,28,1,16.799999999993993,0.0,15,0
3979,182,24,1,15.76666666666059,0.0,16,0
3979,183,25,1,14.633333333327206,0.0,17,0
3979,184,31,1,13.699999999993814,0.0,18,0
3979,185,29,-1,11.966666666660434,0.0,20,0
3979,186,27,1,11.033333333327041,0.0,21,0
3979,187,29,1,10.09999999999365,0.0,22,0
3979,188,31,-1,9.166666666660266,0.0,23,0
