time_step,passenger_sequence,target_x,target_y,current_x,current_y,current_cell,state
3344,147,19,-1,15.733333333329426,0.0,16,0
3344,148,14,-1,13.599999999996031,0.0,18,2
3344,149,17,1,12.566666666662641,0.0,19,1
3344,150,13,-1,11.633333333329249,0.0,20,1
3344,151,12,-1,10.699999999995857,0.0,21,1
3344,152,17,-1,9.76666666666246,0.0,22,1
3344,153,18,-1,8.83333333332906,0.0,23,1
3344,154,15,-1,7.899999999995668,0.0,24,1
3344,155,15,1,6.966666666662277,0.0,25,1
3344,156,16,1,6.033333333328885,0.0,26,1
3344,157,18,1,5.099999999995493,0.0,27,1
3344,158,12,1,4.166666666662103,0.0,28,1
3344,159,20,-1,3.233333333328707,0.0,29,1
3344,160,14,1,2.2999999999953036,0.0,30,1
3344,161,16,-1,1.366666666661909,0.0,31,1
3344,162,21,1,0.4333333333285134,0.0,32,1
3344,163,13,1,-0.5666666666715486,0.0,33,1
3344,164,21,-1,-1.5666666666716096,0.0,34,1
3344,165,20,1,-2.5666666666716726,0.0,35,1
3344,166,19,1,-3.5666666666717357,0.0,36,1
3344,167,26,-1,-4.566666666671795,0.0,37,1
3344,168,32,-1,-5.566666666671853,0.0,38,1
3344,169,23,1,-6.566666666671912,0.0,39,1
3344,170,30,-1,-7.566666666671969,0.0,40,1
3344,171,22,-1,-8.566666666672027,0.0,41,1
3344,172,32,1,-9.566666666672086,0.0,42,1
3344,173,24,-1,-10.566666666672143,0.0,43,1
3344,174,27,-1,-11.566666666672202,0.0,44,1
3344,175,22,1,-12.566666666672253,0.0,45,1
3344,176,23,-1,-13.56666666667231,0.0,46,1
3344,177,26,1,-14.566666666672369,0.0,47,1
3344,178,28,-1,-15.566666666672427,0.0,48,1
3344,179,25,-1,-16.566666666672486,0.0,49,1
3344,180,30,1,-17.56666666667256,0.0,50,1
3344,181,28,1,-18.566666666672635,0.0,51,1
3344,182,24,1,-19.56666666667271,0.0,52,1
3344,183,25,1,-20.566666666672777,0.0,53,1
3344,184,31,1,-21.56666666667285,0.0,54,1
3344,185,29,-1,-22.56666666667292,0.0,55,1
3344,186,27,1,-23.566666666672994,0.0,56,1
3344,187,29,1,-24.56666666667307,0.0,57,1
3344,188,31,-1,-25.566666666673136,0.0,58,1
