time_step,passenger_sequence,target_x,target_y,current_x,current_y,current_cell,state
3250,146,11,-1,8.966666666662842,0.0,23,0
3250,147,19,-1,8.033333333329454,0.0,24,0
3250,148,14,-1,7.099999999996054,0.0,25,0
3250,149,17,1,6.166666666662664,0.0,26,0
3250,150,13,-1,5.233333333329272,0.0,27,0
3250,151,12,-1,4.29999999999588,0.0,28,0
3250,152,17,-1,3.366666666662479,0.0,29,0
3250,153,18,-1,2.4333333333290756,0.0,30,0
3250,154,15,-1,1.4999999999956797,0.0,31,0
3250,155,15,1,0.5666666666622854,0.0,31,0
3250,156,16,1,-0.4333333333377767,0.0,32,0
3250,157,18,1,-1.4333333333378389,0.0,33,0
3250,158,12,1,-2.4333333333379006,0.0,34,0
3250,159,20,-1,-3.4333333333379636,0.0,35,0
3250,160,14,1,-4.433333333338032,0.0,36,0
3250,161,16,-1,-5.433333333338089,0.0,37,0
3250,162,21,1,-6.4333333333381475,0.0,38,0
3250,163,13,1,-7.433333333338206,0.0,39,0
3250,164,21,-1,-8.433333333338263,0.0,40,0
3250,165,20,1,-9.433333333338322,0.0,41,0
3250,166,19,1,-10.43333333333838,0.0,42,0
3250,167,26,-1,-11.433333333338437,0.0,43,0
3250,168,32,-1,-12.433333333338496,0.0,44,0
3250,169,23,1,-13.433333333338554,0.0,45,0
3250,170,30,-1,-14.433333333338611,0.0,46,0
3250,171,22,-1,-15.43333333333867,0.0,47,0
3250,172,32,1,-16.433333333338734,0.0,48,0
3250,173,24,-1,-17.43333333333881,0.0,49,0
3250,174,27,-1,-18.433333333338883,0.0,50,0
3250,175,22,1,-19.43333333333895,0.0,51,0
3250,176,23,-1,-20.433333333339025,0.0,52,0
3250,177,26,1,-21.4333333333391,0.0,53,0
3250,178,28,-1,-22.433333333339174,0.0,54,0
3250,179,25,-1,-23.43333333333924,0.0,55,0
3250,180,30,1,-24.433333333339316,0.0,56,0
3250,181,28,1,-25.43333333333939,0.0,57,0
3250,182,24,1,-26.433333333339466,0.0,58,0
3250,183,25,1,-27.433333333339533,0.0,59,0
3250,184,31,1,-28.433333333339608,0.0,60,0
3250,185,29,-1,-29.433333333339675,0.0,61,0
3250,186,27,1,-30.43333333333975,0.0,62,0
3250,187,29,1,-31.433333333339824,0.0,63,0
3250,188,31,-1,-32.433333333339895,0.0,64,0
