time_step,passenger_sequence,target_x,target_y,current_x,current_y,current_cell,state
3722,164,21,-1,19.766666666661738,0.0,12,0
3722,165,20,1,18.633333333328327,0.0,13,0
3722,166,19,1,17.29999999999491,0.0,15,0
3722,167,26,-1,16.966666666661514,0.0,15,0
3722,168,32,-1,16.033333333328105,0.0,16,0
3722,169,23,1,13.399999999994717,0.0,19,0
3722,170,30,-1,14.166666666661321,0.0,18,0
3722,171,22,-1,11.533333333327935,0.0,20,0
3722,172,32,1,10.599999999994543,0.0,21,0
3722,173,24,-1,9.666666666661152,0.0,22,0
3722,174,27,-1,8.73333333332776,0.0,23,0
3722,175,22,1,7.799999999994375,0.0,24,0
3722,176,23,-1,6.866666666660985,0.0,25,0
3722,177,26,1,5.933333333327592,0.0,26,0
3722,178,28,-1,4.9999999999942,0.0,27,0
3722,179,25,-1,5.766666666660811,0.0,26,0
3722,180,30,1,3.1333333333274207,0.0,29,0
3722,181,28,1,2.1999999999940245,0.0,30,0
3722,182,24,1,1.2666666666606299,0.0,31,0
3722,183,25,1,0.3333333333272415,0.0,32,0
3722,184,31,1,-0.6666666666728205,0.0,33,0
3722,185,29,-1,-1.6666666666728744,0.0,34,0
3722,186,27,1,-2.6666666666729375,0.0,35,0
3722,187,29,1,-3.6666666666730006,0.0,36,0
3722,188,31,-1,-4.666666666673052,0.0,37,0
