time_step,passenger_sequence,target_x,target_y,current_x,current_y,current_cell,state
3133,143,9,-1,7.566666666663043,0.0,24,0
3133,144,5,1,3.2333333333296554,0.0,29,0
3133,145,3,-1,2.299999999996252,0.0,30,0
3133,146,11,-1,1.3666666666628575,0.0,31,0
3133,147,19,-1,0.43333333332946555,0.0,32,0
3133,148,14,-1,-0.5666666666706036,0.0,33,0
3133,149,17,1,-1.5666666666706646,0.0,34,0
3133,150,13,-1,-2.5666666666707276,0.0,35,0
3133,151,12,-1,-3.5666666666707907,0.0,36,0
3133,152,17,-1,-4.566666666670857,0.0,37,0
3133,153,18,-1,-5.566666666670923,0.0,38,0
3133,154,15,-1,-6.566666666670981,0.0,39,0
3133,155,15,1,-7.566666666671038,0.0,40,0
3133,156,16,1,-8.566666666671097,0.0,41,0
3133,157,18,1,-9.566666666671155,0.0,42,0
3133,158,12,1,-10.566666666671212,0.0,43,0
3133,159,20,-1,-11.56666666667127,0.0,44,0
3133,160,14,1,-12.566666666671336,0.0,45,0
3133,161,16,-1,-13.566666666671393,0.0,46,0
3133,162,21,1,-14.566666666671452,0.0,47,0
3133,163,13,1,-15.56666666667151,0.0,48,0
3133,164,21,-1,-16.566666666671576,0.0,49,0
3133,165,20,1,-17.56666666667165,0.0,50,0
3133,166,19,1,-18.566666666671725,0.0,51,0
3133,167,26,-1,-19.5666666666718,0.0,52,0
3133,168,32,-1,-20.566666666671875,0.0,53,0
3133,169,23,1,-21.56666666667195,0.0,54,0
3133,170,30,-1,-22.566666666672024,0.0,55,0
3133,171,22,-1,-23.5666666666721,0.0,56,0
3133,172,32,1,-24.566666666672173,0.0,57,0
3133,173,24,-1,-25.566666666672248,0.0,58,0
3133,174,27,-1,-26.566666666672322,0.0,59,0
3133,175,22,1,-27.56666666667239,0.0,60,0
3133,176,23,-1,-28.566666666672464,0.0,61,0
3133,177,26,1,-29.56666666667254,0.0,62,0
3133,178,28,-1,-30.566666666672614,0.0,63,0
3133,179,25,-1,-31.56666666667268,0.0,64,0
3133,180,30,1,-32.56666666667276,0.0,65,0
3133,181,28,1,-33.56666666667284,0.0,66,0
3133,182,24,1,-34.566666666672916,0.0,67,0
3133,183,25,1,-35.56666666667299,0.0,68,0
3133,184,31,1,-36.566666666673065,0.0,69,0
3133,185,29,-1,-37.566666666673136,0.0,70,0
3133,186,27,1,-38.566666666673214,0.0,71,0
3133,187,29,1,-39.56666666667329,0.0,72,0
3133,188,31,-1,-40.56666666667336,0.0,73,0
