time_step,passenger_sequence,target_x,target_y,current_x,current_y,current_cell,state
4098,178,28,-1,26.899999999994314,0.0,5,0
4098,179,25,-1,24.566666666660897,0.0,7,2
4098,180,30,1,24.3333333333275,0.0,8,1
4098,181,28,1,21.999999999994067,0.0,10,1
4098,182,24,1,20.96666666666066,0.0,11,1
4098,183,25,1,19.833333333327257,0.0,12,1
4098,184,31,1,18.899999999993845,0.0,13,1
4098,185,29,-1,19.56666666666047,0.0,12,0
4098,186,27,1,18.133333333327055,0.0,14,1
4098,187,29,1,16.19999999999363,0.0,16,1
4098,188,31,-1,14.366666666660247,0.0,18,1
