time_step,passenger_sequence,target_x,target_y,current_x,current_y,current_cell,state
4085,178,28,-1,25.599999999994296,0.0,6,0
4085,179,25,-1,24.566666666660897,0.0,7,2
4085,180,30,1,24.3333333333275,0.0,8,1
4085,181,28,1,21.999999999994067,0.0,10,1
4085,182,24,1,20.96666666666066,0.0,11,1
4085,183,25,1,19.833333333327257,0.0,12,1
4085,184,31,1,18.899999999993845,0.0,13,1
4085,185,29,-1,18.266666666660452,0.0,14,0
4085,186,27,1,18.133333333327055,0.0,14,1
4085,187,29,1,16.19999999999363,0.0,16,1
4085,188,31,-1,14.366666666660247,0.0,18,1
