time_step,passenger_sequence,target_x,target_y,current_x,current_y,current_cell,state
4250,184,31,1,28.699999999993985,0.0,3,0
4250,185,29,-1,27.566666666660584,0.0,4,0
4250,186,27,1,25.833333333327165,0.0,6,0
4250,187,29,1,23.89999999999374,0.0,8,0
4250,188,31,-1,22.06666666666033,0.0,10,0
