time_step,passenger_sequence,target_x,target_y,current_x,current_y,current_cell,state
4200,181,28,1,27.599999999994147,0.0,4,2
4200,184,31,1,24.399999999993923,0.0,8,1
4200,185,29,-1,23.266666666660523,0.0,9,1
4200,186,27,1,21.533333333327104,0.0,10,1
4200,187,29,1,19.599999999993678,0.0,12,1
4200,188,31,-1,17.766666666660267,0.0,14,1
