time_step,passenger_sequence,target_x,target_y,current_x,current_y,current_cell,state
4244,184,31,1,28.099999999993976,0.0,4,0
4244,185,29,-1,26.966666666660576,0.0,5,0
4244,186,27,1,25.233333333327156,0.0,7,0
4244,187,29,1,23.29999999999373,0.0,9,0
4244,188,31,-1,21.46666666666032,0.0,11,0
