time_step,passenger_sequence,target_x,target_y,current_x,current_y,current_cell,state
4211,184,31,1,24.79999999999393,0.0,7,0
4211,185,29,-1,23.66666666666053,0.0,8,0
4211,186,27,1,21.93333333332711,0.0,10,0
4211,187,29,1,19.999999999993683,0.0,12,0
4211,188,31,-1,18.166666666660273,0.0,14,0
