time_step,passenger_sequence,target_x,target_y,current_x,current_y,current_cell,state
1234,75,8,2,4.666666666666666,3,{L},0
1234,76,4,8,3.1000000000000014,7,{L},0
1234,77,6,1,3.0000000000000013,3,{L},0
1234,78,2,9,1.5000000000000002,7,{L},2
1234,79,6,2,1.3333333333333333,3,{L},0
1234,80,2,8,0,3.3333333333326207,{L},0
1234,81,4,1,0,0.0666666666659474,{L},0
1234,82,4,2,0,-2.3333333333340383,{L},0
1234,83,2,1,0,-4.733333333333987,{L},0
1234,84,17,6,0,-7.133333333333975,{L},0
1234,85,2,2,0,-9.400000000000617,{L},0
1234,86,16,6,0,-11.533333333333918,{L},0
1234,87,15,6,0,-13.600000000000549,{L},0
1234,88,14,6,0,-15.333333333333833,{L},0
1234,89,17,4,0,-16.86666666666713,{L},0
1234,90,13,6,0,-18.600000000000442,{L},0
1234,91,16,4,0,-20.200000000000394,{L},0
1234,92,12,6,0,-21.73333333333367,{L},0
1234,93,15,4,0,-23.46666666666698,{L},0
1234,94,11,6,0,-25.066666666666947,{L},0
1234,95,14,4,0,-26.60000000000023,{L},0
1234,96,10,6,0,-28.333333333333528,{L},0
1234,97,13,4,0,-29.933333333333493,{L},0
1234,98,9,6,0,-31.466666666666782,{L},0
1234,99,12,4,0,-33.20000000000009,{L},0
1234,100,8,6,0,-34.80000000000004,{L},0
1234,101,11,4,0,-36.33333333333333,{L},0
1234,102,7,6,0,-38.06666666666664,{L},0
1234,103,10,4,0,-39.66666666666659,{L},0
1234,104,6,6,0,-41.199999999999875,{L},0
1234,105,9,4,0,-42.93333333333319,{L},0
1234,106,5,6,0,-44.533333333333154,{L},0
1234,107,8,4,0,-46.06666666666643,{L},0
1234,108,4,6,0,-47.79999999999973,{L},0
1234,109,7,4,0,-49.39999999999969,{L},0
1234,110,3,6,0,-50.93333333333299,{L},0
1234,111,6,4,0,-52.66666666666629,{L},0
1234,112,2,6,0,-54.26666666666624,{L},0
1234,113,5,4,0,-55.79999999999953,{L},0
1234,114,1,6,0,-57.53333333333284,{L},0
1234,115,4,4,0,-59.13333333333279,{L},0
1234,116,3,4,0,-60.666666666666075,{L},0
1234,117,2,4,0,-62.39999999999939,{L},0
1234,118,1,4,0,-63.99999999999935,{L},0
