time_step,passenger_sequence,target_x,target_y,current_x,current_y,current_cell,state
1342,81,4,1,3.56666666666667,3,{L},3
1342,84,17,6,4.799999999999999,7,{L},0
1342,85,2,2,0.7999999999999999,3,{L},0
1342,86,16,6,0.7,7,{L},0
1342,87,15,6,0,4.399999999999437,{L},0
1342,88,14,6,0,1.4666666666661463,{L},0
1342,89,17,4,0,-0.9333333333338216,{L},0
1342,90,13,6,0,-3.333333333333808,{L},0
1342,91,16,4,0,-5.733333333333768,{L},0
1342,92,12,6,0,-8.133333333333717,{L},0
1342,93,15,4,0,-10.400000000000361,{L},0
1342,94,11,6,0,-12.533333333333658,{L},0
1342,95,14,4,0,-14.400000000000272,{L},0
1342,96,10,6,0,-16.200000000000237,{L},0
1342,97,13,4,0,-17.800000000000203,{L},0
1342,98,9,6,0,-19.333333333333492,{L},0
1342,99,12,4,0,-21.066666666666798,{L},0
1342,100,8,6,0,-22.66666666666675,{L},0
1342,101,11,4,0,-24.20000000000004,{L},0
1342,102,7,6,0,-25.93333333333335,{L},0
1342,103,10,4,0,-27.533333333333303,{L},0
1342,104,6,6,0,-29.066666666666585,{L},0
1342,105,9,4,0,-30.799999999999898,{L},0
1342,106,5,6,0,-32.399999999999864,{L},0
1342,107,8,4,0,-33.93333333333314,{L},0
1342,108,4,6,0,-35.66666666666644,{L},0
1342,109,7,4,0,-37.2666666666664,{L},0
1342,110,3,6,0,-38.7999999999997,{L},0
1342,111,6,4,0,-40.533333333333,{L},0
1342,112,2,6,0,-42.13333333333295,{L},0
1342,113,5,4,0,-43.66666666666624,{L},0
1342,114,1,6,0,-45.39999999999955,{L},0
1342,115,4,4,0,-46.9999999999995,{L},0
1342,116,3,4,0,-48.533333333332784,{L},0
1342,117,2,4,0,-50.2666666666661,{L},0
1342,118,1,4,0,-51.86666666666606,{L},0
