time_step,passenger_sequence,target_x,target_y,current_x,current_y,current_cell,state
1061,58,12,9,11.266666666666643,7,{L},0
1061,60,12,8,10.799999999999978,7,{L},0
1061,61,14,1,13.699999999999992,3,{L},2
1061,62,10,9,8.499999999999986,7,{L},0
1061,63,14,2,9.200000000000001,3,{L},1
1061,64,10,8,7.799999999999988,7,{L},0
1061,65,12,1,5.533333333333335,3,{L},1
1061,66,8,9,5.399999999999997,7,{L},0
1061,67,12,2,4.46666666666667,3,{L},1
1061,68,8,8,3.0000000000000013,7,{L},0
1061,69,10,1,1.6333333333333333,3,{L},1
1061,70,6,9,2.3000000000000007,7,{L},0
1061,71,10,2,1.1333333333333333,3,{L},1
1061,72,6,8,0,6.26666666666622,{L},0
1061,73,8,1,0,2.2666666666661217,{L},0
1061,74,4,9,0,-0.13333333333398156,{L},0
1061,75,8,2,0,-2.5333333333340384,{L},0
1061,76,4,8,0,-4.933333333334083,{L},0
1061,77,6,1,0,-7.333333333334096,{L},0
1061,78,2,9,0,-9.600000000000765,{L},0
1061,79,6,2,0,-11.733333333334077,{L},0
1061,80,2,8,0,-13.600000000000698,{L},0
1061,81,4,1,0,-15.333333333334032,{L},0
1061,82,4,2,0,-16.933333333334012,{L},0
1061,83,2,1,0,-18.466666666667287,{L},0
1061,84,17,6,0,-20.2000000000006,{L},0
1061,85,2,2,0,-21.800000000000573,{L},0
1061,86,16,6,0,-23.333333333333876,{L},0
1061,87,15,6,0,-25.066666666667174,{L},0
1061,88,14,6,0,-26.666666666667126,{L},0
1061,89,17,4,0,-28.200000000000422,{L},0
1061,90,13,6,0,-29.933333333333735,{L},0
1061,91,16,4,0,-31.533333333333687,{L},0
1061,92,12,6,0,-33.06666666666696,{L},0
1061,93,15,4,0,-34.800000000000274,{L},0
1061,94,11,6,0,-36.40000000000024,{L},0
1061,95,14,4,0,-37.93333333333352,{L},0
1061,96,10,6,0,-39.66666666666682,{L},0
1061,97,13,4,0,-41.26666666666679,{L},0
1061,98,9,6,0,-42.800000000000075,{L},0
1061,99,12,4,0,-44.53333333333338,{L},0
1061,100,8,6,0,-46.13333333333333,{L},0
1061,101,11,4,0,-47.66666666666662,{L},0
1061,102,7,6,0,-49.399999999999935,{L},0
1061,103,10,4,0,-50.999999999999886,{L},0
1061,104,6,6,0,-52.53333333333317,{L},0
1061,105,9,4,0,-54.26666666666648,{L},0
1061,106,5,6,0,-55.86666666666645,{L},0
1061,107,8,4,0,-57.39999999999972,{L},0
1061,108,4,6,0,-59.13333333333302,{L},0
1061,109,7,4,0,-60.733333333332986,{L},0
1061,110,3,6,0,-62.26666666666628,{L},0
1061,111,6,4,0,-63.99999999999958,{L},0
1061,112,2,6,0,-65.59999999999961,{L},0
1061,113,5,4,0,-67.13333333333298,{L},0
1061,114,1,6,0,-68.86666666666639,{L},0
1061,115,4,4,0,-70.46666666666643,{L},0
1061,116,3,4,0,-71.99999999999979,{L},0
1061,117,2,4,0,-73.73333333333319,{L},0
1061,118,1,4,0,-75.33333333333324,{L},0
