time_step,passenger_sequence,target_x,target_y,current_x,current_y,current_cell,state
1094,60,12,8,11.533333333333308,7,{L},2
1094,62,10,9,9.599999999999982,7,{L},2
1094,63,14,2,11.46666666666666,3,{L},0
1094,64,10,8,8.799999999999985,7,{L},1
1094,65,12,1,7.8000000000000025,3,{L},0
1094,66,8,9,6.999999999999991,7,{L},0
1094,67,12,2,6.533333333333336,3,{L},0
1094,68,8,8,5.699999999999996,7,{L},1
1094,69,10,1,3.36666666666667,3,{L},0
1094,70,6,9,3.3000000000000016,7,{L},1
1094,71,10,2,2.8666666666666685,3,{L},0
1094,72,6,8,0.8999999999999999,7,{L},1
1094,73,8,1,2.533333333333334,3,{L},0
1094,74,4,9,0,4.1333333333326845,{L},0
1094,75,8,2,0,0.6666666666659616,{L},0
1094,76,4,8,0,-1.7333333333340808,{L},0
1094,77,6,1,0,-4.133333333334093,{L},0
1094,78,2,9,0,-6.533333333334102,{L},0
1094,79,6,2,0,-8.86666666666742,{L},0
1094,80,2,8,0,-11.066666666667373,{L},0
1094,81,4,1,0,-13.066666666667373,{L},0
1094,82,4,2,0,-14.800000000000686,{L},0
1094,83,2,1,0,-16.33333333333396,{L},0
1094,84,17,6,0,-18.066666666667274,{L},0
1094,85,2,2,0,-19.666666666667247,{L},0
1094,86,16,6,0,-21.20000000000055,{L},0
1094,87,15,6,0,-22.93333333333385,{L},0
1094,88,14,6,0,-24.5333333333338,{L},0
1094,89,17,4,0,-26.066666666667096,{L},0
1094,90,13,6,0,-27.80000000000041,{L},0
1094,91,16,4,0,-29.40000000000036,{L},0
1094,92,12,6,0,-30.933333333333636,{L},0
1094,93,15,4,0,-32.66666666666695,{L},0
1094,94,11,6,0,-34.266666666666914,{L},0
1094,95,14,4,0,-35.800000000000196,{L},0
1094,96,10,6,0,-37.533333333333495,{L},0
1094,97,13,4,0,-39.13333333333346,{L},0
1094,98,9,6,0,-40.66666666666675,{L},0
1094,99,12,4,0,-42.400000000000055,{L},0
1094,100,8,6,0,-44.00000000000001,{L},0
1094,101,11,4,0,-45.533333333333296,{L},0
1094,102,7,6,0,-47.26666666666661,{L},0
1094,103,10,4,0,-48.86666666666656,{L},0
1094,104,6,6,0,-50.39999999999984,{L},0
1094,105,9,4,0,-52.133333333333155,{L},0
1094,106,5,6,0,-53.73333333333312,{L},0
1094,107,8,4,0,-55.266666666666396,{L},0
1094,108,4,6,0,-56.999999999999694,{L},0
1094,109,7,4,0,-58.59999999999966,{L},0
1094,110,3,6,0,-60.133333333332956,{L},0
1094,111,6,4,0,-61.866666666666255,{L},0
1094,112,2,6,0,-63.46666666666621,{L},0
1094,113,5,4,0,-64.99999999999955,{L},0
1094,114,1,6,0,-66.73333333333295,{L},0
1094,115,4,4,0,-68.33333333333299,{L},0
1094,116,3,4,0,-69.86666666666635,{L},0
1094,117,2,4,0,-71.59999999999975,{L},0
1094,118,1,4,0,-73.1999999999998,{L},0
