time_step,passenger_sequence,target_x,target_y,current_x,current_y,current_cell,state
1752,107,8,4,7.599999999999989,3,{L},2
1752,109,7,4,5.299999999999997,3,{L},1
1752,112,2,6,1.5000000000000002,7,{L},2
1752,113,5,4,3.3000000000000016,3,{L},1
1752,114,1,6,0,6.200000000000321,{L},0
1752,115,4,4,0,2.266666666667031,{L},0
1752,116,3,4,0,-0.13333333333292285,{L},0
1752,117,2,4,0,-2.5333333333329087,{L},0
1752,118,1,4,0,-4.933333333332882,{L},0
