time_step,passenger_sequence,target_x,target_y,current_x,current_y,current_cell,state
2875,142,32,-1,4.499999999996305,0.0,28,0
2875,143,30,-1,3.5666666666629125,0.0,28,0
2875,144,28,-1,2.6333333333295164,0.0,29,0
2875,145,26,-1,1.6999999999961204,0.0,30,0
2875,146,24,-1,0.7666666666627259,0.0,31,0
2875,147,22,-1,-0.1666666666706695,0.0,32,0
2875,148,20,-1,-1.1666666666707315,0.0,33,0
2875,149,18,-1,-2.166666666670793,0.0,34,0
2875,150,16,-1,-3.166666666670856,0.0,35,0
2875,151,14,-1,-4.166666666670919,0.0,36,0
2875,152,12,-1,-5.166666666670968,0.0,37,0
2875,153,10,-1,-6.166666666671027,0.0,38,0
2875,154,8,-1,-7.166666666671086,0.0,39,0
2875,155,6,-1,-8.166666666671142,0.0,40,0
2875,156,4,-1,-9.166666666671194,0.0,41,0
2875,157,2,-1,-10.166666666671253,0.0,42,0
2875,158,31,1,-11.16666666667131,0.0,43,0
2875,159,29,1,-12.166666666671361,0.0,44,0
2875,160,27,1,-13.16666666667142,0.0,45,0
2875,161,25,1,-14.166666666671476,0.0,46,0
2875,162,23,1,-15.166666666671528,0.0,47,0
2875,163,21,1,-16.16666666667159,0.0,48,0
2875,164,19,1,-17.166666666671663,0.0,49,0
2875,165,17,1,-18.16666666667173,0.0,50,0
2875,166,15,1,-19.166666666671805,0.0,51,0
2875,167,13,1,-20.166666666671873,0.0,52,0
2875,168,11,1,-21.166666666671947,0.0,53,0
2875,169,9,1,-22.166666666672022,0.0,54,0
2875,170,7,1,-23.16666666667209,0.0,55,0
2875,171,5,1,-24.166666666672157,0.0,56,0
2875,172,3,1,-25.16666666667223,0.0,57,0
2875,173,31,-1,-26.166666666672306,0.0,58,0
2875,174,29,-1,-27.166666666672374,0.0,59,0
2875,175,27,-1,-28.16666666667244,0.0,60,0
2875,176,25,-1,-29.166666666672516,0.0,61,0
2875,177,23,-1,-30.166666666672583,0.0,62,0
2875,178,21,-1,-31.166666666672658,0.0,63,0
2875,179,19,-1,-32.166666666672725,0.0,64,0
2875,180,17,-1,-33.1666666666728,0.0,65,0
2875,181,15,-1,-34.166666666672874,0.0,66,0
2875,182,13,-1,-35.166666666672945,0.0,67,0
2875,183,11,-1,-36.166666666673024,0.0,68,0
2875,184,9,-1,-37.166666666673095,0.0,69,0
2875,185,7,-1,-38.16666666667317,0.0,70,0
2875,186,5,-1,-39.166666666673244,0.0,71,0
2875,187,3,-1,-40.166666666673315,0.0,72,0
2875,188,1,-1,-41.16666666667339,0.0,73,0
