time_step,passenger_sequence,target_x,target_y,current_x,current_y,current_cell,state
3594,173,31,-1,13.866666666661088,0.0,18,0
3594,174,29,-1,12.933333333327703,0.0,19,0
3594,175,27,-1,11.999999999994317,0.0,20,0
3594,176,25,-1,11.066666666660927,0.0,21,0
3594,177,23,-1,10.133333333327542,0.0,22,0
3594,178,21,-1,9.19999999999415,0.0,23,0
3594,179,19,-1,8.266666666660766,0.0,24,0
3594,180,17,-1,7.333333333327374,0.0,25,0
3594,181,15,-1,6.399999999993989,0.0,26,0
3594,182,13,-1,5.466666666660606,0.0,27,0
3594,183,11,-1,4.533333333327214,0.0,27,0
3594,184,9,-1,3.599999999993827,0.0,28,0
3594,185,7,-1,2.666666666660432,0.0,29,0
3594,186,5,-1,1.733333333327043,0.0,30,0
3594,187,3,-1,0.7999999999936542,0.0,31,0
3594,188,1,-1,-0.13333333333973968,0.0,32,0
