time_step,passenger_sequence,target_x,target_y,current_x,current_y,current_cell,state
3706,173,31,-1,25.06666666666121,0.0,7,0
3706,174,29,-1,24.13333333332781,0.0,8,0
3706,175,27,-1,23.199999999994404,0.0,9,0
3706,176,25,-1,22.266666666661,0.0,10,0
3706,177,23,-1,21.333333333327598,0.0,11,0
3706,178,21,-1,20.399999999994186,0.0,12,0
3706,179,19,-1,18.566666666660776,0.0,13,2
