time_step,passenger_sequence,target_x,target_y,current_x,current_y,current_cell,state
3715,173,31,-1,25.966666666661222,0.0,6,0
3715,174,29,-1,25.03333333332782,0.0,7,0
3715,175,27,-1,24.099999999994417,0.0,8,0
3715,176,25,-1,23.166666666661012,0.0,9,0
3715,177,23,-1,22.23333333332761,0.0,10,0
3715,178,21,-1,20.59999999999419,0.0,11,2
3715,179,19,-1,18.566666666660776,0.0,499,3
