time_step,passenger_sequence,target_x,target_y,current_x,current_y,current_cell,state
3732,173,31,-1,27.666666666661246,0.0,4,0
3732,174,29,-1,26.733333333327845,0.0,5,0
3732,175,27,-1,25.79999999999444,0.0,6,0
3732,176,25,-1,24.566666666661032,0.0,7,2
3732,177,23,-1,22.533333333327615,0.0,9,2
