time_step,passenger_sequence,target_x,target_y,current_x,current_y,current_cell,state
3666,173,31,-1,21.066666666661153,0.0,11,0
3666,174,29,-1,20.13333333332775,0.0,12,0
3666,175,27,-1,19.199999999994347,0.0,13,0
3666,176,25,-1,18.266666666660942,0.0,14,0
3666,177,23,-1,17.33333333332754,0.0,15,0
3666,178,21,-1,16.39999999999413,0.0,16,0
3666,179,19,-1,15.46666666666074,0.0,17,0
3666,180,17,-1,14.533333333327349,0.0,17,0
3666,181,15,-1,13.599999999993964,0.0,18,0
3666,182,13,-1,12.56666666666058,0.0,19,2
3666,183,11,-1,10.533333333327192,0.0,21,2
