time_step,passenger_sequence,target_x,target_y,current_x,current_y,current_cell,state
3864,146,26,-2,25.253333333333075,0.0,7,0
3864,147,26,2,24.239999999999878,0.0,8,0
3864,148,32,-2,23.306666666666686,0.0,9,0
3864,149,23,-1,22.373333333333505,0.0,10,0
3864,150,23,1,20.08000000000035,0.0,12,0
3864,151,28,-2,19.14666666666715,0.0,13,0
3864,152,24,-1,18.21333333333397,0.0,14,0
3864,153,26,1,16.24000000000081,0.0,16,0
3864,154,30,-1,16.666666666667595,0.0,15,0
3864,155,22,-1,15.173333333334407,0.0,17,0
3864,156,23,-2,14.720000000001212,0.0,17,0
3864,157,24,1,13.546666666668004,0.0,18,0
3864,158,28,1,12.61333333333481,0.0,19,0
3864,159,26,-3,10.320000000001606,0.0,22,0
3864,160,28,-1,9.386666666668406,0.0,23,0
3864,161,29,-2,9.81333333333519,0.0,22,0
3864,162,25,3,7.520000000001988,0.0,24,0
3864,163,27,3,6.586666666668816,0.0,25,0
3864,164,30,2,5.653333333335593,0.0,26,0
3864,165,30,1,4.720000000002384,0.0,27,0
3864,166,27,2,3.786666666669176,0.0,28,0
3864,167,30,-3,2.8533333333359816,0.0,29,0
3864,168,24,-2,1.9200000000027866,0.0,30,0
3864,169,23,-3,0.9866666666695648,0.0,31,0
3864,170,28,2,-0.013333333330317082,0.0,32,0
3864,171,22,-3,-1.013333333330199,0.0,33,0
3864,172,29,-1,-2.013333333330066,0.0,34,0
3864,173,31,-2,-3.0133333333299492,0.0,35,0
3864,174,32,2,-4.013333333329832,0.0,36,0
3864,175,32,1,-5.013333333329699,0.0,37,0
3864,176,25,-1,-6.013333333329582,0.0,38,0
3864,177,27,-1,-7.013333333329465,0.0,39,0
3864,178,32,-1,-8.013333333329346,0.0,40,0
3864,179,27,-2,-9.013333333329228,0.0,41,0
3864,180,22,2,-10.013333333329125,0.0,42,0
3864,181,26,-1,-11.013333333329006,0.0,43,0
3864,182,32,3,-12.01333333332889,0.0,44,0
3864,183,29,1,-13.013333333328786,0.0,45,0
3864,184,30,-2,-14.013333333328667,0.0,46,0
3864,185,25,-3,-15.01333333332855,0.0,47,0
3864,186,29,-3,-16.013333333328447,0.0,48,0
3864,187,22,-2,-17.013333333328323,0.0,49,0
3864,188,30,3,-18.013333333328212,0.0,50,0
