time_step,passenger_sequence,target_x,target_y,current_x,current_y,current_cell,state
3590,133,31,1,27.999999999998217,0.0,4,0
3590,135,31,-3,25.35999999999848,0.0,7,0
3590,136,31,3,23.586666666665277,0.0,8,0
3590,137,27,-3,22.759999999998737,0.0,9,0
3590,138,25,1,21.759999999998875,0.0,10,0
3590,139,24,2,19.466666666665702,0.0,13,0
3590,140,24,3,18.5333333333325,0.0,13,0
3590,141,27,1,18.55999999999929,0.0,13,0
3590,142,29,2,17.786666666666086,0.0,14,0
3590,143,28,3,18.453333333332857,0.0,14,0
3590,144,25,2,16.15999999999969,0.0,16,0
3590,145,32,-3,14.02666666666647,0.0,18,0
3590,146,26,-2,12.933333333333268,0.0,19,0
3590,147,26,2,12.000000000000052,0.0,20,0
3590,148,32,-2,11.066666666666837,0.0,21,0
3590,149,23,-1,11.493333333333636,0.0,21,0
3590,150,23,1,9.200000000000433,0.0,23,0
3590,151,28,-2,6.906666666667211,0.0,25,0
3590,152,24,-1,5.973333333334009,0.0,26,0
3590,153,26,1,5.0400000000008065,0.0,27,0
3590,154,30,-1,4.106666666667599,0.0,28,0
3590,155,22,-1,3.1733333333343974,0.0,29,0
3590,156,23,-2,2.2400000000012024,0.0,30,0
3590,157,24,1,1.3066666666679947,0.0,31,0
3590,158,28,1,0.30666666666813397,0.0,32,0
3590,159,26,-3,-0.693333333331734,0.0,33,0
3590,160,28,-1,-1.6933333333316005,0.0,34,0
3590,161,29,-2,-2.6933333333314837,0.0,35,0
3590,162,25,3,-3.6933333333313527,0.0,36,0
3590,163,27,3,-4.693333333331191,0.0,37,0
3590,164,30,2,-5.693333333331081,0.0,38,0
3590,165,30,1,-6.693333333330957,0.0,39,0
3590,166,27,2,-7.6933333333308305,0.0,40,0
3590,167,30,-3,-8.693333333330692,0.0,41,0
3590,168,24,-2,-9.693333333330553,0.0,42,0
3590,169,23,-3,-10.693333333330441,0.0,43,0
3590,170,28,2,-11.693333333330324,0.0,44,0
3590,171,22,-3,-12.693333333330207,0.0,45,0
3590,172,29,-1,-13.693333333330074,0.0,46,0
3590,173,31,-2,-14.693333333329957,0.0,47,0
3590,174,32,2,-15.69333333332984,0.0,48,0
3590,175,32,1,-16.693333333329694,0.0,49,0
3590,176,25,-1,-17.693333333329555,0.0,50,0
3590,177,27,-1,-18.693333333329416,0.0,51,0
3590,178,32,-1,-19.693333333329278,0.0,52,0
3590,179,27,-2,-20.69333333332914,0.0,53,0
3590,180,22,2,-21.693333333329015,0.0,54,0
3590,181,26,-1,-22.693333333328876,0.0,55,0
3590,182,32,3,-23.693333333328738,0.0,56,0
3590,183,29,1,-24.693333333328614,0.0,57,0
3590,184,30,-2,-25.693333333328475,0.0,58,0
3590,185,25,-3,-26.693333333328336,0.0,59,0
3590,186,29,-3,-27.693333333328212,0.0,60,0
3590,187,22,-2,-28.693333333328088,0.0,61,0
3590,188,30,3,-29.693333333327978,0.0,62,0
