time_step,passenger_sequence,target_x,target_y,current_x,current_y,current_cell,state
3949,148,32,-2,29.986666666666583,0.0,2,0
3949,151,28,-2,22.10666666666709,0.0,10,0
3949,152,24,-1,21.173333333333908,0.0,11,0
3949,153,26,1,20.160000000000725,0.0,12,0
3949,154,30,-1,20.986666666667503,0.0,11,0
3949,155,22,-1,19.25333333333434,0.0,13,0
3949,156,23,-2,17.680000000001176,0.0,14,0
3949,157,24,1,16.506666666667996,0.0,15,0
3949,158,28,1,15.573333333334812,0.0,16,0
3949,159,26,-3,13.440000000001609,0.0,19,0
3949,160,28,-1,13.70666666666841,0.0,18,0
3949,161,29,-2,12.773333333335193,0.0,19,0
3949,162,25,3,10.48000000000199,0.0,22,0
3949,163,27,3,9.546666666668818,0.0,22,0
3949,164,30,2,8.613333333335595,0.0,23,0
3949,165,30,1,7.680000000002386,0.0,24,0
3949,166,27,2,6.746666666669179,0.0,25,0
3949,167,30,-3,5.813333333335984,0.0,26,0
3949,168,24,-2,4.880000000002789,0.0,27,0
3949,169,23,-3,3.946666666669567,0.0,28,0
3949,170,28,2,4.373333333336352,0.0,28,0
3949,171,22,-3,2.080000000003135,0.0,30,0
3949,172,29,-1,1.1466666666699343,0.0,31,0
3949,173,31,-2,0.1466666666700524,0.0,32,0
3949,174,32,2,-0.8533333333298296,0.0,33,0
3949,175,32,1,-1.8533333333296964,0.0,34,0
3949,176,25,-1,-2.8533333333295796,0.0,35,0
3949,177,27,-1,-3.853333333329463,0.0,36,0
3949,178,32,-1,-4.853333333329344,0.0,37,0
3949,179,27,-2,-5.853333333329227,0.0,38,0
3949,180,22,2,-6.8533333333291235,0.0,39,0
3949,181,26,-1,-7.8533333333290045,0.0,40,0
3949,182,32,3,-8.853333333328887,0.0,41,0
3949,183,29,1,-9.853333333328784,0.0,42,0
3949,184,30,-2,-10.853333333328665,0.0,43,0
3949,185,25,-3,-11.853333333328548,0.0,44,0
3949,186,29,-3,-12.853333333328445,0.0,45,0
3949,187,22,-2,-13.85333333332834,0.0,46,0
3949,188,30,3,-14.853333333328251,0.0,47,0
