time_step,passenger_sequence,target_x,target_y,current_x,current_y,current_cell,state
3623,135,31,-3,27.906666666665114,0.0,4,0
3623,136,31,3,25.39999999999858,0.0,7,0
3623,137,27,-3,24.57333333333204,0.0,7,0
3623,138,25,1,23.17333333333218,0.0,9,0
3623,139,24,2,20.746666666665675,0.0,11,0
3623,140,24,3,21.173333333332444,0.0,11,0
3623,141,27,1,21.199999999999235,0.0,11,0
3623,142,29,2,20.42666666666603,0.0,12,0
3623,143,28,3,19.73333333333283,0.0,12,0
3623,144,25,2,17.439999999999664,0.0,15,0
3623,145,32,-3,15.306666666666471,0.0,17,0
3623,146,26,-2,14.213333333333269,0.0,18,0
3623,147,26,2,13.280000000000053,0.0,19,0
3623,148,32,-2,13.70666666666684,0.0,18,0
3623,149,23,-1,12.773333333333637,0.0,19,0
3623,150,23,1,10.480000000000434,0.0,22,0
3623,151,28,-2,8.186666666667211,0.0,24,0
3623,152,24,-1,7.25333333333401,0.0,25,0
3623,153,26,1,6.320000000000808,0.0,26,0
3623,154,30,-1,5.3866666666676,0.0,27,0
3623,155,22,-1,4.453333333334398,0.0,28,0
3623,156,23,-2,3.5200000000012035,0.0,28,0
3623,157,24,1,2.5866666666679956,0.0,29,0
3623,158,28,1,1.653333333334801,0.0,30,0
3623,159,26,-3,0.7200000000015994,0.0,31,0
3623,160,28,-1,-0.27999999999826697,0.0,32,0
3623,161,29,-2,-1.279999999998149,0.0,33,0
3623,162,25,3,-2.279999999998018,0.0,34,0
3623,163,27,3,-3.2799999999978566,0.0,35,0
3623,164,30,2,-4.279999999997747,0.0,36,0
3623,165,30,1,-5.279999999997623,0.0,37,0
3623,166,27,2,-6.2799999999974965,0.0,38,0
3623,167,30,-3,-7.279999999997358,0.0,39,0
3623,168,24,-2,-8.27999999999722,0.0,40,0
3623,169,23,-3,-9.279999999997107,0.0,41,0
3623,170,28,2,-10.27999999999699,0.0,42,0
3623,171,22,-3,-11.279999999996873,0.0,43,0
3623,172,29,-1,-12.27999999999674,0.0,44,0
3623,173,31,-2,-13.279999999996623,0.0,45,0
3623,174,32,2,-14.279999999996505,0.0,46,0
3623,175,32,1,-15.279999999996372,0.0,47,0
3623,176,25,-1,-16.27999999999625,0.0,48,0
3623,177,27,-1,-17.27999999999611,0.0,49,0
3623,178,32,-1,-18.279999999995972,0.0,50,0
3623,179,27,-2,-19.279999999995834,0.0,51,0
3623,180,22,2,-20.27999999999571,0.0,52,0
3623,181,26,-1,-21.27999999999557,0.0,53,0
3623,182,32,3,-22.279999999995432,0.0,54,0
3623,183,29,1,-23.279999999995308,0.0,55,0
3623,184,30,-2,-24.27999999999517,0.0,56,0
3623,185,25,-3,-25.27999999999503,0.0,57,0
3623,186,29,-3,-26.279999999994907,0.0,58,0
3623,187,22,-2,-27.279999999994782,0.0,59,0
3623,188,30,3,-28.279999999994672,0.0,60,0
