time_step,passenger_sequence,target_x,target_y,current_x,current_y,current_cell,state
3845,145,32,-3,31.679999999999538,0.0,0,2
3845,146,26,-2,24.293333333333095,0.0,8,1
3845,147,26,2,23.279999999999898,0.0,9,1
3845,148,32,-2,22.346666666666707,0.0,10,1
3845,149,23,-1,21.413333333333526,0.0,11,1
3845,150,23,1,19.12000000000037,0.0,13,1
3845,151,28,-2,17.626666666667184,0.0,14,0
3845,152,24,-1,17.25333333333399,0.0,15,1
3845,153,26,1,15.280000000000815,0.0,17,1
3845,154,30,-1,15.706666666667608,0.0,16,1
3845,155,22,-1,14.213333333334406,0.0,18,1
3845,156,23,-2,13.20000000000121,0.0,19,0
3845,157,24,1,12.586666666668004,0.0,19,1
3845,158,28,1,11.653333333334809,0.0,20,1
3845,159,26,-3,9.360000000001605,0.0,23,1
3845,160,28,-1,8.426666666668405,0.0,24,1
3845,161,29,-2,8.29333333333519,0.0,24,0
3845,162,25,3,6.560000000001987,0.0,25,1
3845,163,27,3,5.626666666668815,0.0,26,1
3845,164,30,2,4.693333333335592,0.0,27,1
3845,165,30,1,3.760000000002383,0.0,28,1
3845,166,27,2,2.8266666666691753,0.0,29,1
3845,167,30,-3,1.8933333333359808,0.0,30,1
3845,168,24,-2,0.9600000000027858,0.0,31,1
3845,169,23,-3,-0.03999999999710166,0.0,32,1
3845,170,28,2,-1.0399999999969836,0.0,33,1
3845,171,22,-3,-2.0399999999968665,0.0,34,1
3845,172,29,-1,-3.0399999999967338,0.0,35,1
3845,173,31,-2,-4.039999999996617,0.0,36,1
3845,174,32,2,-5.0399999999965,0.0,37,1
3845,175,32,1,-6.0399999999963665,0.0,38,1
3845,176,25,-1,-7.039999999996249,0.0,39,1
3845,177,27,-1,-8.039999999996132,0.0,40,1
3845,178,32,-1,-9.039999999996013,0.0,41,1
3845,179,27,-2,-10.039999999995896,0.0,42,1
3845,180,22,2,-11.039999999995793,0.0,43,1
3845,181,26,-1,-12.039999999995674,0.0,44,1
3845,182,32,3,-13.039999999995556,0.0,45,1
3845,183,29,1,-14.039999999995453,0.0,46,1
3845,184,30,-2,-15.039999999995334,0.0,47,1
3845,185,25,-3,-16.039999999995217,0.0,48,1
3845,186,29,-3,-17.039999999995093,0.0,49,1
3845,187,22,-2,-18.03999999999497,0.0,50,1
3845,188,30,3,-19.03999999999486,0.0,51,1
