time_step,passenger_sequence,target_x,target_y,current_x,current_y,current_cell,state
3732,141,27,1,26.333333333332465,0.0,6,0
3732,142,29,2,27.386666666665896,0.0,5,0
3732,143,28,3,24.533333333332727,0.0,7,0
3732,144,25,2,22.23999999999956,0.0,10,0
3732,145,32,-3,22.66666666666633,0.0,9,0
3732,146,26,-2,20.453333333333177,0.0,12,0
3732,147,26,2,19.43999999999998,0.0,13,0
3732,148,32,-2,18.50666666666679,0.0,13,0
3732,149,23,-1,17.573333333333608,0.0,14,0
3732,150,23,1,15.280000000000438,0.0,17,0
3732,151,28,-2,12.986666666667215,0.0,19,0
3732,152,24,-1,12.053333333334013,0.0,20,0
3732,153,26,1,11.120000000000811,0.0,21,0
3732,154,30,-1,10.186666666667604,0.0,22,0
3732,155,22,-1,10.373333333334402,0.0,22,0
3732,156,23,-2,8.560000000001207,0.0,23,0
3732,157,24,1,7.386666666668,0.0,25,0
3732,158,28,1,7.813333333334806,0.0,24,0
3732,159,26,-3,5.520000000001603,0.0,26,0
3732,160,28,-1,4.586666666668402,0.0,27,0
3732,161,29,-2,3.6533333333351865,0.0,28,0
3732,162,25,3,2.7200000000019844,0.0,29,0
3732,163,27,3,1.7866666666688122,0.0,30,0
3732,164,30,2,0.8533333333355893,0.0,31,0
3732,165,30,1,-0.14666666666428574,0.0,32,0
3732,166,27,2,-1.146666666664159,0.0,33,0
3732,167,30,-3,-2.1466666666640206,0.0,34,0
3732,168,24,-2,-3.1466666666638825,0.0,35,0
3732,169,23,-3,-4.146666666663771,0.0,36,0
3732,170,28,2,-5.146666666663654,0.0,37,0
3732,171,22,-3,-6.146666666663537,0.0,38,0
3732,172,29,-1,-7.146666666663403,0.0,39,0
3732,173,31,-2,-8.146666666663286,0.0,40,0
3732,174,32,2,-9.146666666663169,0.0,41,0
3732,175,32,1,-10.146666666663036,0.0,42,0
3732,176,25,-1,-11.146666666662918,0.0,43,0
3732,177,27,-1,-12.146666666662801,0.0,44,0
3732,178,32,-1,-13.146666666662682,0.0,45,0
3732,179,27,-2,-14.146666666662565,0.0,46,0
3732,180,22,2,-15.146666666662462,0.0,47,0
3732,181,26,-1,-16.14666666666234,0.0,48,0
3732,182,32,3,-17.146666666662203,0.0,49,0
3732,183,29,1,-18.146666666662078,0.0,50,0
3732,184,30,-2,-19.14666666666194,0.0,51,0
3732,185,25,-3,-20.1466666666618,0.0,52,0
3732,186,29,-3,-21.146666666661677,0.0,53,0
3732,187,22,-2,-22.146666666661552,0.0,54,0
3732,188,30,3,-23.146666666661442,0.0,55,0
