time_step,passenger_sequence,target_x,target_y,current_x,current_y,current_cell,state
3817,144,25,2,24.559999999999512,0.0,499,3
3817,145,32,-3,27.093333333332914,0.0,5,0
3817,146,26,-2,22.853333333333126,0.0,9,0
3817,147,26,2,21.83999999999993,0.0,10,0
3817,148,32,-2,20.906666666666737,0.0,11,0
3817,149,23,-1,19.973333333333557,0.0,12,0
3817,150,23,1,17.6800000000004,0.0,14,0
3817,151,28,-2,15.386666666667217,0.0,17,0
3817,152,24,-1,15.813333333334016,0.0,16,0
3817,153,26,1,13.840000000000813,0.0,18,0
3817,154,30,-1,14.266666666667607,0.0,18,0
3817,155,22,-1,12.773333333334405,0.0,19,0
3817,156,23,-2,10.960000000001209,0.0,21,0
3817,157,24,1,11.146666666668002,0.0,21,0
3817,158,28,1,10.213333333334807,0.0,22,0
3817,159,26,-3,7.920000000001605,0.0,24,0
3817,160,28,-1,6.9866666666684045,0.0,25,0
3817,161,29,-2,6.053333333335188,0.0,26,0
3817,162,25,3,5.120000000001986,0.0,27,0
3817,163,27,3,4.186666666668814,0.0,28,0
3817,164,30,2,3.253333333335591,0.0,29,0
3817,165,30,1,2.320000000002382,0.0,30,0
3817,166,27,2,1.3866666666691743,0.0,31,0
3817,167,30,-3,0.3866666666693135,0.0,32,0
3817,168,24,-2,-0.6133333333305474,0.0,33,0
3817,169,23,-3,-1.6133333333304352,0.0,34,0
3817,170,28,2,-2.6133333333303184,0.0,35,0
3817,171,22,-3,-3.6133333333302016,0.0,36,0
3817,172,29,-1,-4.613333333330068,0.0,37,0
3817,173,31,-2,-5.613333333329951,0.0,38,0
3817,174,32,2,-6.613333333329834,0.0,39,0
3817,175,32,1,-7.613333333329701,0.0,40,0
3817,176,25,-1,-8.613333333329583,0.0,41,0
3817,177,27,-1,-9.613333333329466,0.0,42,0
3817,178,32,-1,-10.613333333329347,0.0,43,0
3817,179,27,-2,-11.61333333332923,0.0,44,0
3817,180,22,2,-12.613333333329127,0.0,45,0
3817,181,26,-1,-13.613333333329008,0.0,46,0
3817,182,32,3,-14.61333333332889,0.0,47,0
3817,183,29,1,-15.613333333328788,0.0,48,0
3817,184,30,-2,-16.613333333328658,0.0,49,0
3817,185,25,-3,-17.61333333332852,0.0,50,0
3817,186,29,-3,-18.613333333328395,0.0,51,0
3817,187,22,-2,-19.61333333332827,0.0,52,0
3817,188,30,3,-20.61333333332816,0.0,53,0
