time_step,passenger_sequence,target_x,target_y,current_x,current_y,current_cell,state
3629,135,31,-3,29.319999999998434,0.0,3,0
3629,136,31,3,26.546666666665235,0.0,5,0
3629,137,27,-3,25.45333333333203,0.0,7,0
3629,138,25,1,24.05333333333217,0.0,8,0
3629,139,24,2,21.226666666665665,0.0,11,0
3629,140,24,3,21.653333333332434,0.0,10,0
3629,141,27,1,21.679999999999225,0.0,10,0
3629,142,29,2,20.90666666666602,0.0,11,0
3629,143,28,3,20.21333333333282,0.0,12,0
3629,144,25,2,17.919999999999654,0.0,14,0
3629,145,32,-3,15.786666666666472,0.0,16,0
3629,146,26,-2,14.69333333333327,0.0,17,0
3629,147,26,2,13.760000000000053,0.0,18,0
3629,148,32,-2,14.18666666666684,0.0,18,0
3629,149,23,-1,13.253333333333638,0.0,19,0
3629,150,23,1,10.960000000000434,0.0,21,0
3629,151,28,-2,8.666666666667211,0.0,23,0
3629,152,24,-1,7.73333333333401,0.0,24,0
3629,153,26,1,6.800000000000808,0.0,25,0
3629,154,30,-1,5.866666666667601,0.0,26,0
3629,155,22,-1,4.9333333333343985,0.0,27,0
3629,156,23,-2,4.0000000000012035,0.0,28,0
3629,157,24,1,3.066666666667996,0.0,29,0
3629,158,28,1,2.1333333333348015,0.0,30,0
3629,159,26,-3,1.2000000000015993,0.0,31,0
3629,160,28,-1,0.20000000000173307,0.0,32,0
3629,161,29,-2,-0.799999999998149,0.0,33,0
3629,162,25,3,-1.7999999999980174,0.0,34,0
3629,163,27,3,-2.799999999997856,0.0,35,0
3629,164,30,2,-3.7999999999977465,0.0,36,0
3629,165,30,1,-4.799999999997622,0.0,37,0
3629,166,27,2,-5.799999999997496,0.0,38,0
3629,167,30,-3,-6.7999999999973575,0.0,39,0
3629,168,24,-2,-7.799999999997219,0.0,40,0
3629,169,23,-3,-8.799999999997107,0.0,41,0
3629,170,28,2,-9.79999999999699,0.0,42,0
3629,171,22,-3,-10.799999999996873,0.0,43,0
3629,172,29,-1,-11.79999999999674,0.0,44,0
3629,173,31,-2,-12.799999999996622,0.0,45,0
3629,174,32,2,-13.799999999996505,0.0,46,0
3629,175,32,1,-14.799999999996372,0.0,47,0
3629,176,25,-1,-15.799999999996254,0.0,48,0
3629,177,27,-1,-16.79999999999612,0.0,49,0
3629,178,32,-1,-17.799999999995983,0.0,50,0
3629,179,27,-2,-18.799999999995844,0.0,51,0
3629,180,22,2,-19.79999999999572,0.0,52,0
3629,181,26,-1,-20.79999999999558,0.0,53,0
3629,182,32,3,-21.799999999995443,0.0,54,0
3629,183,29,1,-22.79999999999532,0.0,55,0
3629,184,30,-2,-23.79999999999518,0.0,56,0
3629,185,25,-3,-24.79999999999504,0.0,57,0
3629,186,29,-3,-25.799999999994917,0.0,58,0
3629,187,22,-2,-26.799999999994792,0.0,59,0
3629,188,30,3,-27.799999999994682,0.0,60,0
