time_step,passenger_sequence,target_x,target_y,current_x,current_y,current_cell,state
3599,133,31,1,30.25333333333153,0.0,2,0
3599,135,31,-3,26.87999999999846,0.0,5,0
3599,136,31,3,24.70666666666526,0.0,7,0
3599,137,27,-3,23.87999999999872,0.0,8,0
3599,138,25,1,22.47999999999886,0.0,10,0
3599,139,24,2,20.186666666665687,0.0,12,0
3599,140,24,3,19.253333333332485,0.0,13,0
3599,141,27,1,19.279999999999276,0.0,13,0
3599,142,29,2,18.50666666666607,0.0,13,0
3599,143,28,3,19.17333333333284,0.0,13,0
3599,144,25,2,16.879999999999676,0.0,15,0
3599,145,32,-3,14.74666666666647,0.0,17,0
3599,146,26,-2,13.653333333333268,0.0,18,0
3599,147,26,2,12.720000000000052,0.0,19,0
3599,148,32,-2,11.786666666666838,0.0,20,0
3599,149,23,-1,12.213333333333637,0.0,20,0
3599,150,23,1,9.920000000000433,0.0,22,0
3599,151,28,-2,7.626666666667211,0.0,24,0
3599,152,24,-1,6.693333333334009,0.0,25,0
3599,153,26,1,5.760000000000807,0.0,26,0
3599,154,30,-1,4.8266666666676,0.0,27,0
3599,155,22,-1,3.893333333334398,0.0,28,0
3599,156,23,-2,2.960000000001203,0.0,29,0
3599,157,24,1,2.026666666667995,0.0,30,0
3599,158,28,1,1.0933333333348005,0.0,31,0
3599,159,26,-3,0.09333333333493267,0.0,32,0
3599,160,28,-1,-0.9066666666649335,0.0,33,0
3599,161,29,-2,-1.9066666666648162,0.0,34,0
3599,162,25,3,-2.906666666664685,0.0,35,0
3599,163,27,3,-3.906666666664524,0.0,36,0
3599,164,30,2,-4.906666666664414,0.0,37,0
3599,165,30,1,-5.9066666666642895,0.0,38,0
3599,166,27,2,-6.906666666664163,0.0,39,0
3599,167,30,-3,-7.906666666664025,0.0,40,0
3599,168,24,-2,-8.906666666663886,0.0,41,0
3599,169,23,-3,-9.906666666663774,0.0,42,0
3599,170,28,2,-10.906666666663657,0.0,43,0
3599,171,22,-3,-11.90666666666354,0.0,44,0
3599,172,29,-1,-12.906666666663407,0.0,45,0
3599,173,31,-2,-13.90666666666329,0.0,46,0
3599,174,32,2,-14.906666666663172,0.0,47,0
3599,175,32,1,-15.906666666663039,0.0,48,0
3599,176,25,-1,-16.906666666662904,0.0,49,0
3599,177,27,-1,-17.906666666662765,0.0,50,0
3599,178,32,-1,-18.906666666662627,0.0,51,0
3599,179,27,-2,-19.90666666666249,0.0,52,0
3599,180,22,2,-20.906666666662364,0.0,53,0
3599,181,26,-1,-21.906666666662225,0.0,54,0
3599,182,32,3,-22.906666666662087,0.0,55,0
3599,183,29,1,-23.906666666661962,0.0,56,0
3599,184,30,-2,-24.906666666661824,0.0,57,0
3599,185,25,-3,-25.906666666661685,0.0,58,0
3599,186,29,-3,-26.90666666666156,0.0,59,0
3599,187,22,-2,-27.906666666661437,0.0,60,0
3599,188,30,3,-28.906666666661327,0.0,61,0
