time_step,passenger_sequence,target_x,target_y,current_x,current_y,current_cell,state
3701,141,27,1,23.519999999999186,0.0,8,0
3701,142,29,2,24.10666666666595,0.0,8,0
3701,143,28,3,22.05333333333278,0.0,10,0
3701,144,25,2,19.759999999999614,0.0,12,0
3701,145,32,-3,20.186666666666383,0.0,12,0
3701,146,26,-2,17.97333333333323,0.0,14,0
3701,147,26,2,16.960000000000033,0.0,15,0
3701,148,32,-2,16.02666666666684,0.0,16,0
3701,149,23,-1,15.09333333333364,0.0,17,0
3701,150,23,1,12.800000000000436,0.0,19,0
3701,151,28,-2,10.506666666667213,0.0,21,0
3701,152,24,-1,9.573333333334011,0.0,22,0
3701,153,26,1,8.640000000000809,0.0,23,0
3701,154,30,-1,7.706666666667602,0.0,24,0
3701,155,22,-1,7.893333333334401,0.0,24,0
3701,156,23,-2,6.080000000001205,0.0,26,0
3701,157,24,1,4.906666666667998,0.0,27,0
3701,158,28,1,5.333333333334804,0.0,27,0
3701,159,26,-3,3.040000000001601,0.0,29,0
3701,160,28,-1,2.1066666666684,0.0,30,0
3701,161,29,-2,1.1733333333351843,0.0,31,0
3701,162,25,3,0.17333333333531636,0.0,32,0
3701,163,27,3,-0.8266666666645214,0.0,33,0
3701,164,30,2,-1.8266666666644111,0.0,34,0
3701,165,30,1,-2.8266666666642872,0.0,35,0
3701,166,27,2,-3.8266666666641616,0.0,36,0
3701,167,30,-3,-4.826666666664023,0.0,37,0
3701,168,24,-2,-5.826666666663884,0.0,38,0
3701,169,23,-3,-6.8266666666637725,0.0,39,0
3701,170,28,2,-7.826666666663655,0.0,40,0
3701,171,22,-3,-8.826666666663538,0.0,41,0
3701,172,29,-1,-9.826666666663405,0.0,42,0
3701,173,31,-2,-10.826666666663288,0.0,43,0
3701,174,32,2,-11.82666666666317,0.0,44,0
3701,175,32,1,-12.826666666663037,0.0,45,0
3701,176,25,-1,-13.82666666666292,0.0,46,0
3701,177,27,-1,-14.826666666662803,0.0,47,0
3701,178,32,-1,-15.826666666662684,0.0,48,0
3701,179,27,-2,-16.82666666666255,0.0,49,0
3701,180,22,2,-17.826666666662426,0.0,50,0
3701,181,26,-1,-18.826666666662287,0.0,51,0
3701,182,32,3,-19.82666666666215,0.0,52,0
3701,183,29,1,-20.826666666662025,0.0,53,0
3701,184,30,-2,-21.826666666661886,0.0,54,0
3701,185,25,-3,-22.826666666661747,0.0,55,0
3701,186,29,-3,-23.826666666661623,0.0,56,0
3701,187,22,-2,-24.8266666666615,0.0,57,0
3701,188,30,3,-25.82666666666139,0.0,58,0
