time_step,passenger_sequence,target_x,target_y,current_x,current_y,current_cell,state
3858,146,26,-2,24.773333333333085,0.0,7,0
3858,147,26,2,23.759999999999888,0.0,8,0
3858,148,32,-2,22.826666666666696,0.0,9,0
3858,149,23,-1,21.893333333333516,0.0,10,0
3858,150,23,1,19.60000000000036,0.0,12,0
3858,151,28,-2,18.66666666666716,0.0,13,0
3858,152,24,-1,17.73333333333398,0.0,14,0
3858,153,26,1,15.760000000000815,0.0,16,0
3858,154,30,-1,16.186666666667605,0.0,16,0
3858,155,22,-1,14.693333333334406,0.0,17,0
3858,156,23,-2,14.240000000001212,0.0,18,0
3858,157,24,1,13.066666666668004,0.0,19,0
3858,158,28,1,12.133333333334809,0.0,20,0
3858,159,26,-3,9.840000000001606,0.0,22,0
3858,160,28,-1,8.906666666668405,0.0,23,0
3858,161,29,-2,9.33333333333519,0.0,23,0
3858,162,25,3,7.040000000001988,0.0,25,0
3858,163,27,3,6.106666666668816,0.0,26,0
3858,164,30,2,5.173333333335592,0.0,27,0
3858,165,30,1,4.240000000002383,0.0,28,0
3858,166,27,2,3.3066666666691757,0.0,29,0
3858,167,30,-3,2.373333333335981,0.0,30,0
3858,168,24,-2,1.4400000000027862,0.0,31,0
3858,169,23,-3,0.4400000000028984,0.0,32,0
3858,170,28,2,-0.5599999999969838,0.0,33,0
3858,171,22,-3,-1.5599999999968661,0.0,34,0
3858,172,29,-1,-2.5599999999967333,0.0,35,0
3858,173,31,-2,-3.5599999999966165,0.0,36,0
3858,174,32,2,-4.559999999996499,0.0,37,0
3858,175,32,1,-5.559999999996366,0.0,38,0
3858,176,25,-1,-6.559999999996249,0.0,39,0
3858,177,27,-1,-7.559999999996132,0.0,40,0
3858,178,32,-1,-8.559999999996013,0.0,41,0
3858,179,27,-2,-9.559999999995895,0.0,42,0
3858,180,22,2,-10.559999999995792,0.0,43,0
3858,181,26,-1,-11.559999999995673,0.0,44,0
3858,182,32,3,-12.559999999995556,0.0,45,0
3858,183,29,1,-13.559999999995453,0.0,46,0
3858,184,30,-2,-14.559999999995334,0.0,47,0
3858,185,25,-3,-15.559999999995217,0.0,48,0
3858,186,29,-3,-16.559999999995103,0.0,49,0
3858,187,22,-2,-17.55999999999498,0.0,50,0
3858,188,30,3,-18.55999999999487,0.0,51,0
