time_step,passenger_sequence,target_x,target_y,current_x,current_y,current_cell,state
3756,142,29,2,28.53333333333255,0.0,499,3
3756,143,28,3,24.773333333332722,0.0,7,0
3756,144,25,2,22.479999999999556,0.0,10,0
3756,145,32,-3,22.906666666666325,0.0,9,0
3756,146,26,-2,20.69333333333317,0.0,11,0
3756,147,26,2,19.679999999999975,0.0,12,0
3756,148,32,-2,18.746666666666783,0.0,13,0
3756,149,23,-1,17.813333333333603,0.0,14,0
3756,150,23,1,15.520000000000438,0.0,16,0
3756,151,28,-2,13.226666666667215,0.0,19,0
3756,152,24,-1,12.293333333334013,0.0,20,0
3756,153,26,1,11.680000000000812,0.0,20,0
3756,154,30,-1,10.746666666667604,0.0,21,0
3756,155,22,-1,10.613333333334403,0.0,21,0
3756,156,23,-2,8.800000000001207,0.0,23,0
3756,157,24,1,7.626666666668,0.0,24,0
3756,158,28,1,8.053333333334805,0.0,24,0
3756,159,26,-3,5.760000000001603,0.0,26,0
3756,160,28,-1,4.826666666668403,0.0,27,0
3756,161,29,-2,3.8933333333351867,0.0,28,0
3756,162,25,3,2.9600000000019846,0.0,29,0
3756,163,27,3,2.0266666666688122,0.0,30,0
3756,164,30,2,1.0933333333355892,0.0,31,0
3756,165,30,1,0.09333333333571427,0.0,32,0
3756,166,27,2,-0.906666666664159,0.0,33,0
3756,167,30,-3,-1.9066666666640204,0.0,34,0
3756,168,24,-2,-2.9066666666638823,0.0,35,0
3756,169,23,-3,-3.906666666663771,0.0,36,0
3756,170,28,2,-4.906666666663654,0.0,37,0
3756,171,22,-3,-5.906666666663536,0.0,38,0
3756,172,29,-1,-6.906666666663403,0.0,39,0
3756,173,31,-2,-7.906666666663286,0.0,40,0
3756,174,32,2,-8.906666666663169,0.0,41,0
3756,175,32,1,-9.906666666663035,0.0,42,0
3756,176,25,-1,-10.906666666662918,0.0,43,0
3756,177,27,-1,-11.906666666662801,0.0,44,0
3756,178,32,-1,-12.906666666662682,0.0,45,0
3756,179,27,-2,-13.906666666662565,0.0,46,0
3756,180,22,2,-14.906666666662462,0.0,47,0
3756,181,26,-1,-15.906666666662343,0.0,48,0
3756,182,32,3,-16.906666666662208,0.0,49,0
3756,183,29,1,-17.906666666662083,0.0,50,0
3756,184,30,-2,-18.906666666661945,0.0,51,0
3756,185,25,-3,-19.906666666661806,0.0,52,0
3756,186,29,-3,-20.906666666661682,0.0,53,0
3756,187,22,-2,-21.906666666661557,0.0,54,0
3756,188,30,3,-22.906666666661447,0.0,55,0
