time_step,passenger_sequence,target_x,target_y,current_x,current_y,current_cell,state
4721,178,32,-1,30.826666666670377,0.0,1,0
4721,181,26,-1,25.146666666670818,0.0,7,0
4721,182,32,3,23.733333333337633,0.0,8,0
4721,183,29,1,22.88000000000442,0.0,9,0
4721,184,30,-2,20.586666666671256,0.0,11,0
4721,185,25,-3,19.65333333333806,0.0,12,0
4721,186,29,-3,18.64000000000485,0.0,13,0
4721,187,22,-2,16.42666666667167,0.0,16,0
4721,188,30,3,15.413333333338436,0.0,17,0
