time_step,passenger_sequence,target_x,target_y,current_x,current_y,current_cell,state
4849,182,32,3,31.693333333337495,0.0,0,3
4849,184,30,-2,26.266666666671135,0.0,6,0
4849,186,29,-3,23.520000000004746,0.0,8,0
4849,187,22,-2,21.306666666671568,0.0,11,0
4849,188,30,3,20.293333333338346,0.0,12,0
