time_step,passenger_sequence,target_x,target_y,current_x,current_y,current_cell,state
4342,164,30,2,26.37333333333538,0.0,6,0
4342,165,30,1,24.08000000000222,0.0,8,0
4342,166,27,2,23.146666666669034,0.0,9,0
4342,167,30,-3,21.73333333333587,0.0,10,0
4342,168,24,-2,20.720000000002695,0.0,11,0
4342,169,23,-3,21.146666666669468,0.0,11,0
4342,170,28,2,20.213333333336273,0.0,12,0
4342,171,22,-3,19.280000000003074,0.0,13,0
4342,172,29,-1,17.066666666669924,0.0,15,0
4342,173,31,-2,16.13333333333673,0.0,16,0
4342,174,32,2,15.120000000003515,0.0,17,0
4342,175,32,1,14.186666666670314,0.0,18,0
4342,176,25,-1,13.253333333337098,0.0,19,0
4342,177,27,-1,12.320000000003882,0.0,20,0
4342,178,32,-1,11.386666666670667,0.0,21,0
4342,179,27,-2,10.45333333333745,0.0,22,0
4342,180,22,2,9.52000000000422,0.0,22,0
4342,181,26,-1,8.586666666671006,0.0,23,0
4342,182,32,3,7.65333333333779,0.0,24,0
4342,183,29,1,5.3600000000045585,0.0,27,0
4342,184,30,-2,4.426666666671344,0.0,28,0
4342,185,25,-3,3.493333333338128,0.0,29,0
4342,186,29,-3,2.5600000000048975,0.0,29,0
4342,187,22,-2,1.6266666666716685,0.0,30,0
4342,188,30,3,0.6933333333384244,0.0,31,0
