time_step,passenger_sequence,target_x,target_y,current_x,current_y,current_cell,state
4723,178,32,-1,31.386666666670372,0.0,1,0
4723,181,26,-1,25.306666666670814,0.0,7,0
4723,182,32,3,23.89333333333763,0.0,8,0
4723,183,29,1,23.040000000004415,0.0,9,0
4723,184,30,-2,20.746666666671253,0.0,11,0
4723,185,25,-3,19.813333333338058,0.0,12,0
4723,186,29,-3,18.800000000004847,0.0,13,0
4723,187,22,-2,16.58666666667167,0.0,15,0
4723,188,30,3,15.573333333338436,0.0,16,0
