time_step,passenger_sequence,target_x,target_y,current_x,current_y,current_cell,state
4343,164,30,2,26.45333333333538,0.0,6,0
4343,165,30,1,24.160000000002217,0.0,8,0
4343,166,27,2,23.226666666669033,0.0,9,0
4343,167,30,-3,21.81333333333587,0.0,10,0
4343,168,24,-2,20.800000000002694,0.0,11,0
4343,169,23,-3,21.226666666669466,0.0,11,0
4343,170,28,2,20.29333333333627,0.0,12,0
4343,171,22,-3,19.360000000003073,0.0,13,0
4343,172,29,-1,17.146666666669923,0.0,15,0
4343,173,31,-2,16.213333333336728,0.0,16,0
4343,174,32,2,15.200000000003515,0.0,17,0
4343,175,32,1,14.266666666670314,0.0,18,0
4343,176,25,-1,13.333333333337098,0.0,19,0
4343,177,27,-1,12.400000000003882,0.0,20,0
4343,178,32,-1,11.466666666670667,0.0,21,0
4343,179,27,-2,10.53333333333745,0.0,21,0
4343,180,22,2,9.60000000000422,0.0,22,0
4343,181,26,-1,8.666666666671006,0.0,23,0
4343,182,32,3,7.73333333333779,0.0,24,0
4343,183,29,1,5.4400000000045585,0.0,27,0
4343,184,30,-2,4.506666666671344,0.0,27,0
4343,185,25,-3,3.573333333338128,0.0,28,0
4343,186,29,-3,2.6400000000048975,0.0,29,0
4343,187,22,-2,1.7066666666716686,0.0,30,0
4343,188,30,3,0.7733333333384244,0.0,31,0
