time_step,passenger_sequence,target_x,target_y,current_x,current_y,current_cell,state
4347,164,30,2,26.773333333335373,0.0,5,0
4347,165,30,1,24.48000000000221,0.0,8,0
4347,166,27,2,23.546666666669026,0.0,8,0
4347,167,30,-3,22.133333333335862,0.0,10,0
4347,168,24,-2,21.120000000002687,0.0,11,0
4347,169,23,-3,21.54666666666946,0.0,10,0
4347,170,28,2,20.613333333336264,0.0,11,0
4347,171,22,-3,19.680000000003066,0.0,12,0
4347,172,29,-1,17.466666666669916,0.0,15,0
4347,173,31,-2,16.53333333333672,0.0,15,0
4347,174,32,2,15.520000000003515,0.0,16,0
4347,175,32,1,14.586666666670315,0.0,17,0
4347,176,25,-1,13.653333333337098,0.0,18,0
4347,177,27,-1,12.720000000003882,0.0,19,0
4347,178,32,-1,11.786666666670667,0.0,20,0
4347,179,27,-2,10.853333333337451,0.0,21,0
4347,180,22,2,9.92000000000422,0.0,22,0
4347,181,26,-1,8.986666666671006,0.0,23,0
4347,182,32,3,8.05333333333779,0.0,24,0
4347,183,29,1,5.760000000004559,0.0,26,0
4347,184,30,-2,4.826666666671344,0.0,27,0
4347,185,25,-3,3.8933333333381284,0.0,28,0
4347,186,29,-3,2.960000000004898,0.0,29,0
4347,187,22,-2,2.0266666666716686,0.0,30,0
4347,188,30,3,1.0933333333384243,0.0,31,0
