time_step,passenger_sequence,target_x,target_y,current_x,current_y,current_cell,state
4788,182,32,3,26.373333333337577,0.0,6,0
4788,183,29,1,25.520000000004362,0.0,6,0
4788,184,30,-2,23.2266666666712,0.0,9,0
4788,185,25,-3,22.293333333338005,0.0,10,0
4788,186,29,-3,21.280000000004794,0.0,11,0
4788,187,22,-2,19.066666666671615,0.0,13,0
4788,188,30,3,18.053333333338394,0.0,14,0
