time_step,passenger_sequence,target_x,target_y,current_x,current_y,current_cell,state
4769,182,32,3,24.85333333333761,0.0,7,0
4769,183,29,1,24.000000000004395,0.0,8,0
4769,184,30,-2,21.706666666671232,0.0,10,0
4769,185,25,-3,20.773333333338037,0.0,11,0
4769,186,29,-3,19.760000000004826,0.0,12,0
4769,187,22,-2,17.546666666671648,0.0,14,0
4769,188,30,3,16.533333333338426,0.0,15,0
