time_step,passenger_sequence,target_x,target_y,current_x,current_y,current_cell,state
4694,178,32,-1,27.466666666670427,0.0,5,0
4694,179,27,-2,26.053333333337243,0.0,6,0
4694,181,26,-1,24.346666666670835,0.0,8,0
4694,182,32,3,21.57333333333768,0.0,10,0
4694,183,29,1,22.080000000004436,0.0,10,0
4694,184,30,-2,19.786666666671273,0.0,12,0
4694,185,25,-3,18.853333333338078,0.0,13,0
4694,186,29,-3,17.840000000004867,0.0,14,0
4694,187,22,-2,15.62666666667168,0.0,16,0
4694,188,30,3,14.613333333338435,0.0,17,0
