time_step,passenger_sequence,target_x,target_y,current_x,current_y,current_cell,state
4180,158,28,1,26.613333333334587,0.0,5,0
4180,159,26,-3,24.48000000000143,0.0,8,0
4180,160,28,-1,23.386666666668255,0.0,9,0
4180,161,29,-2,22.45333333333506,0.0,10,0
4180,162,25,3,22.880000000001846,0.0,9,0
4180,163,27,3,20.586666666668727,0.0,11,0
4180,164,30,2,20.213333333335513,0.0,12,0
4180,165,30,1,19.28000000000232,0.0,13,0
4180,166,27,2,18.346666666669137,0.0,14,0
4180,167,30,-3,16.933333333335973,0.0,15,0
4180,168,24,-2,15.920000000002798,0.0,16,0
4180,169,23,-3,14.986666666669576,0.0,17,0
4180,170,28,2,14.05333333333636,0.0,18,0
4180,171,22,-3,11.760000000003142,0.0,20,0
4180,172,29,-1,10.906666666669942,0.0,21,0
4180,173,31,-2,9.973333333336726,0.0,22,0
4180,174,32,2,10.32000000000351,0.0,22,0
4180,175,32,1,9.38666666667031,0.0,23,0
4180,176,25,-1,7.093333333337093,0.0,25,0
4180,177,27,-1,6.160000000003877,0.0,26,0
4180,178,32,-1,5.2266666666706625,0.0,27,0
4180,179,27,-2,4.293333333337446,0.0,28,0
4180,180,22,2,3.360000000004216,0.0,29,0
4180,181,26,-1,2.426666666671001,0.0,30,0
4180,182,32,3,1.4933333333377852,0.0,31,0
4180,183,29,1,0.4933333333378886,0.0,32,0
4180,184,30,-2,-0.506666666661992,0.0,33,0
4180,185,25,-3,-1.5066666666618742,0.0,34,0
4180,186,29,-3,-2.5066666666617716,0.0,35,0
4180,187,22,-2,-3.5066666666616673,0.0,36,0
4180,188,30,3,-4.5066666666615784,0.0,37,0
