time_step,passenger_sequence,target_x,target_y,current_x,current_y,current_cell,state
4783,182,32,3,25.973333333337585,0.0,6,0
4783,183,29,1,25.12000000000437,0.0,7,0
4783,184,30,-2,22.82666666667121,0.0,9,0
4783,185,25,-3,21.893333333338013,0.0,10,0
4783,186,29,-3,20.880000000004802,0.0,11,0
4783,187,22,-2,18.666666666671624,0.0,13,0
4783,188,30,3,17.653333333338402,0.0,14,0
