time_step,passenger_sequence,target_x,target_y,current_x,current_y,current_cell,state
4154,158,28,1,24.53333333333463,0.0,7,0
4154,159,26,-3,22.400000000001473,0.0,10,0
4154,160,28,-1,21.3066666666683,0.0,11,0
4154,161,29,-2,20.373333333335104,0.0,12,0
4154,162,25,3,20.80000000000189,0.0,11,0
4154,163,27,3,18.50666666666877,0.0,13,0
4154,164,30,2,18.133333333335557,0.0,14,0
4154,165,30,1,17.200000000002365,0.0,15,0
4154,166,27,2,16.26666666666918,0.0,16,0
4154,167,30,-3,14.853333333335991,0.0,17,0
4154,168,24,-2,13.840000000002796,0.0,18,0
4154,169,23,-3,12.906666666669574,0.0,19,0
4154,170,28,2,11.973333333336358,0.0,20,0
4154,171,22,-3,9.68000000000314,0.0,22,0
4154,172,29,-1,8.82666666666994,0.0,23,0
4154,173,31,-2,7.893333333336725,0.0,24,0
4154,174,32,2,8.240000000003509,0.0,24,0
4154,175,32,1,7.306666666670309,0.0,25,0
4154,176,25,-1,5.0133333333370915,0.0,27,0
4154,177,27,-1,4.080000000003875,0.0,28,0
4154,178,32,-1,3.1466666666706606,0.0,29,0
4154,179,27,-2,2.2133333333374448,0.0,30,0
4154,180,22,2,1.2800000000042142,0.0,31,0
4154,181,26,-1,0.28000000000433367,0.0,32,0
4154,182,32,3,-0.7199999999955484,0.0,33,0
4154,183,29,1,-1.7199999999954452,0.0,34,0
4154,184,30,-2,-2.7199999999953266,0.0,35,0
4154,185,25,-3,-3.71999999999521,0.0,36,0
4154,186,29,-3,-4.719999999995107,0.0,37,0
4154,187,22,-2,-5.719999999995002,0.0,38,0
4154,188,30,3,-6.719999999994913,0.0,39,0
