time_step,passenger_sequence,target_x,target_y,current_x,current_y,current_cell,state
4315,163,27,3,25.946666666668612,0.0,6,0
4315,164,30,2,25.5733333333354,0.0,6,0
4315,165,30,1,23.280000000002236,0.0,9,0
4315,166,27,2,22.34666666666905,0.0,10,0
4315,167,30,-3,20.933333333335888,0.0,11,0
4315,168,24,-2,19.920000000002712,0.0,12,0
4315,169,23,-3,18.986666666669514,0.0,13,0
4315,170,28,2,18.05333333333632,0.0,14,0
4315,171,22,-3,18.48000000000309,0.0,14,0
4315,172,29,-1,16.26666666666994,0.0,16,0
4315,173,31,-2,15.33333333333673,0.0,17,0
4315,174,32,2,14.320000000003514,0.0,18,0
4315,175,32,1,13.386666666670314,0.0,19,0
4315,176,25,-1,12.453333333337097,0.0,20,0
4315,177,27,-1,11.520000000003881,0.0,20,0
4315,178,32,-1,9.226666666670665,0.0,23,0
4315,179,27,-2,9.65333333333745,0.0,22,0
4315,180,22,2,8.72000000000422,0.0,23,0
4315,181,26,-1,7.786666666671006,0.0,24,0
4315,182,32,3,6.8533333333377895,0.0,25,0
4315,183,29,1,4.560000000004558,0.0,27,0
4315,184,30,-2,3.626666666671343,0.0,28,0
4315,185,25,-3,2.6933333333381273,0.0,29,0
4315,186,29,-3,1.7600000000048968,0.0,30,0
4315,187,22,-2,0.8266666666716681,0.0,31,0
4315,188,30,3,-0.1733333333282423,0.0,32,0
