time_step,passenger_sequence,target_x,target_y,current_x,current_y,current_cell,state
4876,184,30,-2,28.42666666667109,0.0,4,0
4876,186,29,-3,25.6800000000047,0.0,6,0
4876,188,30,3,21.09333333333833,0.0,11,0
