time_step,passenger_sequence,target_x,target_y,current_x,current_y,current_cell,state
4549,172,29,-1,28.02666666666969,0.0,4,0
4549,173,31,-2,27.093333333336496,0.0,5,0
4549,174,32,2,26.0800000000033,0.0,6,0
4549,175,32,1,25.14666666667012,0.0,7,0
4549,176,25,-1,22.933333333336954,0.0,9,0
4549,177,27,-1,23.440000000003725,0.0,9,0
4549,178,32,-1,22.426666666670535,0.0,10,0
4549,179,27,-2,21.49333333333734,0.0,11,0
4549,180,22,2,20.48000000000413,0.0,12,0
4549,181,26,-1,18.186666666670966,0.0,14,0
4549,182,32,3,17.25333333333777,0.0,15,0
4549,183,29,1,16.400000000004557,0.0,16,0
4549,184,30,-2,15.466666666671353,0.0,17,0
4549,185,25,-3,14.533333333338136,0.0,17,0
4549,186,29,-3,13.520000000004906,0.0,18,0
4549,187,22,-2,11.306666666671676,0.0,21,0
4549,188,30,3,10.293333333338431,0.0,22,0
