time_step,passenger_sequence,target_x,target_y,current_x,current_y,current_cell,state
4457,167,30,-3,26.853333333335762,0.0,5,0
4457,170,28,2,25.333333333336164,0.0,7,0
4457,172,29,-1,22.106666666669817,0.0,10,0
4457,173,31,-2,21.173333333336622,0.0,11,0
4457,174,32,2,20.160000000003425,0.0,12,0
4457,175,32,1,19.226666666670248,0.0,13,0
4457,176,25,-1,17.01333333333708,0.0,15,0
4457,177,27,-1,16.08000000000388,0.0,16,0
4457,178,32,-1,15.06666666667067,0.0,17,0
4457,179,27,-2,15.573333333337455,0.0,16,0
4457,180,22,2,14.560000000004225,0.0,17,0
4457,181,26,-1,12.266666666671009,0.0,20,0
4457,182,32,3,11.333333333337793,0.0,21,0
4457,183,29,1,9.04000000000456,0.0,23,0
4457,184,30,-2,8.106666666671346,0.0,24,0
4457,185,25,-3,8.613333333338131,0.0,23,0
4457,186,29,-3,7.6000000000049015,0.0,24,0
4457,187,22,-2,5.3066666666716715,0.0,27,0
4457,188,30,3,4.373333333338427,0.0,28,0
