time_step,passenger_sequence,target_x,target_y,current_x,current_y,current_cell,state
4502,156,29,-2,23.199999999995583,0.0,9,0
4502,159,18,-3,16.199999999995292,0.0,16,0
4502,160,25,-3,18.26666666666193,0.0,14,0
4502,161,29,1,14.233333333328508,0.0,18,0
4502,162,17,-1,13.299999999995116,0.0,19,0
4502,163,21,3,12.366666666661725,0.0,20,0
4502,164,13,-1,11.433333333328333,0.0,21,0
4502,165,17,-2,11.999999999994936,0.0,20,0
4502,166,22,1,10.666666666661554,0.0,21,0
4502,167,17,1,8.633333333328165,0.0,23,0
4502,168,22,2,8.79999999999477,0.0,23,0
4502,169,24,3,6.766666666661383,0.0,25,0
4502,170,9,2,5.833333333327991,0.0,26,0
4502,171,3,2,2.5999999999946004,0.0,29,2
4502,172,22,-2,1.5666666666612128,0.0,30,1
4502,173,4,-2,0.633333333327817,0.0,31,1
4502,174,19,-1,-0.30000000000557836,0.0,32,1
4502,175,25,-2,-1.300000000005632,0.0,33,1
4502,176,27,2,-2.300000000005695,0.0,34,1
4502,177,2,-2,-3.300000000005758,0.0,35,1
4502,178,28,2,-4.300000000005818,0.0,36,1
4502,179,6,-3,-5.30000000000587,0.0,37,1
4502,180,32,3,-6.300000000005928,0.0,38,1
4502,181,15,3,-7.300000000005978,0.0,39,1
4502,182,29,2,-8.300000000006037,0.0,40,1
4502,183,2,3,-9.300000000006095,0.0,41,1
4502,184,18,3,-10.300000000006145,0.0,42,1
4502,185,15,-3,-11.300000000006204,0.0,43,1
4502,186,11,-3,-12.300000000006255,0.0,44,1
4502,187,3,-2,-13.300000000006312,0.0,45,1
4502,188,18,1,-14.300000000006364,0.0,46,1
