time_step,passenger_sequence,target_x,target_y,current_x,current_y,current_cell,state
4840,169,24,3,20.76666666666142,0.0,11,0
4840,172,22,-2,17.9666666666612,0.0,14,0
4840,174,19,-1,14.599999999994386,0.0,17,0
4840,175,25,-2,13.466666666661004,0.0,19,0
4840,176,27,2,10.833333333327618,0.0,21,0
4840,178,28,2,8.866666666660835,0.0,23,0
4840,180,32,3,6.999999999994058,0.0,25,0
4840,181,15,3,4.866666666660679,0.0,27,0
4840,182,29,2,3.9333333333272864,0.0,28,0
4840,184,18,3,1.8666666666605025,0.0,30,0
4840,185,15,-3,0.9333333333271064,0.0,31,0
4840,186,11,-3,-6.281780651207214e-12,0.0,32,0
4840,187,3,-2,-1.0000000000063423,0.0,33,0
4840,188,18,1,-2.000000000006398,0.0,34,0
