time_step,passenger_sequence,target_x,target_y,current_x,current_y,current_cell,state
4315,149,32,-3,19.433333333329312,0.0,13,0
4315,151,24,-3,15.366666666662468,0.0,17,0
4315,154,19,-2,11.46666666666229,0.0,21,0
4315,156,29,-2,9.999999999995504,0.0,22,0
4315,157,11,2,8.066666666662117,0.0,24,0
4315,159,18,-3,6.099999999995326,0.0,26,0
4315,160,25,-3,5.066666666661936,0.0,27,0
4315,161,29,1,4.133333333328544,0.0,28,0
4315,162,17,-1,3.199999999995148,0.0,29,0
4315,163,21,3,2.266666666661753,0.0,30,0
4315,164,13,-1,1.3333333333283572,0.0,31,0
4315,165,17,-2,0.3999999999949617,0.0,32,0
4315,166,22,1,-0.6000000000050918,0.0,33,0
4315,167,17,1,-1.6000000000051542,0.0,34,0
4315,168,22,2,-2.6000000000052172,0.0,35,0
4315,169,24,3,-3.600000000005279,0.0,36,0
4315,170,9,2,-4.600000000005339,0.0,37,0
4315,171,3,2,-5.600000000005398,0.0,38,0
4315,172,22,-2,-6.600000000005448,0.0,39,0
4315,173,4,-2,-7.600000000005506,0.0,40,0
4315,174,19,-1,-8.600000000005565,0.0,41,0
4315,175,25,-2,-9.600000000005615,0.0,42,0
4315,176,27,2,-10.600000000005673,0.0,43,0
4315,177,2,-2,-11.600000000005732,0.0,44,0
4315,178,28,2,-12.600000000005789,0.0,45,0
4315,179,6,-3,-13.60000000000584,0.0,46,0
4315,180,32,3,-14.600000000005899,0.0,47,0
4315,181,15,3,-15.600000000005949,0.0,48,0
4315,182,29,2,-16.600000000006016,0.0,49,0
4315,183,2,3,-17.60000000000609,0.0,50,0
4315,184,18,3,-18.60000000000616,0.0,51,0
4315,185,15,-3,-19.600000000006233,0.0,52,0
4315,186,11,-3,-20.6000000000063,0.0,53,0
4315,187,3,-2,-21.600000000006375,0.0,54,0
4315,188,18,1,-22.600000000006442,0.0,55,0
