time_step,passenger_sequence,target_x,target_y,current_x,current_y,current_cell,state
5307,156,29,-2,17.233333333328826,0.0,15,0
5307,159,18,-3,10.133333333328643,0.0,22,0
5307,160,25,-3,9.199999999995251,0.0,23,0
5307,161,29,1,8.26666666666186,0.0,24,0
5307,162,17,-1,6.93333333332847,0.0,25,0
5307,163,21,3,6.599999999995076,0.0,25,0
5307,164,13,-1,5.466666666661686,0.0,27,0
5307,165,17,-2,4.533333333328294,0.0,27,0
5307,166,22,1,3.5999999999948997,0.0,28,0
5307,167,17,1,2.666666666661505,0.0,29,0
5307,168,22,2,1.733333333328109,0.0,30,0
5307,169,24,3,0.79999999999472,0.0,31,0
5307,170,9,2,-0.13333333333867387,0.0,32,0
5307,171,3,2,-1.1333333333387359,0.0,33,0
5307,172,22,-2,-2.1333333333387916,0.0,34,0
5307,173,4,-2,-3.1333333333388533,0.0,35,0
5307,174,19,-1,-4.133333333338916,0.0,36,0
5307,175,25,-2,-5.133333333338975,0.0,37,0
5307,176,27,2,-6.133333333339024,0.0,38,0
5307,177,2,-2,-7.133333333339083,0.0,39,0
5307,178,28,2,-8.133333333339134,0.0,40,0
5307,179,6,-3,-9.133333333339191,0.0,41,0
5307,180,32,3,-10.13333333333925,0.0,42,0
5307,181,15,3,-11.133333333339301,0.0,43,0
5307,182,29,2,-12.133333333339358,0.0,44,0
5307,183,2,3,-13.13333333333941,0.0,45,0
5307,184,18,3,-14.133333333339468,0.0,46,0
5307,185,15,-3,-15.133333333339518,0.0,47,0
5307,186,11,-3,-16.13333333333958,0.0,48,0
5307,187,3,-2,-17.133333333339646,0.0,49,0
5307,188,18,1,-18.13333333333972,0.0,50,0
