time_step,passenger_sequence,target_x,target_y,current_x,current_y,current_cell,state
5855,172,22,-2,18.69999999999454,0.0,13,0
5855,174,19,-1,11.933333333327727,0.0,20,0
5855,175,25,-2,14.499999999994323,0.0,18,0
5855,176,27,2,10.066666666660952,0.0,22,0
5855,178,28,2,7.899999999994176,0.0,24,0
5855,179,6,-3,3.0666666666607947,0.0,29,0
5855,180,32,3,2.1333333333273985,0.0,30,0
5855,181,15,3,1.1999999999940096,0.0,31,0
5855,182,29,2,0.2666666666606156,0.0,32,0
5855,183,2,3,-0.7333333333394393,0.0,33,0
5855,184,18,3,-1.7333333333395018,0.0,34,0
5855,185,15,-3,-2.7333333333395564,0.0,35,0
5855,186,11,-3,-3.7333333333396195,0.0,36,0
5855,187,3,-2,-4.733333333339672,0.0,37,0
5855,188,18,1,-5.733333333339729,0.0,38,0
