time_step,passenger_sequence,target_x,target_y,current_x,current_y,current_cell,state
5935,174,19,-1,17.533333333327736,0.0,14,0
5935,175,25,-2,20.099999999994374,0.0,12,0
5935,176,27,2,15.666666666660932,0.0,16,0
5935,178,28,2,13.499999999994156,0.0,19,0
5935,180,32,3,7.3333333333273885,0.0,25,0
5935,181,15,3,6.399999999994003,0.0,26,0
5935,182,29,2,5.466666666660613,0.0,27,0
5935,184,18,3,3.2999999999938336,0.0,29,0
5935,185,15,-3,2.366666666660446,0.0,30,0
5935,186,11,-3,1.43333333332705,0.0,31,0
5935,187,3,-2,0.4999999999936614,0.0,32,0
5935,188,18,1,-0.5000000000063992,0.0,33,0
