time_step,passenger_sequence,target_x,target_y,current_x,current_y,current_cell,state
5942,174,19,-1,18.233333333327746,0.0,14,0
5942,175,25,-2,20.799999999994384,0.0,11,0
5942,176,27,2,16.366666666660937,0.0,16,0
5942,178,28,2,14.199999999994153,0.0,18,0
5942,180,32,3,8.033333333327386,0.0,24,0
5942,181,15,3,7.099999999994001,0.0,25,0
5942,182,29,2,6.1666666666606105,0.0,26,0
5942,184,18,3,3.9999999999938343,0.0,28,0
5942,185,15,-3,3.0666666666604465,0.0,29,0
5942,186,11,-3,2.1333333333270503,0.0,30,0
5942,187,3,-2,1.1999999999936615,0.0,31,0
5942,188,18,1,0.26666666666026745,0.0,32,0
