time_step,passenger_sequence,target_x,target_y,current_x,current_y,current_cell,state
5858,172,22,-2,18.999999999994543,0.0,13,0
5858,174,19,-1,12.233333333327726,0.0,20,0
5858,175,25,-2,14.799999999994322,0.0,17,0
5858,176,27,2,10.36666666666095,0.0,22,0
5858,178,28,2,8.199999999994175,0.0,24,0
5858,179,6,-3,3.366666666660795,0.0,29,0
5858,180,32,3,2.4333333333273988,0.0,30,0
5858,181,15,3,1.49999999999401,0.0,31,0
5858,182,29,2,0.5666666666606156,0.0,31,0
5858,183,2,3,-0.43333333333943935,0.0,32,0
5858,184,18,3,-1.4333333333395015,0.0,33,0
5858,185,15,-3,-2.433333333339556,0.0,34,0
5858,186,11,-3,-3.433333333339619,0.0,35,0
5858,187,3,-2,-4.433333333339673,0.0,36,0
5858,188,18,1,-5.43333333333973,0.0,37,0
