time_step,passenger_sequence,target_x,target_y,current_x,current_y,current_cell,state
5337,156,29,-2,20.23333333332887,0.0,12,0
5337,159,18,-3,13.133333333328633,0.0,19,0
5337,160,25,-3,12.19999999999524,0.0,20,0
5337,161,29,1,11.26666666666185,0.0,21,0
5337,162,17,-1,9.93333333332846,0.0,22,0
5337,163,21,3,9.599999999995065,0.0,22,0
5337,164,13,-1,8.466666666661675,0.0,24,0
5337,165,17,-2,7.533333333328283,0.0,24,0
5337,166,22,1,6.599999999994891,0.0,25,0
5337,167,17,1,5.6666666666615,0.0,26,0
5337,168,22,2,4.733333333328108,0.0,27,0
5337,169,24,3,3.7999999999947223,0.0,28,0
5337,170,9,2,2.8666666666613274,0.0,29,0
5337,171,3,2,1.9333333333279314,0.0,30,0
5337,172,22,-2,0.9999999999945424,0.0,31,0
5337,173,4,-2,0.06666666666114851,0.0,32,0
5337,174,19,-1,-0.9333333333389134,0.0,33,0
5337,175,25,-2,-1.9333333333389762,0.0,34,0
5337,176,27,2,-2.933333333339031,0.0,35,0
5337,177,2,-2,-3.933333333339094,0.0,36,0
5337,178,28,2,-4.933333333339146,0.0,37,0
5337,179,6,-3,-5.933333333339203,0.0,38,0
5337,180,32,3,-6.933333333339261,0.0,39,0
5337,181,15,3,-7.933333333339313,0.0,40,0
5337,182,29,2,-8.93333333333937,0.0,41,0
5337,183,2,3,-9.933333333339421,0.0,42,0
5337,184,18,3,-10.93333333333948,0.0,43,0
5337,185,15,-3,-11.93333333333953,0.0,44,0
5337,186,11,-3,-12.933333333339588,0.0,45,0
5337,187,3,-2,-13.93333333333964,0.0,46,0
5337,188,18,1,-14.933333333339696,0.0,47,0
