time_step,passenger_sequence,target_x,target_y,current_x,current_y,current_cell,state
5854,172,22,-2,18.599999999994537,0.0,13,0
5854,174,19,-1,11.833333333327728,0.0,20,0
5854,175,25,-2,14.399999999994323,0.0,18,0
5854,176,27,2,9.966666666660952,0.0,22,0
5854,178,28,2,7.799999999994176,0.0,24,0
5854,179,6,-3,2.9666666666607946,0.0,29,0
5854,180,32,3,2.0333333333273984,0.0,30,0
5854,181,15,3,1.0999999999940095,0.0,31,0
5854,182,29,2,0.1666666666606156,0.0,32,0
5854,183,2,3,-0.8333333333394393,0.0,33,0
5854,184,18,3,-1.8333333333395019,0.0,34,0
5854,185,15,-3,-2.8333333333395565,0.0,35,0
5854,186,11,-3,-3.8333333333396196,0.0,36,0
5854,187,3,-2,-4.833333333339672,0.0,37,0
5854,188,18,1,-5.833333333339729,0.0,38,0
