time_step,passenger_sequence,target_x,target_y,current_x,current_y,current_cell,state
5171,180,32,3,26.99999999999418,0.0,5,0
5171,182,29,2,20.333333333327307,0.0,12,0
5171,188,18,1,11.033333333326913,0.0,21,0
