time_step,passenger_sequence,target_x,target_y,current_x,current_y,current_cell,state
5356,156,29,-2,22.133333333328896,0.0,10,0
5356,159,18,-3,15.033333333328626,0.0,17,0
5356,160,25,-3,14.099999999995234,0.0,18,0
5356,161,29,1,13.166666666661843,0.0,19,0
5356,162,17,-1,11.833333333328452,0.0,20,0
5356,163,21,3,11.499999999995058,0.0,21,0
5356,164,13,-1,10.366666666661668,0.0,22,0
5356,165,17,-2,9.433333333328276,0.0,23,0
5356,166,22,1,8.499999999994884,0.0,24,0
5356,167,17,1,7.566666666661494,0.0,24,0
5356,168,22,2,6.6333333333281015,0.0,25,0
5356,169,24,3,5.699999999994716,0.0,26,0
5356,170,9,2,4.766666666661326,0.0,27,0
5356,171,3,2,2.5333333333279318,0.0,29,2
5356,172,22,-2,2.899999999994544,0.0,29,0
5356,173,4,-2,0.5666666666611485,0.0,31,1
5356,174,19,-1,-0.43333333333891355,0.0,32,1
5356,175,25,-2,-1.4333333333389757,0.0,33,1
5356,176,27,2,-2.4333333333390303,0.0,34,1
5356,177,2,-2,-3.4333333333390934,0.0,35,1
5356,178,28,2,-4.433333333339148,0.0,36,1
5356,179,6,-3,-5.433333333339204,0.0,37,1
5356,180,32,3,-6.433333333339263,0.0,38,1
5356,181,15,3,-7.433333333339315,0.0,39,1
5356,182,29,2,-8.433333333339371,0.0,40,1
5356,183,2,3,-9.433333333339423,0.0,41,1
5356,184,18,3,-10.433333333339482,0.0,42,1
5356,185,15,-3,-11.433333333339531,0.0,43,1
5356,186,11,-3,-12.43333333333959,0.0,44,1
5356,187,3,-2,-13.433333333339641,0.0,45,1
5356,188,18,1,-14.433333333339698,0.0,46,1
