time_step,passenger_sequence,target_x,target_y,current_x,current_y,current_cell,state
5786,169,24,3,20.99999999999475,0.0,11,0
5786,172,22,-2,15.699999999994503,0.0,16,0
5786,174,19,-1,8.933333333327738,0.0,23,0
5786,175,25,-2,11.499999999994333,0.0,21,0
5786,176,27,2,7.0666666666609625,0.0,25,0
5786,178,28,2,0.9999999999941871,0.0,31,0
5786,179,6,-3,0.06666666666079324,0.0,32,0
5786,180,32,3,-0.9333333333392687,0.0,33,0
5786,181,15,3,-1.9333333333393243,0.0,34,0
5786,182,29,2,-2.933333333339386,0.0,35,0
5786,183,2,3,-3.933333333339442,0.0,36,0
5786,184,18,3,-4.933333333339501,0.0,37,0
5786,185,15,-3,-5.933333333339551,0.0,38,0
5786,186,11,-3,-6.933333333339609,0.0,39,0
5786,187,3,-2,-7.933333333339661,0.0,40,0
5786,188,18,1,-8.933333333339718,0.0,41,0
