time_step,passenger_sequence,target_x,target_y,current_x,current_y,current_cell,state
5361,156,29,-2,22.633333333328903,0.0,9,0
5361,159,18,-3,15.533333333328624,0.0,16,0
5361,160,25,-3,14.599999999995232,0.0,17,0
5361,161,29,1,13.666666666661841,0.0,18,0
5361,162,17,-1,12.33333333332845,0.0,20,0
5361,163,21,3,11.999999999995056,0.0,20,0
5361,164,13,-1,10.866666666661667,0.0,21,0
5361,165,17,-2,9.933333333328275,0.0,22,0
5361,166,22,1,8.999999999994882,0.0,23,0
5361,167,17,1,8.066666666661492,0.0,24,0
5361,168,22,2,7.1333333333281,0.0,25,0
5361,169,24,3,6.199999999994715,0.0,26,0
5361,170,9,2,5.266666666661324,0.0,27,0
5361,171,3,2,2.5333333333279318,0.0,29,2
5361,172,22,-2,3.3999999999945443,0.0,29,0
5361,173,4,-2,0.5666666666611485,0.0,31,1
5361,174,19,-1,-0.43333333333891355,0.0,32,1
5361,175,25,-2,-1.4333333333389757,0.0,33,1
5361,176,27,2,-2.4333333333390303,0.0,34,1
5361,177,2,-2,-3.4333333333390934,0.0,35,1
5361,178,28,2,-4.433333333339148,0.0,36,1
5361,179,6,-3,-5.433333333339204,0.0,37,1
5361,180,32,3,-6.433333333339263,0.0,38,1
5361,181,15,3,-7.433333333339315,0.0,39,1
5361,182,29,2,-8.433333333339371,0.0,40,1
5361,183,2,3,-9.433333333339423,0.0,41,1
5361,184,18,3,-10.433333333339482,0.0,42,1
5361,185,15,-3,-11.433333333339531,0.0,43,1
5361,186,11,-3,-12.43333333333959,0.0,44,1
5361,187,3,-2,-13.433333333339641,0.0,45,1
5361,188,18,1,-14.433333333339698,0.0,46,1
