time_step,passenger_sequence,target_x,target_y,current_x,current_y,current_cell,state
5926,174,19,-1,16.633333333327723,0.0,15,0
5926,175,25,-2,19.19999999999436,0.0,13,0
5926,176,27,2,14.766666666660935,0.0,17,0
5926,178,28,2,12.599999999994159,0.0,19,0
5926,180,32,3,6.433333333327392,0.0,26,0
5926,181,15,3,5.499999999994007,0.0,27,0
5926,182,29,2,4.566666666660616,0.0,27,0
5926,184,18,3,2.399999999993833,0.0,30,0
5926,185,15,-3,1.4666666666604453,0.0,31,0
5926,186,11,-3,0.5333333333270497,0.0,31,0
5926,187,3,-2,-0.46666666667300527,0.0,32,0
5926,188,18,1,-1.466666666673066,0.0,33,0
