time_step,passenger_sequence,target_x,target_y,current_x,current_y,current_cell,state
5360,156,29,-2,22.5333333333289,0.0,9,0
5360,159,18,-3,15.433333333328624,0.0,17,0
5360,160,25,-3,14.499999999995232,0.0,18,0
5360,161,29,1,13.566666666661842,0.0,18,0
5360,162,17,-1,12.233333333328451,0.0,20,0
5360,163,21,3,11.899999999995057,0.0,20,0
5360,164,13,-1,10.766666666661667,0.0,21,0
5360,165,17,-2,9.833333333328275,0.0,22,0
5360,166,22,1,8.899999999994883,0.0,23,0
5360,167,17,1,7.966666666661492,0.0,24,0
5360,168,22,2,7.0333333333281,0.0,25,0
5360,169,24,3,6.099999999994715,0.0,26,0
5360,170,9,2,5.166666666661325,0.0,27,0
5360,171,3,2,2.5333333333279318,0.0,29,2
5360,172,22,-2,3.299999999994544,0.0,29,0
5360,173,4,-2,0.5666666666611485,0.0,31,1
5360,174,19,-1,-0.43333333333891355,0.0,32,1
5360,175,25,-2,-1.4333333333389757,0.0,33,1
5360,176,27,2,-2.4333333333390303,0.0,34,1
5360,177,2,-2,-3.4333333333390934,0.0,35,1
5360,178,28,2,-4.433333333339148,0.0,36,1
5360,179,6,-3,-5.433333333339204,0.0,37,1
5360,180,32,3,-6.433333333339263,0.0,38,1
5360,181,15,3,-7.433333333339315,0.0,39,1
5360,182,29,2,-8.433333333339371,0.0,40,1
5360,183,2,3,-9.433333333339423,0.0,41,1
5360,184,18,3,-10.433333333339482,0.0,42,1
5360,185,15,-3,-11.433333333339531,0.0,43,1
5360,186,11,-3,-12.43333333333959,0.0,44,1
5360,187,3,-2,-13.433333333339641,0.0,45,1
5360,188,18,1,-14.433333333339698,0.0,46,1
