time_step,passenger_sequence,target_x,target_y,current_x,current_y,current_cell,state
6228,180,32,3,25.633333333327496,0.0,6,0
6228,182,29,2,21.066666666660648,0.0,11,0
6228,184,18,3,17.099999999993805,0.0,15,0
6228,188,18,1,9.366666666660251,0.0,23,0
