time_step,passenger_sequence,target_x,target_y,current_x,current_y,current_cell,state
6220,180,32,3,24.833333333327484,0.0,7,0
6220,182,29,2,20.266666666660637,0.0,12,0
6220,184,18,3,16.299999999993794,0.0,16,0
6220,188,18,1,8.566666666660254,0.0,23,0
