time_step,passenger_sequence,target_x,target_y,current_x,current_y,current_cell,state
6137,178,28,2,25.299999999994277,0.0,7,0
6137,180,32,3,19.133333333327403,0.0,13,0
6137,182,29,2,14.56666666666058,0.0,17,0
6137,184,18,3,12.399999999993804,0.0,20,0
6137,185,15,-3,14.166666666660412,0.0,18,0
6137,186,11,-3,10.533333333327029,0.0,21,2
6137,188,18,1,5.066666666660266,0.0,27,1
