time_step,passenger_sequence,target_x,target_y,current_x,current_y,current_cell,state
6139,178,28,2,25.49999999999428,0.0,7,0
6139,180,32,3,19.333333333327406,0.0,13,0
6139,182,29,2,14.76666666666058,0.0,17,0
6139,184,18,3,12.599999999993804,0.0,19,0
6139,185,15,-3,14.36666666666041,0.0,18,0
6139,186,11,-3,10.533333333327029,0.0,21,2
6139,188,18,1,5.066666666660266,0.0,27,1
