time_step,passenger_sequence,target_x,target_y,current_x,current_y,current_cell,state
6202,180,32,3,23.03333333332746,0.0,9,0
6202,182,29,2,18.46666666666061,0.0,14,0
6202,184,18,3,14.499999999993797,0.0,18,0
6202,188,18,1,6.76666666666026,0.0,25,0
