time_step,passenger_sequence,target_x,target_y,current_x,current_y,current_cell,state
6089,176,27,2,24.96666666666106,0.0,7,0
6089,178,28,2,22.79999999999424,0.0,9,0
6089,180,32,3,16.633333333327368,0.0,15,0
6089,181,15,3,14.599999999993974,0.0,17,2
6089,182,29,2,13.566666666660584,0.0,18,1
6089,184,18,3,11.399999999993808,0.0,21,1
6089,185,15,-3,11.66666666666042,0.0,20,0
6089,186,11,-3,9.533333333327032,0.0,22,1
6089,188,18,1,4.166666666660269,0.0,28,1
