time_step,passenger_sequence,target_x,target_y,current_x,current_y,current_cell,state
6212,180,32,3,24.033333333327473,0.0,8,0
6212,182,29,2,19.466666666660625,0.0,13,0
6212,184,18,3,15.499999999993793,0.0,17,0
6212,188,18,1,7.766666666660257,0.0,24,0
