time_step,passenger_sequence,target_x,target_y,current_x,current_y,current_cell,state
6026,176,27,2,18.66666666666097,0.0,13,0
6026,178,28,2,16.499999999994152,0.0,16,0
6026,180,32,3,10.333333333327378,0.0,22,0
6026,181,15,3,9.399999999993993,0.0,23,0
6026,182,29,2,8.466666666660602,0.0,24,0
6026,184,18,3,6.299999999993826,0.0,26,0
6026,185,15,-3,5.366666666660443,0.0,27,0
6026,186,11,-3,4.433333333327051,0.0,28,0
6026,187,3,-2,2.5999999999936625,0.0,29,2
6026,188,18,1,1.5666666666602678,0.0,30,1
