time_step,passenger_sequence,target_x,target_y,current_x,current_y,current_cell,state
6065,176,27,2,22.566666666661025,0.0,9,0
6065,178,28,2,20.399999999994208,0.0,12,0
6065,180,32,3,14.233333333327364,0.0,18,0
6065,181,15,3,13.299999999993979,0.0,19,0
6065,182,29,2,12.366666666660588,0.0,20,0
6065,184,18,3,10.199999999993812,0.0,22,0
6065,185,15,-3,9.266666666660429,0.0,23,0
6065,186,11,-3,8.333333333327037,0.0,24,0
6065,188,18,1,2.966666666660269,0.0,29,0
