time_step,passenger_sequence,target_x,target_y,current_x,current_y,current_cell,state
6161,178,28,2,27.59999999999431,0.0,4,2
6161,180,32,3,21.333333333327435,0.0,11,1
6161,182,29,2,16.766666666660587,0.0,15,1
6161,184,18,3,12.799999999993803,0.0,19,1
6161,185,15,-3,14.56666666666041,0.0,17,2
6161,186,11,-3,10.533333333327029,0.0,21,2
6161,188,18,1,5.066666666660266,0.0,27,1
