time_step,passenger_sequence,target_x,target_y,current_x,current_y,current_cell,state
6256,180,32,3,28.433333333327536,0.0,4,0
6256,182,29,2,23.866666666660688,0.0,8,0
6256,184,18,3,17.599999999993813,0.0,14,2
6256,188,18,1,9.76666666666025,0.0,22,1
