time_step,passenger_sequence,target_x,target_y,current_x,current_y,current_cell,state
6134,178,28,2,24.999999999994273,0.0,7,0
6134,180,32,3,18.8333333333274,0.0,13,0
6134,182,29,2,14.266666666660582,0.0,18,0
6134,184,18,3,12.099999999993805,0.0,20,0
6134,185,15,-3,13.866666666660413,0.0,18,0
6134,186,11,-3,10.23333333332703,0.0,22,0
6134,188,18,1,4.866666666660267,0.0,27,0
