time_step,passenger_sequence,target_x,target_y,current_x,current_y,current_cell,state
6148,178,28,2,26.399999999994293,0.0,6,0
6148,180,32,3,20.23333333332742,0.0,12,0
6148,182,29,2,15.666666666660577,0.0,16,0
6148,184,18,3,12.799999999993803,0.0,19,1
6148,185,15,-3,14.56666666666041,0.0,17,2
6148,186,11,-3,10.533333333327029,0.0,21,2
6148,188,18,1,5.066666666660266,0.0,27,1
