time_step,passenger_sequence,target_x,target_y,current_x,current_y,current_cell,state
6259,180,32,3,28.799999999994206,0.0,3,0
6259,182,29,2,24.166666666660692,0.0,8,0
6259,184,18,3,17.599999999993813,0.0,14,2
6259,188,18,1,9.76666666666025,0.0,22,1
