time_step,passenger_sequence,target_x,target_y,current_x,current_y,current_cell,state
6191,180,32,3,21.933333333327443,0.0,10,0
6191,182,29,2,17.366666666660596,0.0,15,0
6191,184,18,3,13.3999999999938,0.0,19,0
6191,188,18,1,5.666666666660264,0.0,26,0
