time_step,passenger_sequence,target_x,target_y,current_x,current_y,current_cell,state
6210,180,32,3,23.83333333332747,0.0,8,0
6210,182,29,2,19.266666666660623,0.0,13,0
6210,184,18,3,15.299999999993794,0.0,17,0
6210,188,18,1,7.566666666660257,0.0,24,0
