time_step,passenger_sequence,target_x,target_y,current_x,current_y,current_cell,state
6240,180,32,3,26.833333333327513,0.0,5,0
6240,182,29,2,22.266666666660665,0.0,10,0
6240,184,18,3,17.599999999993813,0.0,14,2
6240,188,18,1,9.76666666666025,0.0,22,1
