time_step,passenger_sequence,target_x,target_y,current_x,current_y,current_cell,state
6036,176,27,2,19.666666666660984,0.0,12,0
6036,178,28,2,17.499999999994166,0.0,15,0
6036,180,32,3,11.333333333327374,0.0,21,0
6036,181,15,3,10.39999999999399,0.0,22,0
6036,182,29,2,9.466666666660599,0.0,23,0
6036,184,18,3,7.2999999999938225,0.0,25,0
6036,185,15,-3,6.366666666660439,0.0,26,0
6036,186,11,-3,5.433333333327047,0.0,27,0
6036,187,3,-2,2.5999999999936625,0.0,29,2
6036,188,18,1,1.5666666666602678,0.0,30,1
