time_step,passenger_sequence,target_x,target_y,current_x,current_y,current_cell,state
6100,176,27,2,26.066666666661074,0.0,6,0
6100,178,28,2,23.899999999994257,0.0,8,0
6100,180,32,3,17.733333333327383,0.0,14,0
6100,181,15,3,14.599999999993974,0.0,17,2
6100,182,29,2,13.566666666660584,0.0,18,1
6100,184,18,3,11.399999999993808,0.0,21,1
6100,185,15,-3,12.766666666660416,0.0,19,0
6100,186,11,-3,9.533333333327032,0.0,22,1
6100,188,18,1,4.166666666660269,0.0,28,1
