time_step,passenger_sequence,target_x,target_y,current_x,current_y,current_cell,state
6093,176,27,2,25.366666666661065,0.0,7,0
6093,178,28,2,23.199999999994247,0.0,9,0
6093,180,32,3,17.033333333327374,0.0,15,0
6093,181,15,3,14.599999999993974,0.0,17,2
6093,182,29,2,13.566666666660584,0.0,18,1
6093,184,18,3,11.399999999993808,0.0,21,1
6093,185,15,-3,12.066666666660419,0.0,20,0
6093,186,11,-3,9.533333333327032,0.0,22,1
6093,188,18,1,4.166666666660269,0.0,28,1
