time_step,passenger_sequence,target_x,target_y,current_x,current_y,current_cell,state
6085,176,27,2,24.566666666661053,0.0,7,0
6085,178,28,2,22.399999999994236,0.0,10,0
6085,180,32,3,16.233333333327362,0.0,16,0
6085,181,15,3,14.599999999993974,0.0,17,2
6085,182,29,2,13.566666666660584,0.0,18,1
6085,184,18,3,11.399999999993808,0.0,21,1
6085,185,15,-3,11.266666666660422,0.0,21,0
6085,186,11,-3,9.533333333327032,0.0,22,1
6085,188,18,1,4.166666666660269,0.0,28,1
