time_step,passenger_sequence,target_x,target_y,current_x,current_y,current_cell,state
6237,180,32,3,26.53333333332751,0.0,5,0
6237,182,29,2,21.96666666666066,0.0,10,0
6237,184,18,3,17.599999999993813,0.0,14,2
6237,188,18,1,9.76666666666025,0.0,22,1
