time_step,passenger_sequence,target_x,target_y,current_x,current_y,current_cell,state
6081,176,27,2,24.166666666661047,0.0,8,0
6081,178,28,2,21.99999999999423,0.0,10,0
6081,180,32,3,15.833333333327358,0.0,16,0
6081,181,15,3,14.599999999993974,0.0,17,2
6081,182,29,2,13.566666666660584,0.0,18,1
6081,184,18,3,11.399999999993808,0.0,21,1
6081,185,15,-3,10.866666666660423,0.0,21,0
6081,186,11,-3,9.533333333327032,0.0,22,1
6081,188,18,1,4.166666666660269,0.0,28,1
