time_step,passenger_sequence,target_x,target_y,current_x,current_y,current_cell,state
6249,180,32,3,27.733333333327526,0.0,4,0
6249,182,29,2,23.166666666660678,0.0,9,0
6249,184,18,3,17.599999999993813,0.0,14,2
6249,188,18,1,9.76666666666025,0.0,22,1
