time_step,passenger_sequence,target_x,target_y,current_x,current_y,current_cell,state
6092,176,27,2,25.266666666661063,0.0,7,0
6092,178,28,2,23.099999999994246,0.0,9,0
6092,180,32,3,16.933333333327372,0.0,15,0
6092,181,15,3,14.599999999993974,0.0,17,2
6092,182,29,2,13.566666666660584,0.0,18,1
6092,184,18,3,11.399999999993808,0.0,21,1
6092,185,15,-3,11.96666666666042,0.0,20,0
6092,186,11,-3,9.533333333327032,0.0,22,1
6092,188,18,1,4.166666666660269,0.0,28,1
