time_step,passenger_sequence,target_x,target_y,current_x,current_y,current_cell,state
6211,180,32,3,23.93333333332747,0.0,8,0
6211,182,29,2,19.366666666660624,0.0,13,0
6211,184,18,3,15.399999999993794,0.0,17,0
6211,188,18,1,7.666666666660257,0.0,24,0
