time_step,passenger_sequence,target_x,target_y,current_x,current_y,current_cell,state
3729,173,31,-1,27.366666666661242,0.0,5,0
3729,174,29,-1,26.43333333332784,0.0,6,0
3729,175,27,-1,25.499999999994436,0.0,7,0
3729,176,25,-1,24.566666666661032,0.0,7,2
3729,177,23,-1,22.533333333327615,0.0,9,2
