time_step,passenger_sequence,target_x,target_y,current_x,current_y,current_cell,state
3659,173,31,-1,20.366666666661143,0.0,12,0
3659,174,29,-1,19.43333333332774,0.0,13,0
3659,175,27,-1,18.499999999994337,0.0,14,0
3659,176,25,-1,17.566666666660932,0.0,14,0
3659,177,23,-1,16.63333333332753,0.0,15,0
3659,178,21,-1,15.699999999994127,0.0,16,0
3659,179,19,-1,14.766666666660743,0.0,17,0
3659,180,17,-1,13.833333333327351,0.0,18,0
3659,181,15,-1,12.899999999993966,0.0,19,0
3659,182,13,-1,11.966666666660583,0.0,20,0
3659,183,11,-1,10.533333333327192,0.0,21,2
3659,184,9,-1,8.59999999999381,0.0,23,2
