time_step,passenger_sequence,target_x,target_y,current_x,current_y,current_cell,state
3680,173,31,-1,22.466666666661173,0.0,10,0
3680,174,29,-1,21.53333333332777,0.0,10,0
3680,175,27,-1,20.599999999994367,0.0,11,0
3680,176,25,-1,19.666666666660962,0.0,12,0
3680,177,23,-1,18.73333333332756,0.0,13,0
3680,178,21,-1,17.79999999999415,0.0,14,0
3680,179,19,-1,16.866666666660752,0.0,15,0
3680,180,17,-1,15.933333333327344,0.0,16,0
3680,181,15,-1,14.59999999999396,0.0,17,2
3680,182,13,-1,12.56666666666058,0.0,19,2
