time_step,passenger_sequence,target_x,target_y,current_x,current_y,current_cell,state
3229,158,31,1,7.066666666661993,0.0,25,0
3229,159,29,1,6.133333333328608,0.0,26,0
3229,160,27,1,5.199999999995216,0.0,27,0
3229,161,25,1,4.266666666661825,0.0,28,0
3229,162,23,1,3.333333333328437,0.0,29,0
3229,163,21,1,2.3999999999950408,0.0,30,0
3229,164,19,1,1.4666666666616461,0.0,31,0
3229,165,17,1,0.5333333333282576,0.0,31,0
3229,166,15,1,-0.46666666667180445,0.0,32,0
3229,167,13,1,-1.4666666666718582,0.0,33,0
3229,168,11,1,-2.4666666666719212,0.0,34,0
3229,169,9,1,-3.4666666666719843,0.0,35,0
3229,170,7,1,-4.466666666672037,0.0,36,0
3229,171,5,1,-5.466666666672088,0.0,37,0
3229,172,3,1,-6.466666666672147,0.0,38,0
3229,173,31,-1,-7.466666666672204,0.0,39,0
3229,174,29,-1,-8.466666666672255,0.0,40,0
3229,175,27,-1,-9.466666666672307,0.0,41,0
3229,176,25,-1,-10.466666666672364,0.0,42,0
3229,177,23,-1,-11.466666666672415,0.0,43,0
3229,178,21,-1,-12.466666666672474,0.0,44,0
3229,179,19,-1,-13.466666666672523,0.0,45,0
3229,180,17,-1,-14.466666666672582,0.0,46,0
3229,181,15,-1,-15.466666666672634,0.0,47,0
3229,182,13,-1,-16.46666666667269,0.0,48,0
3229,183,11,-1,-17.466666666672765,0.0,49,0
3229,184,9,-1,-18.466666666672833,0.0,50,0
3229,185,7,-1,-19.466666666672907,0.0,51,0
3229,186,5,-1,-20.466666666672975,0.0,52,0
3229,187,3,-1,-21.466666666673042,0.0,53,0
3229,188,1,-1,-22.466666666673117,0.0,54,0
