time_step,passenger_sequence,target_x,target_y,current_x,current_y,current_cell,state
3589,173,31,-1,13.36666666666109,0.0,19,0
3589,174,29,-1,12.433333333327704,0.0,20,0
3589,175,27,-1,11.49999999999432,0.0,21,0
3589,176,25,-1,10.566666666660929,0.0,21,0
3589,177,23,-1,9.633333333327544,0.0,22,0
3589,178,21,-1,8.699999999994152,0.0,23,0
3589,179,19,-1,7.766666666660768,0.0,24,0
3589,180,17,-1,6.833333333327376,0.0,25,0
3589,181,15,-1,5.899999999993991,0.0,26,0
3589,182,13,-1,4.966666666660608,0.0,27,0
3589,183,11,-1,4.033333333327215,0.0,28,0
3589,184,9,-1,3.0999999999938264,0.0,29,0
3589,185,7,-1,2.1666666666604315,0.0,30,0
3589,186,5,-1,1.2333333333270426,0.0,31,0
3589,187,3,-1,0.2999999999936543,0.0,32,0
3589,188,1,-1,-0.7000000000064063,0.0,33,0
