time_step,passenger_sequence,target_x,target_y,current_x,current_y,current_cell,state
3742,173,31,-1,28.66666666666126,0.0,3,0
3742,174,29,-1,27.73333333332786,0.0,4,0
3742,175,27,-1,26.599999999994452,0.0,5,2
3742,176,25,-1,24.566666666661032,0.0,7,2
