time_step,passenger_sequence,target_x,target_y,current_x,current_y,current_cell,state
3275,158,31,1,11.666666666661976,0.0,20,0
3275,159,29,1,10.733333333328591,0.0,21,0
3275,160,27,1,9.7999999999952,0.0,22,0
3275,161,25,1,8.866666666661809,0.0,23,0
3275,162,23,1,7.933333333328424,0.0,24,0
3275,163,21,1,6.9999999999950315,0.0,25,0
3275,164,19,1,6.066666666661641,0.0,26,0
3275,165,17,1,5.133333333328256,0.0,27,0
3275,166,15,1,4.199999999994864,0.0,28,0
3275,167,13,1,3.266666666661477,0.0,29,0
3275,168,11,1,2.333333333328081,0.0,30,0
3275,169,9,1,1.3999999999946848,0.0,31,0
3275,170,7,1,0.46666666666129775,0.0,32,0
3275,171,5,1,-0.5333333333387572,0.0,33,0
3275,172,3,1,-1.5333333333388195,0.0,34,0
3275,173,31,-1,-2.533333333338881,0.0,35,0
3275,174,29,-1,-3.533333333338937,0.0,36,0
3275,175,27,-1,-4.533333333338991,0.0,37,0
3275,176,25,-1,-5.533333333339048,0.0,38,0
3275,177,23,-1,-6.533333333339099,0.0,39,0
3275,178,21,-1,-7.533333333339158,0.0,40,0
3275,179,19,-1,-8.533333333339208,0.0,41,0
3275,180,17,-1,-9.533333333339266,0.0,42,0
3275,181,15,-1,-10.533333333339318,0.0,43,0
3275,182,13,-1,-11.533333333339367,0.0,44,0
3275,183,11,-1,-12.533333333339426,0.0,45,0
3275,184,9,-1,-13.533333333339478,0.0,46,0
3275,185,7,-1,-14.533333333339534,0.0,47,0
3275,186,5,-1,-15.533333333339586,0.0,48,0
3275,187,3,-1,-16.533333333339645,0.0,49,0
3275,188,1,-1,-17.53333333333972,0.0,50,0
