time_step,passenger_sequence,target_x,target_y,current_x,current_y,current_cell,state
3683,173,31,-1,22.766666666661177,0.0,9,0
3683,174,29,-1,21.833333333327776,0.0,10,0
3683,175,27,-1,20.89999999999437,0.0,11,0
3683,176,25,-1,19.966666666660966,0.0,12,0
3683,177,23,-1,19.033333333327565,0.0,13,0
3683,178,21,-1,18.099999999994154,0.0,14,0
3683,179,19,-1,17.166666666660756,0.0,15,0
3683,180,17,-1,16.233333333327348,0.0,16,0
3683,181,15,-1,14.59999999999396,0.0,17,2
3683,182,13,-1,12.56666666666058,0.0,499,3
