time_step,passenger_sequence,target_x,target_y,current_x,current_y,current_cell,state
2958,134,9,1,7.166666666663609,0.0,25,0
2958,136,11,1,4.699999999996823,0.0,27,0
2958,137,10,-1,4.866666666663425,0.0,27,0
2958,138,7,-1,2.8333333333300317,0.0,29,0
2958,139,10,1,1.8999999999966393,0.0,30,0
2958,140,2,-1,0.9666666666632374,0.0,31,0
2958,141,4,-1,0.03333333332984209,0.0,32,0
2958,142,3,1,-0.9666666666702198,0.0,33,0
2958,143,9,-1,-1.9666666666702812,0.0,34,0
2958,144,5,1,-2.966666666670348,0.0,35,0
2958,145,3,-1,-3.966666666670418,0.0,36,0
2958,146,11,-1,-4.966666666670475,0.0,37,0
2958,147,19,-1,-5.96666666667053,0.0,38,0
2958,148,14,-1,-6.966666666670596,0.0,39,0
2958,149,17,1,-7.966666666670653,0.0,40,0
2958,150,13,-1,-8.966666666670712,0.0,41,0
2958,151,12,-1,-9.96666666667077,0.0,42,0
2958,152,17,-1,-10.966666666670834,0.0,43,0
2958,153,18,-1,-11.9666666666709,0.0,44,0
2958,154,15,-1,-12.966666666670958,0.0,45,0
2958,155,15,1,-13.966666666671015,0.0,46,0
2958,156,16,1,-14.966666666671074,0.0,47,0
2958,157,18,1,-15.966666666671133,0.0,48,0
2958,158,12,1,-16.966666666671205,0.0,49,0
2958,159,20,-1,-17.96666666667128,0.0,50,0
2958,160,14,1,-18.96666666667136,0.0,51,0
2958,161,16,-1,-19.966666666671436,0.0,52,0
2958,162,21,1,-20.96666666667151,0.0,53,0
2958,163,13,1,-21.966666666671586,0.0,54,0
2958,164,21,-1,-22.96666666667166,0.0,55,0
2958,165,20,1,-23.966666666671735,0.0,56,0
2958,166,19,1,-24.96666666667181,0.0,57,0
2958,167,26,-1,-25.966666666671884,0.0,58,0
2958,168,32,-1,-26.96666666667196,0.0,59,0
2958,169,23,1,-27.966666666672033,0.0,60,0
2958,170,30,-1,-28.966666666672108,0.0,61,0
2958,171,22,-1,-29.966666666672182,0.0,62,0
2958,172,32,1,-30.966666666672257,0.0,63,0
2958,173,24,-1,-31.96666666667233,0.0,64,0
2958,174,27,-1,-32.96666666667241,0.0,65,0
2958,175,22,1,-33.96666666667248,0.0,66,0
2958,176,23,-1,-34.96666666667256,0.0,67,0
2958,177,26,1,-35.96666666667264,0.0,68,0
2958,178,28,-1,-36.966666666672715,0.0,69,0
2958,179,25,-1,-37.966666666672786,0.0,70,0
2958,180,30,1,-38.966666666672864,0.0,71,0
2958,181,28,1,-39.96666666667294,0.0,72,0
2958,182,24,1,-40.96666666667302,0.0,73,0
2958,183,25,1,-41.96666666667309,0.0,74,0
2958,184,31,1,-42.96666666667317,0.0,75,0
2958,185,29,-1,-43.96666666667324,0.0,76,0
2958,186,27,1,-44.96666666667332,0.0,77,0
2958,187,29,1,-45.9666666666734,0.0,78,0
2958,188,31,-1,-46.96666666667347,0.0,79,0
