time_step,passenger_sequence,target_x,target_y,current_x,current_y,current_cell,state
2957,134,9,1,7.066666666663609,0.0,25,0
2957,136,11,1,4.5999999999968235,0.0,27,0
2957,137,10,-1,4.766666666663426,0.0,27,0
2957,138,7,-1,2.7333333333300316,0.0,29,0
2957,139,10,1,1.7999999999966392,0.0,30,0
2957,140,2,-1,0.8666666666632374,0.0,31,0
2957,141,4,-1,-0.06666666667015791,0.0,32,0
2957,142,3,1,-1.0666666666702198,0.0,33,0
2957,143,9,-1,-2.0666666666702813,0.0,34,0
2957,144,5,1,-3.066666666670348,0.0,35,0
2957,145,3,-1,-4.066666666670418,0.0,36,0
2957,146,11,-1,-5.066666666670475,0.0,37,0
2957,147,19,-1,-6.06666666667053,0.0,38,0
2957,148,14,-1,-7.066666666670596,0.0,39,0
2957,149,17,1,-8.066666666670653,0.0,40,0
2957,150,13,-1,-9.066666666670711,0.0,41,0
2957,151,12,-1,-10.06666666667077,0.0,42,0
2957,152,17,-1,-11.066666666670834,0.0,43,0
2957,153,18,-1,-12.0666666666709,0.0,44,0
2957,154,15,-1,-13.066666666670958,0.0,45,0
2957,155,15,1,-14.066666666671015,0.0,46,0
2957,156,16,1,-15.066666666671074,0.0,47,0
2957,157,18,1,-16.066666666671132,0.0,48,0
2957,158,12,1,-17.066666666671207,0.0,49,0
2957,159,20,-1,-18.06666666667128,0.0,50,0
2957,160,14,1,-19.066666666671363,0.0,51,0
2957,161,16,-1,-20.066666666671438,0.0,52,0
2957,162,21,1,-21.066666666671512,0.0,53,0
2957,163,13,1,-22.066666666671587,0.0,54,0
2957,164,21,-1,-23.06666666667166,0.0,55,0
2957,165,20,1,-24.066666666671736,0.0,56,0
2957,166,19,1,-25.06666666667181,0.0,57,0
2957,167,26,-1,-26.066666666671885,0.0,58,0
2957,168,32,-1,-27.06666666667196,0.0,59,0
2957,169,23,1,-28.066666666672035,0.0,60,0
2957,170,30,-1,-29.06666666667211,0.0,61,0
2957,171,22,-1,-30.066666666672184,0.0,62,0
2957,172,32,1,-31.06666666667226,0.0,63,0
2957,173,24,-1,-32.06666666667233,0.0,64,0
2957,174,27,-1,-33.06666666667241,0.0,65,0
2957,175,22,1,-34.06666666667248,0.0,66,0
2957,176,23,-1,-35.06666666667256,0.0,67,0
2957,177,26,1,-36.06666666667264,0.0,68,0
2957,178,28,-1,-37.06666666667272,0.0,69,0
2957,179,25,-1,-38.06666666667279,0.0,70,0
2957,180,30,1,-39.066666666672866,0.0,71,0
2957,181,28,1,-40.066666666672944,0.0,72,0
2957,182,24,1,-41.06666666667302,0.0,73,0
2957,183,25,1,-42.06666666667309,0.0,74,0
2957,184,31,1,-43.06666666667317,0.0,75,0
2957,185,29,-1,-44.06666666667324,0.0,76,0
2957,186,27,1,-45.06666666667332,0.0,77,0
2957,187,29,1,-46.0666666666734,0.0,78,0
2957,188,31,-1,-47.06666666667347,0.0,79,0
