time_step,passenger_sequence,target_x,target_y,current_x,current_y,current_cell,state
3811,167,26,-1,22.36666666666159,0.0,10,0
3811,168,32,-1,21.433333333328182,0.0,11,0
3811,169,23,1,18.799999999994746,0.0,13,0
3811,170,30,-1,19.566666666661366,0.0,12,0
3811,171,22,-1,16.933333333327933,0.0,15,0
3811,172,32,1,15.999999999994523,0.0,16,0
3811,173,24,-1,16.366666666661136,0.0,16,0
3811,174,27,-1,14.23333333332774,0.0,18,0
3811,175,22,1,13.699999999994354,0.0,18,0
3811,176,23,-1,12.266666666660965,0.0,20,0
3811,177,26,1,12.633333333327569,0.0,19,0
3811,178,28,-1,12.199999999994175,0.0,20,0
3811,179,25,-1,11.166666666660792,0.0,21,0
3811,180,30,1,8.533333333327406,0.0,23,0
3811,181,28,1,7.599999999994013,0.0,24,0
3811,182,24,1,6.666666666660623,0.0,25,0
3811,183,25,1,5.733333333327238,0.0,26,0
3811,184,31,1,4.799999999993846,0.0,27,0
3811,185,29,-1,3.8666666666604614,0.0,28,0
3811,186,27,1,2.9333333333270653,0.0,29,0
3811,187,29,1,1.9999999999936693,0.0,30,0
3811,188,31,-1,1.0666666666602815,0.0,31,0
