time_step,passenger_sequence,target_x,target_y,current_x,current_y,current_cell,state
3254,146,11,-1,9.36666666666284,0.0,23,0
3254,147,19,-1,8.433333333329452,0.0,24,0
3254,148,14,-1,7.499999999996053,0.0,25,0
3254,149,17,1,6.5666666666626625,0.0,25,0
3254,150,13,-1,5.63333333332927,0.0,26,0
3254,151,12,-1,4.699999999995878,0.0,27,0
3254,152,17,-1,3.7666666666624793,0.0,28,0
3254,153,18,-1,2.833333333329076,0.0,29,0
3254,154,15,-1,1.89999999999568,0.0,30,0
3254,155,15,1,0.9666666666622853,0.0,31,0
3254,156,16,1,0.033333333328889964,0.0,32,0
3254,157,18,1,-0.966666666671172,0.0,33,0
3254,158,12,1,-1.9666666666712334,0.0,34,0
3254,159,20,-1,-2.9666666666712964,0.0,35,0
3254,160,14,1,-3.9666666666713666,0.0,36,0
3254,161,16,-1,-4.966666666671424,0.0,37,0
3254,162,21,1,-5.9666666666714825,0.0,38,0
3254,163,13,1,-6.966666666671541,0.0,39,0
3254,164,21,-1,-7.966666666671598,0.0,40,0
3254,165,20,1,-8.966666666671657,0.0,41,0
3254,166,19,1,-9.966666666671715,0.0,42,0
3254,167,26,-1,-10.966666666671772,0.0,43,0
3254,168,32,-1,-11.96666666667183,0.0,44,0
3254,169,23,1,-12.96666666667189,0.0,45,0
3254,170,30,-1,-13.966666666671946,0.0,46,0
3254,171,22,-1,-14.966666666672005,0.0,47,0
3254,172,32,1,-15.966666666672063,0.0,48,0
3254,173,24,-1,-16.966666666672136,0.0,49,0
3254,174,27,-1,-17.96666666667221,0.0,50,0
3254,175,22,1,-18.96666666667228,0.0,51,0
3254,176,23,-1,-19.966666666672353,0.0,52,0
3254,177,26,1,-20.966666666672428,0.0,53,0
3254,178,28,-1,-21.966666666672502,0.0,54,0
3254,179,25,-1,-22.96666666667257,0.0,55,0
3254,180,30,1,-23.966666666672644,0.0,56,0
3254,181,28,1,-24.96666666667272,0.0,57,0
3254,182,24,1,-25.966666666672793,0.0,58,0
3254,183,25,1,-26.96666666667286,0.0,59,0
3254,184,31,1,-27.966666666672936,0.0,60,0
3254,185,29,-1,-28.966666666673003,0.0,61,0
3254,186,27,1,-29.966666666673078,0.0,62,0
3254,187,29,1,-30.966666666673152,0.0,63,0
3254,188,31,-1,-31.96666666667322,0.0,64,0
