time_step,passenger_sequence,target_x,target_y,current_x,current_y,current_cell,state
3349,147,19,-1,16.23333333332943,0.0,16,0
3349,148,14,-1,13.599999999996031,0.0,18,3
3349,149,17,1,12.66666666666264,0.0,19,0
3349,150,13,-1,11.733333333329249,0.0,20,0
3349,151,12,-1,10.799999999995856,0.0,21,0
3349,152,17,-1,9.866666666662459,0.0,22,0
3349,153,18,-1,8.93333333332906,0.0,23,0
3349,154,15,-1,7.9999999999956675,0.0,24,0
3349,155,15,1,7.066666666662277,0.0,25,0
3349,156,16,1,6.133333333328885,0.0,26,0
3349,157,18,1,5.199999999995493,0.0,27,0
3349,158,12,1,4.266666666662102,0.0,28,0
3349,159,20,-1,3.333333333328707,0.0,29,0
3349,160,14,1,2.3999999999953037,0.0,30,0
3349,161,16,-1,1.466666666661909,0.0,31,0
3349,162,21,1,0.5333333333285134,0.0,31,0
3349,163,13,1,-0.46666666667154866,0.0,32,0
3349,164,21,-1,-1.4666666666716095,0.0,33,0
3349,165,20,1,-2.4666666666716726,0.0,34,0
3349,166,19,1,-3.4666666666717356,0.0,35,0
3349,167,26,-1,-4.466666666671795,0.0,36,0
3349,168,32,-1,-5.466666666671854,0.0,37,0
3349,169,23,1,-6.466666666671912,0.0,38,0
3349,170,30,-1,-7.466666666671969,0.0,39,0
3349,171,22,-1,-8.466666666672028,0.0,40,0
3349,172,32,1,-9.466666666672086,0.0,41,0
3349,173,24,-1,-10.466666666672143,0.0,42,0
3349,174,27,-1,-11.466666666672202,0.0,43,0
3349,175,22,1,-12.466666666672253,0.0,44,0
3349,176,23,-1,-13.46666666667231,0.0,45,0
3349,177,26,1,-14.466666666672369,0.0,46,0
3349,178,28,-1,-15.466666666672428,0.0,47,0
3349,179,25,-1,-16.466666666672484,0.0,48,0
3349,180,30,1,-17.46666666667256,0.0,49,0
3349,181,28,1,-18.466666666672634,0.0,50,0
3349,182,24,1,-19.466666666672708,0.0,51,0
3349,183,25,1,-20.466666666672776,0.0,52,0
3349,184,31,1,-21.46666666667285,0.0,53,0
3349,185,29,-1,-22.466666666672918,0.0,54,0
3349,186,27,1,-23.466666666672992,0.0,55,0
3349,187,29,1,-24.466666666673067,0.0,56,0
3349,188,31,-1,-25.466666666673135,0.0,57,0
