time_step,passenger_sequence,target_x,target_y,current_x,current_y,current_cell,state
3718,162,21,1,20.53333333332854,0.0,499,3
3718,164,21,-1,19.366666666661732,0.0,13,0
3718,165,20,1,18.23333333332832,0.0,14,0
3718,166,19,1,16.899999999994904,0.0,15,0
3718,167,26,-1,16.566666666661508,0.0,15,0
3718,168,32,-1,15.633333333328105,0.0,16,0
3718,169,23,1,12.999999999994719,0.0,19,0
3718,170,30,-1,13.766666666661322,0.0,18,0
3718,171,22,-1,11.133333333327936,0.0,21,0
3718,172,32,1,10.199999999994544,0.0,22,0
3718,173,24,-1,9.266666666661154,0.0,23,0
3718,174,27,-1,8.333333333327761,0.0,24,0
3718,175,22,1,7.399999999994376,0.0,25,0
3718,176,23,-1,6.466666666660986,0.0,26,0
3718,177,26,1,5.533333333327594,0.0,26,0
3718,178,28,-1,4.599999999994202,0.0,27,0
3718,179,25,-1,5.366666666660812,0.0,27,0
3718,180,30,1,2.7333333333274203,0.0,29,0
3718,181,28,1,1.7999999999940244,0.0,30,0
3718,182,24,1,0.8666666666606297,0.0,31,0
3718,183,25,1,-0.0666666666727585,0.0,32,0
3718,184,31,1,-1.0666666666728204,0.0,33,0
3718,185,29,-1,-2.066666666672875,0.0,34,0
3718,186,27,1,-3.066666666672938,0.0,35,0
3718,187,29,1,-4.066666666673001,0.0,36,0
3718,188,31,-1,-5.066666666673051,0.0,37,0
