time_step,passenger_sequence,target_x,target_y,current_x,current_y,current_cell,state
3619,159,20,-1,19.03333333332871,0.0,13,0
3619,161,16,-1,15.46666666666187,0.0,17,0
3619,162,21,1,14.533333333328478,0.0,17,0
3619,163,13,1,12.59999999999509,0.0,19,2
3619,164,21,-1,11.5666666666617,0.0,20,1
3619,165,20,1,10.633333333328308,0.0,21,1
3619,166,19,1,10.799999999994911,0.0,21,0
3619,167,26,-1,8.766666666661525,0.0,23,1
3619,168,32,-1,9.533333333328127,0.0,22,1
3619,169,23,1,6.899999999994741,0.0,25,1
3619,170,30,-1,7.666666666661344,0.0,24,1
3619,171,22,-1,5.033333333327958,0.0,27,1
3619,172,32,1,4.099999999994566,0.0,28,1
3619,173,24,-1,3.1666666666611714,0.0,29,1
3619,174,27,-1,2.233333333327775,0.0,30,1
3619,175,22,1,1.2999999999943863,0.0,31,1
3619,176,23,-1,0.36666666666099224,0.0,32,1
3619,177,26,1,-0.6333333333390698,0.0,33,1
3619,178,28,-1,-1.6333333333391322,0.0,34,1
3619,179,25,-1,-2.633333333339187,0.0,35,1
3619,180,30,1,-3.63333333333925,0.0,36,1
3619,181,28,1,-4.63333333333931,0.0,37,1
3619,182,24,1,-5.633333333339367,0.0,38,1
3619,183,25,1,-6.633333333339419,0.0,39,1
3619,184,31,1,-7.633333333339477,0.0,40,1
3619,185,29,-1,-8.633333333339527,0.0,41,1
3619,186,27,1,-9.633333333339586,0.0,42,1
3619,187,29,1,-10.633333333339644,0.0,43,1
3619,188,31,-1,-11.633333333339694,0.0,44,1
