time_step,passenger_sequence,target_x,target_y,current_x,current_y,current_cell,state
3864,168,32,-1,25.033333333328233,0.0,7,0
3864,169,23,1,22.399999999994797,0.0,10,0
3864,170,30,-1,23.166666666661417,0.0,9,0
3864,171,22,-1,20.533333333327985,0.0,11,0
3864,172,32,1,21.299999999994597,0.0,11,0
3864,173,24,-1,19.966666666661187,0.0,12,0
3864,174,27,-1,19.533333333327786,0.0,12,0
3864,175,22,1,17.299999999994363,0.0,15,0
3864,176,23,-1,17.566666666660975,0.0,14,0
3864,177,26,1,16.23333333332756,0.0,16,0
3864,178,28,-1,15.799999999994162,0.0,16,0
3864,179,25,-1,14.766666666660779,0.0,17,0
3864,180,30,1,12.133333333327393,0.0,20,0
3864,181,28,1,11.199999999994,0.0,21,0
3864,182,24,1,10.26666666666061,0.0,22,0
3864,183,25,1,9.333333333327225,0.0,23,0
3864,184,31,1,8.399999999993833,0.0,24,0
3864,185,29,-1,7.4666666666604495,0.0,25,0
3864,186,27,1,6.533333333327057,0.0,25,0
3864,187,29,1,5.599999999993665,0.0,26,0
3864,188,31,-1,4.666666666660282,0.0,27,0
