time_step,passenger_sequence,target_x,target_y,current_x,current_y,current_cell,state
3207,146,11,-1,4.666666666662858,0.0,27,0
3207,147,19,-1,3.7333333333294676,0.0,28,0
3207,148,14,-1,2.7999999999960643,0.0,29,0
3207,149,17,1,1.8666666666626697,0.0,30,0
3207,150,13,-1,0.9333333333292736,0.0,31,0
3207,151,12,-1,-4.121730734496509e-12,0.0,32,0
3207,152,17,-1,-1.0000000000041893,0.0,33,0
3207,153,18,-1,-2.0000000000042593,0.0,34,0
3207,154,15,-1,-3.0000000000043223,0.0,35,0
3207,155,15,1,-4.000000000004384,0.0,36,0
3207,156,16,1,-5.000000000004443,0.0,37,0
3207,157,18,1,-6.000000000004501,0.0,38,0
3207,158,12,1,-7.000000000004558,0.0,39,0
3207,159,20,-1,-8.000000000004617,0.0,40,0
3207,160,14,1,-9.000000000004682,0.0,41,0
3207,161,16,-1,-10.00000000000474,0.0,42,0
3207,162,21,1,-11.000000000004798,0.0,43,0
3207,163,13,1,-12.000000000004857,0.0,44,0
3207,164,21,-1,-13.000000000004913,0.0,45,0
3207,165,20,1,-14.000000000004972,0.0,46,0
3207,166,19,1,-15.00000000000503,0.0,47,0
3207,167,26,-1,-16.000000000005087,0.0,48,0
3207,168,32,-1,-17.000000000005162,0.0,49,0
3207,169,23,1,-18.000000000005237,0.0,50,0
3207,170,30,-1,-19.00000000000531,0.0,51,0
3207,171,22,-1,-20.000000000005386,0.0,52,0
3207,172,32,1,-21.00000000000546,0.0,53,0
3207,173,24,-1,-22.000000000005535,0.0,54,0
3207,174,27,-1,-23.00000000000561,0.0,55,0
3207,175,22,1,-24.000000000005677,0.0,56,0
3207,176,23,-1,-25.000000000005752,0.0,57,0
3207,177,26,1,-26.000000000005826,0.0,58,0
3207,178,28,-1,-27.0000000000059,0.0,59,0
3207,179,25,-1,-28.00000000000597,0.0,60,0
3207,180,30,1,-29.000000000006043,0.0,61,0
3207,181,28,1,-30.000000000006118,0.0,62,0
3207,182,24,1,-31.000000000006192,0.0,63,0
3207,183,25,1,-32.00000000000626,0.0,64,0
3207,184,31,1,-33.00000000000634,0.0,65,0
3207,185,29,-1,-34.00000000000641,0.0,66,0
3207,186,27,1,-35.00000000000649,0.0,67,0
3207,187,29,1,-36.000000000006565,0.0,68,0
3207,188,31,-1,-37.00000000000664,0.0,69,0
