time_step,passenger_sequence,target_x,target_y,current_x,current_y,current_cell,state
4151,180,30,1,27.633333333327545,0.0,4,0
4151,181,28,1,25.299999999994114,0.0,7,0
4151,182,24,1,23.566666666660698,0.0,8,2
4151,183,25,1,24.533333333327324,0.0,7,2
4151,184,31,1,22.199999999993892,0.0,10,0
4151,185,29,-1,22.36666666666051,0.0,10,1
4151,186,27,1,20.63333333332709,0.0,11,1
4151,187,29,1,18.699999999993665,0.0,13,1
4151,188,31,-1,16.866666666660254,0.0,15,1
