time_step,passenger_sequence,target_x,target_y,current_x,current_y,current_cell,state
4080,178,28,-1,25.09999999999429,0.0,7,0
4080,179,25,-1,24.06666666666089,0.0,8,0
4080,180,30,1,23.933333333327493,0.0,8,0
4080,181,28,1,21.59999999999406,0.0,10,0
4080,182,24,1,20.566666666660655,0.0,11,0
4080,183,25,1,19.43333333332725,0.0,13,0
4080,184,31,1,18.49999999999384,0.0,14,0
4080,185,29,-1,17.766666666660445,0.0,14,0
4080,186,27,1,17.73333333332705,0.0,14,0
4080,187,29,1,15.799999999993629,0.0,16,0
4080,188,31,-1,13.966666666660249,0.0,18,0
