time_step,passenger_sequence,target_x,target_y,current_x,current_y,current_cell,state
4130,180,30,1,25.533333333327516,0.0,6,0
4130,181,28,1,23.199999999994084,0.0,9,0
4130,182,24,1,22.166666666660678,0.0,10,0
4130,183,25,1,22.733333333327298,0.0,9,0
4130,184,31,1,20.099999999993862,0.0,12,0
4130,185,29,-1,21.066666666660492,0.0,11,0
4130,186,27,1,19.333333333327072,0.0,13,0
4130,187,29,1,17.399999999993646,0.0,15,0
4130,188,31,-1,15.566666666660243,0.0,16,0
