time_step,passenger_sequence,target_x,target_y,current_x,current_y,current_cell,state
4218,184,31,1,25.49999999999394,0.0,7,0
4218,185,29,-1,24.36666666666054,0.0,8,0
4218,186,27,1,22.63333333332712,0.0,9,0
4218,187,29,1,20.699999999993693,0.0,11,0
4218,188,31,-1,18.866666666660283,0.0,13,0
