time_step,passenger_sequence,target_x,target_y,current_x,current_y,current_cell,state
4254,184,31,1,29.366666666660656,0.0,3,0
4254,185,29,-1,27.96666666666059,0.0,4,0
4254,186,27,1,26.23333333332717,0.0,6,0
4254,187,29,1,24.299999999993744,0.0,8,0
4254,188,31,-1,22.466666666660334,0.0,10,0
