time_step,passenger_sequence,target_x,target_y,current_x,current_y,current_cell,state
4301,149,32,-3,18.033333333329292,0.0,14,0
4301,151,24,-3,13.966666666662473,0.0,18,0
4301,154,19,-2,10.066666666662295,0.0,22,0
4301,156,29,-2,8.599999999995509,0.0,23,0
4301,157,11,2,6.666666666662122,0.0,25,0
4301,159,18,-3,4.699999999995331,0.0,27,0
4301,160,25,-3,3.666666666661939,0.0,28,0
4301,161,29,1,2.733333333328543,0.0,29,0
4301,162,17,-1,1.799999999995147,0.0,30,0
4301,163,21,3,0.8666666666617524,0.0,31,0
4301,164,13,-1,-0.06666666667164295,0.0,32,0
4301,165,17,-2,-1.0666666666717048,0.0,33,0
4301,166,22,1,-2.0666666666717592,0.0,34,0
4301,167,17,1,-3.0666666666718223,0.0,35,0
4301,168,22,2,-4.066666666671885,0.0,36,0
4301,169,24,3,-5.066666666671942,0.0,37,0
4301,170,9,2,-6.066666666672001,0.0,38,0
4301,171,3,2,-7.0666666666720594,0.0,39,0
4301,172,22,-2,-8.06666666667211,0.0,40,0
4301,173,4,-2,-9.066666666672168,0.0,41,0
4301,174,19,-1,-10.066666666672226,0.0,42,0
4301,175,25,-2,-11.066666666672276,0.0,43,0
4301,176,27,2,-12.066666666672335,0.0,44,0
4301,177,2,-2,-13.066666666672393,0.0,45,0
4301,178,28,2,-14.06666666667245,0.0,46,0
4301,179,6,-3,-15.066666666672502,0.0,47,0
4301,180,32,3,-16.06666666667256,0.0,48,0
4301,181,15,3,-17.066666666672628,0.0,49,0
4301,182,29,2,-18.066666666672702,0.0,50,0
4301,183,2,3,-19.066666666672777,0.0,51,0
4301,184,18,3,-20.066666666672845,0.0,52,0
4301,185,15,-3,-21.06666666667292,0.0,53,0
4301,186,11,-3,-22.066666666672987,0.0,54,0
4301,187,3,-2,-23.06666666667306,0.0,55,0
4301,188,18,1,-24.06666666667313,0.0,56,0
