time_step,passenger_sequence,target_x,target_y,current_x,current_y,current_cell,state
5128,178,28,2,26.46666666666096,0.0,6,0
5128,180,32,3,24.599999999994147,0.0,7,0
5128,182,29,2,17.933333333327273,0.0,14,0
5128,185,15,-3,14.533333333327072,0.0,17,2
5128,188,18,1,9.33333333332692,0.0,23,1
