time_step,passenger_sequence,target_x,target_y,current_x,current_y,current_cell,state
5061,176,27,2,23.433333333327706,0.0,9,0
5061,178,28,2,21.46666666666089,0.0,11,0
5061,180,32,3,19.599999999994075,0.0,12,0
5061,182,29,2,15.133333333327247,0.0,17,0
5061,184,18,3,17.566666666660485,0.0,14,2
5061,185,15,-3,13.433333333327075,0.0,19,1
5061,188,18,1,8.333333333326923,0.0,24,1
