time_step,passenger_sequence,target_x,target_y,current_x,current_y,current_cell,state
5048,176,27,2,22.133333333327688,0.0,10,0
5048,178,28,2,20.16666666666087,0.0,12,0
5048,180,32,3,18.299999999994057,0.0,14,0
5048,182,29,2,13.833333333327252,0.0,18,0
5048,184,18,3,16.266666666660466,0.0,16,0
5048,185,15,-3,12.23333333332708,0.0,20,0
5048,188,18,1,7.133333333326927,0.0,25,0
