time_step,passenger_sequence,target_x,target_y,current_x,current_y,current_cell,state
5164,180,32,3,26.29999999999417,0.0,6,0
5164,182,29,2,19.633333333327297,0.0,12,0
5164,188,18,1,10.333333333326916,0.0,22,0
