time_step,passenger_sequence,target_x,target_y,current_x,current_y,current_cell,state
2913,135,11,-2,5.566666666663583,0.0,26,0
2913,136,8,-1,3.4999999999968536,0.0,29,0
2913,137,6,2,2.233333333330126,0.0,30,0
2913,138,5,-2,1.2999999999967318,0.0,31,0
2913,139,8,-3,0.299999999996676,0.0,32,0
2913,140,9,3,-0.7000000000033862,0.0,33,0
2913,141,9,-3,-1.76666666667011,0.0,34,0
2913,142,4,-1,-2.766666666670173,0.0,35,0
2913,143,8,1,-3.8333333333369035,0.0,36,0
2913,144,10,-2,-4.833333333336965,0.0,37,0
2913,145,7,-2,-5.833333333337016,0.0,38,0
2913,146,6,-1,-6.966666666670411,0.0,39,0
2913,147,1,-2,-7.966666666670463,0.0,40,0
2913,148,8,3,-8.966666666670525,0.0,41,0
2913,149,7,3,-9.966666666670585,0.0,42,0
2913,150,7,-3,-11.100000000003977,0.0,43,0
2913,151,4,1,-12.100000000004039,0.0,44,0
2913,152,3,-2,-13.166666666670773,0.0,45,0
2913,153,9,-1,-14.16666666667083,0.0,46,0
2913,154,10,-1,-15.233333333337557,0.0,47,0
2913,155,11,1,-16.366666666670948,0.0,48,0
2913,156,5,2,-17.36666666667103,0.0,49,0
2913,157,8,2,-18.500000000004437,0.0,51,0
2913,158,5,1,-19.500000000004512,0.0,52,0
2913,159,1,-3,-20.56666666667126,0.0,53,0
2913,160,10,3,-21.70000000000467,0.0,54,0
2913,161,7,1,-22.700000000004746,0.0,55,0
2913,162,7,2,-23.76666666667148,0.0,56,0
2913,163,10,-3,-24.766666666671558,0.0,57,0
2913,164,5,3,-25.766666666671632,0.0,58,0
2913,165,2,1,-26.766666666671707,0.0,59,0
2913,166,5,-1,-27.833333333338448,0.0,60,0
2913,167,6,-3,-28.833333333338523,0.0,61,0
2913,168,6,3,-29.8333333333386,0.0,62,0
2913,169,11,-3,-30.90000000000534,0.0,63,0
2913,170,4,-2,-31.900000000005413,0.0,64,0
2913,171,2,-2,-32.96666666667216,0.0,65,0
2913,172,10,2,-33.96666666667224,0.0,66,0
2913,173,3,2,-34.96666666667232,0.0,67,0
2913,174,2,-3,-35.966666666672396,0.0,68,0
2913,175,7,-1,-36.966666666672474,0.0,69,0
2913,176,4,-3,-37.96666666667255,0.0,70,0
2913,177,1,-1,-38.96666666667263,0.0,71,0
2913,178,11,-1,-40.10000000000605,0.0,72,0
2913,179,10,1,-41.100000000006126,0.0,73,0
2913,180,11,2,-42.10000000000621,0.0,74,0
2913,181,8,-2,-43.10000000000628,0.0,75,0
2913,182,9,2,-44.10000000000636,0.0,76,0
2913,183,2,-1,-45.10000000000644,0.0,77,0
2913,184,2,3,-46.10000000000652,0.0,78,0
2913,185,11,3,-47.166666666673265,0.0,79,0
2913,186,3,-3,-48.166666666673336,0.0,80,0
2913,187,3,1,-49.166666666673414,0.0,81,0
2913,188,4,3,-50.16666666667349,0.0,82,0
