time_step,passenger_sequence,target_x,target_y,current_x,current_y,current_cell,state
2882,134,6,1,4.299999999996969,0.0,28,0
2882,135,11,-2,2.699999999996914,0.0,29,0
2882,136,8,-1,1.7666666666635182,0.0,30,0
2882,137,6,2,0.8333333333301253,0.0,31,0
2882,138,5,-2,-0.1666666666699351,0.0,32,0
2882,139,8,-3,-1.2333333333366574,0.0,33,0
2882,140,9,3,-2.2333333333367205,0.0,34,0
2882,141,9,-3,-3.300000000003445,0.0,35,0
2882,142,4,-1,-4.43333333333684,0.0,36,0
2882,143,8,1,-5.433333333336899,0.0,37,0
2882,144,10,-2,-6.433333333336959,0.0,38,0
2882,145,7,-2,-7.500000000003677,0.0,40,0
2882,146,6,-1,-8.700000000003739,0.0,41,0
2882,147,1,-2,-9.70000000000379,0.0,42,0
2882,148,8,3,-10.766666666670519,0.0,43,0
2882,149,7,3,-11.766666666670579,0.0,44,0
2882,150,7,-3,-12.833333333337304,0.0,45,0
2882,151,4,1,-13.900000000004033,0.0,46,0
2882,152,3,-2,-14.9000000000041,0.0,47,0
2882,153,9,-1,-15.966666666670823,0.0,48,0
2882,154,10,-1,-16.966666666670896,0.0,49,0
2882,155,11,1,-18.033333333337634,0.0,50,0
2882,156,5,2,-19.100000000004382,0.0,51,0
2882,157,8,2,-20.100000000004457,0.0,52,0
2882,158,5,1,-21.166666666671198,0.0,53,0
2882,159,1,-3,-22.16666666667128,0.0,54,0
2882,160,10,3,-23.233333333338024,0.0,55,0
2882,161,7,1,-24.2333333333381,0.0,56,0
2882,162,7,2,-25.3666666666715,0.0,57,0
2882,163,10,-3,-26.366666666671577,0.0,58,0
2882,164,5,3,-27.36666666667165,0.0,59,0
2882,165,2,1,-28.433333333338393,0.0,60,0
2882,166,5,-1,-29.500000000005134,0.0,62,0
2882,167,6,-3,-30.50000000000521,0.0,63,0
2882,168,6,3,-31.500000000005286,0.0,64,0
2882,169,11,-3,-32.500000000005365,0.0,65,0
2882,170,4,-2,-33.50000000000544,0.0,66,0
2882,171,2,-2,-34.56666666667219,0.0,67,0
2882,172,10,2,-35.56666666667227,0.0,68,0
2882,173,3,2,-36.56666666667235,0.0,69,0
2882,174,2,-3,-37.566666666672425,0.0,70,0
2882,175,7,-1,-38.5666666666725,0.0,71,0
2882,176,4,-3,-39.63333333333925,0.0,72,0
2882,177,1,-1,-40.63333333333933,0.0,73,0
2882,178,11,-1,-41.70000000000608,0.0,74,0
2882,179,10,1,-42.700000000006156,0.0,75,0
2882,180,11,2,-43.70000000000624,0.0,76,0
2882,181,8,-2,-44.70000000000631,0.0,77,0
2882,182,9,2,-45.70000000000639,0.0,78,0
2882,183,2,-1,-46.70000000000647,0.0,79,0
2882,184,2,3,-47.70000000000655,0.0,80,0
2882,185,11,3,-48.766666666673295,0.0,81,0
2882,186,3,-3,-49.766666666673366,0.0,82,0
2882,187,3,1,-50.766666666673444,0.0,83,0
2882,188,4,3,-51.76666666667352,0.0,84,0
