time_step,passenger_sequence,target_x,target_y,current_x,current_y,current_cell,state
2859,132,9,-2,8.19999999999708,0.0,24,0
2859,134,6,1,3.1666666666636347,0.0,29,0
2859,135,11,-2,2.0999999999969137,0.0,30,0
2859,136,8,-1,1.1666666666635177,0.0,31,0
2859,137,6,2,0.09999999999679199,0.0,32,0
2859,138,5,-2,-0.9000000000032683,0.0,33,0
2859,139,8,-3,-1.9666666666699912,0.0,34,0
2859,140,9,3,-2.9666666666700547,0.0,35,0
2859,141,9,-3,-3.9666666666701125,0.0,36,0
2859,142,4,-1,-5.100000000003504,0.0,37,0
2859,143,8,1,-6.100000000003563,0.0,38,0
2859,144,10,-2,-7.100000000003623,0.0,39,0
2859,145,7,-2,-8.166666666670341,0.0,40,0
2859,146,6,-1,-9.300000000003736,0.0,41,0
2859,147,1,-2,-10.366666666670454,0.0,42,0
2859,148,8,3,-11.433333333337183,0.0,43,0
2859,149,7,3,-12.50000000000391,0.0,45,0
2859,150,7,-3,-13.566666666670635,0.0,46,0
2859,151,4,1,-14.70000000000403,0.0,47,0
2859,152,3,-2,-15.700000000004097,0.0,48,0
2859,153,9,-1,-16.700000000004163,0.0,49,0
2859,154,10,-1,-17.766666666670904,0.0,50,0
2859,155,11,1,-18.766666666670975,0.0,51,0
2859,156,5,2,-19.90000000000439,0.0,52,0
2859,157,8,2,-20.900000000004464,0.0,53,0
2859,158,5,1,-21.966666666671205,0.0,54,0
2859,159,1,-3,-22.966666666671287,0.0,55,0
2859,160,10,3,-23.966666666671365,0.0,56,0
2859,161,7,1,-24.96666666667144,0.0,57,0
2859,162,7,2,-26.033333333338174,0.0,58,0
2859,163,10,-3,-27.033333333338252,0.0,59,0
2859,164,5,3,-28.033333333338327,0.0,60,0
2859,165,2,1,-29.100000000005068,0.0,61,0
2859,166,5,-1,-30.100000000005142,0.0,62,0
2859,167,6,-3,-31.100000000005217,0.0,63,0
2859,168,6,3,-32.100000000005295,0.0,64,0
2859,169,11,-3,-33.10000000000537,0.0,65,0
2859,170,4,-2,-34.10000000000545,0.0,66,0
2859,171,2,-2,-35.1666666666722,0.0,67,0
2859,172,10,2,-36.16666666667228,0.0,68,0
2859,173,3,2,-37.166666666672356,0.0,69,0
2859,174,2,-3,-38.166666666672434,0.0,70,0
2859,175,7,-1,-39.16666666667251,0.0,71,0
2859,176,4,-3,-40.23333333333926,0.0,72,0
2859,177,1,-1,-41.23333333333934,0.0,73,0
2859,178,11,-1,-42.30000000000609,0.0,74,0
2859,179,10,1,-43.300000000006165,0.0,75,0
2859,180,11,2,-44.30000000000625,0.0,76,0
2859,181,8,-2,-45.30000000000632,0.0,77,0
2859,182,9,2,-46.3000000000064,0.0,78,0
2859,183,2,-1,-47.30000000000648,0.0,79,0
2859,184,2,3,-48.300000000006555,0.0,80,0
2859,185,11,3,-49.433333333339974,0.0,81,0
2859,186,3,-3,-50.433333333340045,0.0,82,0
2859,187,3,1,-51.43333333334012,0.0,83,0
2859,188,4,3,-52.4333333333402,0.0,84,0
