time_step,passenger_sequence,target_x,target_y,current_x,current_y,current_cell,state
2845,125,18,-2,17.533333333330795,0.0,14,3
2845,132,9,-2,4.466666666663748,0.0,28,0
2845,134,6,1,1.6333333333303,0.0,30,0
2845,135,11,-2,0.699999999996913,0.0,31,0
2845,136,8,-1,-0.36666666666981573,0.0,32,0
2845,137,6,2,-1.4333333333365414,0.0,33,0
2845,138,5,-2,-2.50000000000327,0.0,35,0
2845,139,8,-3,-3.63333333333666,0.0,36,0
2845,140,9,3,-4.700000000003387,0.0,37,0
2845,141,9,-3,-5.7666666666701065,0.0,38,0
2845,142,4,-1,-6.900000000003498,0.0,39,0
2845,143,8,1,-7.900000000003557,0.0,40,0
2845,144,10,-2,-8.900000000003617,0.0,41,0
2845,145,7,-2,-9.966666666670335,0.0,42,0
2845,146,6,-1,-11.10000000000373,0.0,43,0
2845,147,1,-2,-12.100000000003782,0.0,44,0
2845,148,8,3,-13.16666666667051,0.0,45,0
2845,149,7,3,-14.16666666667057,0.0,46,0
2845,150,7,-3,-15.233333333337296,0.0,47,0
2845,151,4,1,-16.30000000000403,0.0,48,0
2845,152,3,-2,-17.366666666670778,0.0,49,0
2845,153,9,-1,-18.36666666667085,0.0,50,0
2845,154,10,-1,-19.500000000004256,0.0,52,0
2845,155,11,1,-20.500000000004327,0.0,53,0
2845,156,5,2,-21.566666666671075,0.0,54,0
2845,157,8,2,-22.56666666667115,0.0,55,0
2845,158,5,1,-23.566666666671225,0.0,56,0
2845,159,1,-3,-24.633333333337973,0.0,57,0
2845,160,10,3,-25.63333333333805,0.0,58,0
2845,161,7,1,-26.700000000004792,0.0,59,0
2845,162,7,2,-27.70000000000486,0.0,60,0
2845,163,10,-3,-28.700000000004938,0.0,61,0
2845,164,5,3,-29.700000000005012,0.0,62,0
2845,165,2,1,-30.700000000005087,0.0,63,0
2845,166,5,-1,-31.70000000000516,0.0,64,0
2845,167,6,-3,-32.70000000000524,0.0,65,0
2845,168,6,3,-33.700000000005325,0.0,66,0
2845,169,11,-3,-34.7000000000054,0.0,67,0
2845,170,4,-2,-35.70000000000548,0.0,68,0
2845,171,2,-2,-36.70000000000556,0.0,69,0
2845,172,10,2,-37.76666666667231,0.0,70,0
2845,173,3,2,-38.766666666672386,0.0,71,0
2845,174,2,-3,-39.766666666672464,0.0,72,0
2845,175,7,-1,-40.76666666667254,0.0,73,0
2845,176,4,-3,-41.76666666667262,0.0,74,0
2845,177,1,-1,-42.83333333333937,0.0,75,0
2845,178,11,-1,-43.900000000006116,0.0,76,0
2845,179,10,1,-44.900000000006195,0.0,77,0
2845,180,11,2,-45.90000000000628,0.0,78,0
2845,181,8,-2,-46.90000000000635,0.0,79,0
2845,182,9,2,-47.90000000000643,0.0,80,0
2845,183,2,-1,-48.90000000000651,0.0,81,0
2845,184,2,3,-49.900000000006585,0.0,82,0
2845,185,11,3,-50.96666666667333,0.0,83,0
2845,186,3,-3,-51.966666666673405,0.0,84,0
2845,187,3,1,-52.96666666667348,0.0,85,0
2845,188,4,3,-54.03333333334023,0.0,86,0
