time_step,passenger_sequence,target_x,target_y,current_x,current_y,current_cell,state
3956,179,10,1,9.566666666660854,0.0,22,3
3956,180,11,2,8.633333333327455,0.0,23,0
3956,181,8,-2,7.599999999994077,0.0,499,3
3956,182,9,2,6.666666666660687,0.0,25,0
3956,185,11,3,2.1666666666605203,0.0,30,0
3956,186,3,-3,1.2333333333271315,0.0,31,0
3956,187,3,1,0.299999999993736,0.0,32,0
3956,188,4,3,-0.700000000006321,0.0,33,0
