time_step,passenger_sequence,target_x,target_y,current_x,current_y,current_cell,state
3163,146,6,-1,5.433333333329579,0.0,27,0
3163,148,8,3,1.4999999999961273,0.0,31,0
3163,149,7,3,0.5666666666627295,0.0,31,0
3163,150,7,-3,-0.4333333333373326,0.0,32,0
3163,151,4,1,-1.4333333333373983,0.0,33,0
3163,152,3,-2,-2.4333333333374707,0.0,34,0
3163,153,9,-1,-3.433333333337532,0.0,35,0
3163,154,10,-1,-4.433333333337595,0.0,36,0
3163,155,11,1,-5.433333333337648,0.0,37,0
3163,156,5,2,-6.433333333337716,0.0,38,0
3163,157,8,2,-7.433333333337776,0.0,39,0
3163,158,5,1,-8.5000000000045,0.0,41,0
3163,159,1,-3,-9.500000000004567,0.0,42,0
3163,160,10,3,-10.50000000000463,0.0,43,0
3163,161,7,1,-11.500000000004688,0.0,44,0
3163,162,7,2,-12.500000000004738,0.0,45,0
3163,163,10,-3,-13.566666666671468,0.0,46,0
3163,164,5,3,-14.566666666671525,0.0,47,0
3163,165,2,1,-15.566666666671585,0.0,48,0
3163,166,5,-1,-16.56666666667165,0.0,49,0
3163,167,6,-3,-17.566666666671725,0.0,50,0
3163,168,6,3,-18.566666666671804,0.0,51,0
3163,169,11,-3,-19.63333333333854,0.0,52,0
3163,170,4,-2,-20.700000000005282,0.0,53,0
3163,171,2,-2,-21.700000000005357,0.0,54,0
3163,172,10,2,-22.700000000005428,0.0,55,0
3163,173,3,2,-23.7000000000055,0.0,56,0
3163,174,2,-3,-24.76666666667224,0.0,57,0
3163,175,7,-1,-25.833333333338977,0.0,58,0
3163,176,4,-3,-26.83333333333905,0.0,59,0
3163,177,1,-1,-27.83333333333912,0.0,60,0
3163,178,11,-1,-28.900000000005857,0.0,61,0
3163,179,10,1,-29.966666666672594,0.0,62,0
3163,180,11,2,-30.966666666672676,0.0,63,0
3163,181,8,-2,-31.966666666672737,0.0,64,0
3163,182,9,2,-33.033333333339485,0.0,65,0
3163,183,2,-1,-34.03333333333956,0.0,66,0
3163,184,2,3,-35.16666666667298,0.0,67,0
3163,185,11,3,-36.16666666667306,0.0,68,0
3163,186,3,-3,-37.16666666667313,0.0,69,0
3163,187,3,1,-38.16666666667321,0.0,70,0
3163,188,4,3,-39.23333333333996,0.0,71,0
