time_step,passenger_sequence,target_x,target_y,current_x,current_y,current_cell,state
3569,163,10,-3,8.599999999995154,0.0,23,0
3569,166,5,-1,2.699999999994984,0.0,29,0
3569,167,6,-3,1.766666666661586,0.0,30,0
3569,168,6,3,0.8333333333281883,0.0,31,0
3569,169,11,-3,-0.10000000000520354,0.0,32,0
3569,170,4,-2,-1.1000000000052659,0.0,33,0
3569,171,2,-2,-2.100000000005327,0.0,34,0
3569,172,10,2,-3.1000000000053882,0.0,35,0
3569,173,3,2,-4.100000000005446,0.0,36,0
3569,174,2,-3,-5.100000000005505,0.0,37,0
3569,175,7,-1,-6.10000000000556,0.0,38,0
3569,176,4,-3,-7.100000000005613,0.0,39,0
3569,177,1,-1,-8.100000000005668,0.0,40,0
3569,178,11,-1,-9.100000000005723,0.0,41,0
3569,179,10,1,-10.100000000005776,0.0,42,0
3569,180,11,2,-11.100000000005842,0.0,43,0
3569,181,8,-2,-12.100000000005886,0.0,44,0
3569,182,9,2,-13.100000000005943,0.0,45,0
3569,183,2,-1,-14.100000000005998,0.0,46,0
3569,184,2,3,-15.100000000006053,0.0,47,0
3569,185,11,3,-16.10000000000611,0.0,48,0
3569,186,3,-3,-17.100000000006176,0.0,49,0
3569,187,3,1,-18.10000000000625,0.0,50,0
3569,188,4,3,-19.10000000000632,0.0,51,0
