time_step,passenger_sequence,target_x,target_y,current_x,current_y,current_cell,state
3818,175,7,-1,6.599999999994429,0.0,25,2
3818,178,11,-1,1.7999999999942624,0.0,30,0
3818,179,10,1,0.5666666666608714,0.0,31,1
3818,180,11,2,-0.43333333333919777,0.0,32,1
3818,181,8,-2,-1.4333333333392457,0.0,33,1
3818,182,9,2,-2.4333333333393075,0.0,34,1
3818,183,2,-1,-3.433333333339367,0.0,35,1
3818,184,2,3,-4.433333333339425,0.0,36,1
3818,185,11,3,-5.433333333339478,0.0,37,1
3818,186,3,-3,-6.4333333333395295,0.0,38,1
3818,187,3,1,-7.433333333339588,0.0,39,1
3818,188,4,3,-8.433333333339641,0.0,40,1
