time_step,passenger_sequence,target_x,target_y,current_x,current_y,current_cell,state
3661,168,6,3,4.9333333333281875,0.0,27,0
3661,169,11,-3,3.999999999994799,0.0,28,0
3661,170,4,-2,3.066666666661402,0.0,29,0
3661,172,10,2,0.8999999999946134,0.0,31,0
3661,173,3,2,-0.03333333333877689,0.0,32,0
3661,174,2,-3,-1.0333333333388388,0.0,33,0
3661,175,7,-1,-2.033333333338898,0.0,34,0
3661,176,4,-3,-3.0333333333389563,0.0,35,0
3661,177,1,-1,-4.033333333339016,0.0,36,0
3661,178,11,-1,-5.033333333339071,0.0,37,0
3661,179,10,1,-6.033333333339124,0.0,38,0
3661,180,11,2,-7.03333333333919,0.0,39,0
3661,181,8,-2,-8.033333333339234,0.0,40,0
3661,182,9,2,-9.033333333339291,0.0,41,0
3661,183,2,-1,-10.033333333339346,0.0,42,0
3661,184,2,3,-11.033333333339401,0.0,43,0
3661,185,11,3,-12.033333333339455,0.0,44,0
3661,186,3,-3,-13.033333333339506,0.0,45,0
3661,187,3,1,-14.033333333339565,0.0,46,0
3661,188,4,3,-15.033333333339618,0.0,47,0
