time_step,passenger_sequence,target_x,target_y,current_x,current_y,current_cell,state
3869,178,11,-1,6.899999999994254,0.0,25,0
3869,179,10,1,4.266666666660873,0.0,28,0
3869,180,11,2,3.3333333333274706,0.0,29,0
3869,181,8,-2,2.3999999999940886,0.0,30,0
3869,182,9,2,1.466666666660694,0.0,31,0
3869,183,2,-1,0.5333333333273019,0.0,31,0
3869,184,2,3,-0.4666666666727566,0.0,32,0
3869,185,11,3,-1.4666666666728139,0.0,33,0
3869,186,3,-3,-2.46666666667287,0.0,34,0
3869,187,3,1,-3.466666666672933,0.0,35,0
3869,188,4,3,-4.466666666672989,0.0,36,0
