time_step,passenger_sequence,target_x,target_y,current_x,current_y,current_cell,state
3466,160,10,3,4.499999999995351,0.0,28,0
3466,161,7,1,3.566666666661957,0.0,28,0
3466,162,7,2,2.6333333333285696,0.0,29,0
3466,163,10,-3,1.6999999999951683,0.0,30,0
3466,164,5,3,0.7666666666617737,0.0,31,0
3466,165,2,1,-0.16666666667162341,0.0,32,0
3466,166,5,-1,-1.1666666666716836,0.0,33,0
3466,167,6,-3,-2.1666666666717487,0.0,34,0
3466,168,6,3,-3.1666666666718135,0.0,35,0
3466,169,11,-3,-4.166666666671873,0.0,36,0
3466,170,4,-2,-5.166666666671931,0.0,37,0
3466,171,2,-2,-6.166666666671988,0.0,38,0
3466,172,10,2,-7.166666666672045,0.0,39,0
3466,173,3,2,-8.166666666672098,0.0,40,0
3466,174,2,-3,-9.166666666672157,0.0,41,0
3466,175,7,-1,-10.166666666672212,0.0,42,0
3466,176,4,-3,-11.166666666672265,0.0,43,0
3466,177,1,-1,-12.16666666667232,0.0,44,0
3466,178,11,-1,-13.166666666672375,0.0,45,0
3466,179,10,1,-14.166666666672429,0.0,46,0
3466,180,11,2,-15.166666666672494,0.0,47,0
3466,181,8,-2,-16.16666666667254,0.0,48,0
3466,182,9,2,-17.166666666672615,0.0,49,0
3466,183,2,-1,-18.166666666672686,0.0,50,0
3466,184,2,3,-19.166666666672757,0.0,51,0
3466,185,11,3,-20.16666666667283,0.0,52,0
3466,186,3,-3,-21.166666666672896,0.0,53,0
3466,187,3,1,-22.16666666667297,0.0,54,0
3466,188,4,3,-23.16666666667304,0.0,55,0
