time_step,passenger_sequence,target_x,target_y,current_x,current_y,current_cell,state
3146,144,10,-2,9.63333333332969,0.0,22,2
3146,145,7,-2,6.699999999996311,0.0,25,2
3146,146,6,-1,5.066666666662914,0.0,27,1
3146,148,8,3,1.199999999996127,0.0,31,1
3146,149,7,3,0.2666666666627295,0.0,32,1
3146,150,7,-3,-0.7333333333373325,0.0,33,1
3146,151,4,1,-1.7333333333373986,0.0,34,1
3146,152,3,-2,-2.733333333337471,0.0,35,1
3146,153,9,-1,-3.7333333333375323,0.0,36,1
3146,154,10,-1,-4.733333333337594,0.0,37,1
3146,155,11,1,-5.733333333337647,0.0,38,1
3146,156,5,2,-6.733333333337715,0.0,39,1
3146,157,8,2,-7.733333333337775,0.0,40,1
3146,158,5,1,-8.800000000004498,0.0,41,1
3146,159,1,-3,-9.800000000004566,0.0,42,1
3146,160,10,3,-10.800000000004628,0.0,43,1
3146,161,7,1,-11.800000000004687,0.0,44,1
3146,162,7,2,-12.800000000004736,0.0,45,1
3146,163,10,-3,-13.866666666671467,0.0,46,1
3146,164,5,3,-14.866666666671524,0.0,47,1
3146,165,2,1,-15.866666666671584,0.0,48,1
3146,166,5,-1,-16.866666666671655,0.0,49,1
3146,167,6,-3,-17.86666666667173,0.0,50,1
3146,168,6,3,-18.866666666671808,0.0,51,1
3146,169,11,-3,-19.933333333338545,0.0,52,1
3146,170,4,-2,-21.000000000005286,0.0,53,1
3146,171,2,-2,-22.00000000000536,0.0,54,1
3146,172,10,2,-23.000000000005432,0.0,55,1
3146,173,3,2,-24.000000000005503,0.0,56,1
3146,174,2,-3,-25.066666666672244,0.0,57,1
3146,175,7,-1,-26.13333333333898,0.0,58,1
3146,176,4,-3,-27.133333333339053,0.0,59,1
3146,177,1,-1,-28.133333333339124,0.0,60,1
3146,178,11,-1,-29.20000000000586,0.0,61,1
3146,179,10,1,-30.2666666666726,0.0,62,1
3146,180,11,2,-31.333333333339347,0.0,63,1
3146,181,8,-2,-32.33333333333941,0.0,64,1
3146,182,9,2,-33.40000000000616,0.0,65,1
3146,183,2,-1,-34.40000000000624,0.0,66,1
3146,184,2,3,-35.600000000006325,0.0,68,1
3146,185,11,3,-36.6000000000064,0.0,69,1
3146,186,3,-3,-37.666666666673144,0.0,70,1
3146,187,3,1,-38.66666666667322,0.0,71,1
3146,188,4,3,-39.6666666666733,0.0,72,1
