time_step,passenger_sequence,target_x,target_y,current_x,current_y,current_cell,state
3481,160,10,3,5.999999999995346,0.0,26,0
3481,161,7,1,5.066666666661954,0.0,27,0
3481,162,7,2,4.1333333333285704,0.0,28,0
3481,163,10,-3,3.1999999999951694,0.0,29,0
3481,164,5,3,2.2666666666617745,0.0,30,0
3481,165,2,1,1.3333333333283768,0.0,31,0
3481,166,5,-1,0.39999999999498304,0.0,32,0
3481,167,6,-3,-0.6000000000050811,0.0,33,0
3481,168,6,3,-1.6000000000051453,0.0,34,0
3481,169,11,-3,-2.600000000005205,0.0,35,0
3481,170,4,-2,-3.6000000000052683,0.0,36,0
3481,171,2,-2,-4.600000000005327,0.0,37,0
3481,172,10,2,-5.600000000005384,0.0,38,0
3481,173,3,2,-6.600000000005437,0.0,39,0
3481,174,2,-3,-7.600000000005496,0.0,40,0
3481,175,7,-1,-8.60000000000555,0.0,41,0
3481,176,4,-3,-9.600000000005604,0.0,42,0
3481,177,1,-1,-10.60000000000566,0.0,43,0
3481,178,11,-1,-11.600000000005714,0.0,44,0
3481,179,10,1,-12.600000000005767,0.0,45,0
3481,180,11,2,-13.600000000005833,0.0,46,0
3481,181,8,-2,-14.600000000005878,0.0,47,0
3481,182,9,2,-15.600000000005934,0.0,48,0
3481,183,2,-1,-16.600000000006,0.0,49,0
3481,184,2,3,-17.60000000000607,0.0,50,0
3481,185,11,3,-18.60000000000614,0.0,51,0
3481,186,3,-3,-19.600000000006208,0.0,52,0
3481,187,3,1,-20.600000000006283,0.0,53,0
3481,188,4,3,-21.600000000006354,0.0,54,0
