time_step,passenger_sequence,target_x,target_y,current_x,current_y,current_cell,state
3563,163,10,-3,7.999999999995156,0.0,24,0
3563,166,5,-1,2.0999999999949837,0.0,30,0
3563,167,6,-3,1.1666666666615855,0.0,31,0
3563,168,6,3,0.2333333333281883,0.0,32,0
3563,169,11,-3,-0.7666666666718701,0.0,33,0
3563,170,4,-2,-1.766666666671933,0.0,34,0
3563,171,2,-2,-2.7666666666719943,0.0,35,0
3563,172,10,2,-3.7666666666720556,0.0,36,0
3563,173,3,2,-4.76666666667211,0.0,37,0
3563,174,2,-3,-5.766666666672169,0.0,38,0
3563,175,7,-1,-6.766666666672224,0.0,39,0
3563,176,4,-3,-7.766666666672277,0.0,40,0
3563,177,1,-1,-8.766666666672332,0.0,41,0
3563,178,11,-1,-9.766666666672387,0.0,42,0
3563,179,10,1,-10.76666666667244,0.0,43,0
3563,180,11,2,-11.766666666672506,0.0,44,0
3563,181,8,-2,-12.76666666667255,0.0,45,0
3563,182,9,2,-13.766666666672608,0.0,46,0
3563,183,2,-1,-14.766666666672663,0.0,47,0
3563,184,2,3,-15.766666666672718,0.0,48,0
3563,185,11,3,-16.766666666672783,0.0,49,0
3563,186,3,-3,-17.76666666667285,0.0,50,0
3563,187,3,1,-18.766666666672926,0.0,51,0
3563,188,4,3,-19.766666666672997,0.0,52,0
