time_step,passenger_sequence,target_x,target_y,current_x,current_y,current_cell,state
3127,144,10,-2,6.733333333329699,0.0,25,0
3127,145,7,-2,4.933333333329647,0.0,27,0
3127,146,6,-1,3.7333333333295844,0.0,28,0
3127,148,8,3,0.19999999999612697,0.0,32,0
3127,149,7,3,-0.8000000000039371,0.0,33,0
3127,150,7,-3,-1.8000000000039997,0.0,34,0
3127,151,4,1,-2.8000000000040663,0.0,35,0
3127,152,3,-2,-3.8000000000041387,0.0,36,0
3127,153,9,-1,-4.8000000000041965,0.0,37,0
3127,154,10,-1,-5.800000000004257,0.0,38,0
3127,155,11,1,-6.80000000000431,0.0,39,0
3127,156,5,2,-7.800000000004378,0.0,40,0
3127,157,8,2,-8.800000000004438,0.0,41,0
3127,158,5,1,-9.866666666671161,0.0,42,0
3127,159,1,-3,-10.866666666671229,0.0,43,0
3127,160,10,3,-11.866666666671291,0.0,44,0
3127,161,7,1,-12.86666666667135,0.0,45,0
3127,162,7,2,-13.933333333338066,0.0,46,0
3127,163,10,-3,-15.000000000004796,0.0,47,0
3127,164,5,3,-16.000000000004853,0.0,48,0
3127,165,2,1,-17.000000000004928,0.0,49,0
3127,166,5,-1,-18.000000000005002,0.0,50,0
3127,167,6,-3,-19.000000000005077,0.0,51,0
3127,168,6,3,-20.000000000005155,0.0,52,0
3127,169,11,-3,-21.066666666671892,0.0,53,0
3127,170,4,-2,-22.133333333338634,0.0,54,0
3127,171,2,-2,-23.133333333338708,0.0,55,0
3127,172,10,2,-24.13333333333878,0.0,56,0
3127,173,3,2,-25.13333333333885,0.0,57,0
3127,174,2,-3,-26.20000000000559,0.0,58,0
3127,175,7,-1,-27.26666666667233,0.0,59,0
3127,176,4,-3,-28.333333333339066,0.0,60,0
3127,177,1,-1,-29.333333333339137,0.0,61,0
3127,178,11,-1,-30.400000000005875,0.0,62,0
3127,179,10,1,-31.466666666672612,0.0,63,0
3127,180,11,2,-32.600000000006034,0.0,65,0
3127,181,8,-2,-33.666666666672775,0.0,66,0
3127,182,9,2,-34.66666666667285,0.0,67,0
3127,183,2,-1,-35.66666666667293,0.0,68,0
3127,184,2,3,-36.73333333333968,0.0,69,0
3127,185,11,3,-37.73333333333976,0.0,70,0
3127,186,3,-3,-38.8000000000065,0.0,71,0
3127,187,3,1,-39.80000000000658,0.0,72,0
3127,188,4,3,-40.800000000006655,0.0,73,0
