time_step,passenger_sequence,target_x,target_y,current_x,current_y,current_cell,state
3013,140,9,3,4.133333333329951,0.0,28,0
3013,141,9,-3,2.5999999999965584,0.0,29,0
3013,142,4,-1,1.666666666663162,0.0,30,0
3013,143,8,1,0.733333333329766,0.0,31,0
3013,144,10,-2,-0.26666666667029826,0.0,32,0
3013,145,7,-2,-1.2666666666703532,0.0,33,0
3013,146,6,-1,-2.3333333333370865,0.0,34,0
3013,147,1,-2,-3.333333333337143,0.0,35,0
3013,148,8,3,-4.333333333337208,0.0,36,0
3013,149,7,3,-5.3333333333372686,0.0,37,0
3013,150,7,-3,-6.400000000003994,0.0,38,0
3013,151,4,1,-7.466666666670722,0.0,39,0
3013,152,3,-2,-8.46666666667079,0.0,40,0
3013,153,9,-1,-9.466666666670847,0.0,41,0
3013,154,10,-1,-10.533333333337573,0.0,43,0
3013,155,11,1,-11.533333333337627,0.0,44,0
3013,156,5,2,-12.533333333337694,0.0,45,0
3013,157,8,2,-13.600000000004421,0.0,46,0
3013,158,5,1,-14.666666666671144,0.0,47,0
3013,159,1,-3,-15.666666666671212,0.0,48,0
3013,160,10,3,-16.666666666671283,0.0,49,0
3013,161,7,1,-17.666666666671357,0.0,50,0
3013,162,7,2,-18.800000000004758,0.0,51,0
3013,163,10,-3,-19.866666666671502,0.0,52,0
3013,164,5,3,-20.866666666671577,0.0,53,0
3013,165,2,1,-21.86666666667165,0.0,54,0
3013,166,5,-1,-22.866666666671726,0.0,55,0
3013,167,6,-3,-23.933333333338467,0.0,56,0
3013,168,6,3,-25.06666666667188,0.0,57,0
3013,169,11,-3,-26.06666666667195,0.0,58,0
3013,170,4,-2,-27.066666666672024,0.0,59,0
3013,171,2,-2,-28.0666666666721,0.0,60,0
3013,172,10,2,-29.133333333338836,0.0,61,0
3013,173,3,2,-30.200000000005573,0.0,62,0
3013,174,2,-3,-31.266666666672315,0.0,63,0
3013,175,7,-1,-32.266666666672386,0.0,64,0
3013,176,4,-3,-33.266666666672464,0.0,65,0
3013,177,1,-1,-34.33333333333921,0.0,66,0
3013,178,11,-1,-35.40000000000596,0.0,67,0
3013,179,10,1,-36.40000000000604,0.0,68,0
3013,180,11,2,-37.40000000000612,0.0,69,0
3013,181,8,-2,-38.533333333339534,0.0,71,0
3013,182,9,2,-39.53333333333961,0.0,72,0
3013,183,2,-1,-40.60000000000636,0.0,73,0
3013,184,2,3,-41.60000000000644,0.0,74,0
3013,185,11,3,-42.60000000000652,0.0,75,0
3013,186,3,-3,-43.66666666667326,0.0,76,0
3013,187,3,1,-44.666666666673336,0.0,77,0
3013,188,4,3,-45.666666666673414,0.0,78,0
