time_step,passenger_sequence,target_x,target_y,current_x,current_y,current_cell,state
3805,175,7,-1,5.499999999994433,0.0,27,0
3805,178,11,-1,0.4999999999942618,0.0,32,0
3805,179,10,1,-0.5000000000057953,0.0,33,0
3805,180,11,2,-1.5000000000058646,0.0,34,0
3805,181,8,-2,-2.5000000000059135,0.0,35,0
3805,182,9,2,-3.500000000005975,0.0,36,0
3805,183,2,-1,-4.5000000000060325,0.0,37,0
3805,184,2,3,-5.500000000006088,0.0,38,0
3805,185,11,3,-6.500000000006141,0.0,39,0
3805,186,3,-3,-7.500000000006192,0.0,40,0
3805,187,3,1,-8.500000000006251,0.0,41,0
3805,188,4,3,-9.500000000006304,0.0,42,0
