time_step,passenger_sequence,target_x,target_y,current_x,current_y,current_cell,state
3597,163,10,-3,9.59999999999515,0.0,499,3
3597,166,5,-1,3.799999999994985,0.0,28,0
3597,167,6,-3,2.8666666666615868,0.0,29,0
3597,168,6,3,1.933333333328189,0.0,30,0
3597,169,11,-3,0.9999999999947964,0.0,31,0
3597,170,4,-2,0.06666666666140075,0.0,32,0
3597,171,2,-2,-0.9333333333386594,0.0,33,0
3597,172,10,2,-1.9333333333387204,0.0,34,0
3597,173,3,2,-2.9333333333387785,0.0,35,0
3597,174,2,-3,-3.9333333333388416,0.0,36,0
3597,175,7,-1,-4.933333333338897,0.0,37,0
3597,176,4,-3,-5.93333333333895,0.0,38,0
3597,177,1,-1,-6.9333333333390055,0.0,39,0
3597,178,11,-1,-7.9333333333390605,0.0,40,0
3597,179,10,1,-8.933333333339114,0.0,41,0
3597,180,11,2,-9.93333333333918,0.0,42,0
3597,181,8,-2,-10.933333333339224,0.0,43,0
3597,182,9,2,-11.93333333333928,0.0,44,0
3597,183,2,-1,-12.933333333339336,0.0,45,0
3597,184,2,3,-13.933333333339391,0.0,46,0
3597,185,11,3,-14.933333333339444,0.0,47,0
3597,186,3,-3,-15.933333333339496,0.0,48,0
3597,187,3,1,-16.93333333333957,0.0,49,0
3597,188,4,3,-17.93333333333964,0.0,50,0
