time_step,passenger_sequence,target_x,target_y,current_x,current_y,current_cell,state
3125,144,10,-2,6.266666666663032,0.0,26,0
3125,145,7,-2,4.599999999996315,0.0,27,0
3125,146,6,-1,3.3999999999962505,0.0,29,0
3125,148,8,3,-3.873040776980474e-12,0.0,32,0
3125,149,7,3,-1.000000000003937,0.0,33,0
3125,150,7,-3,-2.000000000004,0.0,34,0
3125,151,4,1,-3.0000000000040665,0.0,35,0
3125,152,3,-2,-4.000000000004139,0.0,36,0
3125,153,9,-1,-5.000000000004196,0.0,37,0
3125,154,10,-1,-6.000000000004256,0.0,38,0
3125,155,11,1,-7.000000000004309,0.0,39,0
3125,156,5,2,-8.000000000004377,0.0,40,0
3125,157,8,2,-9.000000000004437,0.0,41,0
3125,158,5,1,-10.06666666667116,0.0,42,0
3125,159,1,-3,-11.066666666671228,0.0,43,0
3125,160,10,3,-12.06666666667129,0.0,44,0
3125,161,7,1,-13.066666666671349,0.0,45,0
3125,162,7,2,-14.133333333338065,0.0,46,0
3125,163,10,-3,-15.200000000004795,0.0,47,0
3125,164,5,3,-16.200000000004856,0.0,48,0
3125,165,2,1,-17.20000000000493,0.0,49,0
3125,166,5,-1,-18.200000000005005,0.0,50,0
3125,167,6,-3,-19.20000000000508,0.0,51,0
3125,168,6,3,-20.200000000005158,0.0,52,0
3125,169,11,-3,-21.266666666671895,0.0,53,0
3125,170,4,-2,-22.400000000005303,0.0,54,0
3125,171,2,-2,-23.400000000005377,0.0,55,0
3125,172,10,2,-24.40000000000545,0.0,56,0
3125,173,3,2,-25.40000000000552,0.0,57,0
3125,174,2,-3,-26.533333333338927,0.0,59,0
3125,175,7,-1,-27.600000000005664,0.0,60,0
3125,176,4,-3,-28.666666666672402,0.0,61,0
3125,177,1,-1,-29.666666666672473,0.0,62,0
3125,178,11,-1,-30.666666666672544,0.0,63,0
3125,179,10,1,-31.73333333333928,0.0,64,0
3125,180,11,2,-32.80000000000604,0.0,65,0
3125,181,8,-2,-33.86666666667278,0.0,66,0
3125,182,9,2,-34.866666666672856,0.0,67,0
3125,183,2,-1,-35.866666666672934,0.0,68,0
3125,184,2,3,-36.93333333333968,0.0,69,0
3125,185,11,3,-37.93333333333976,0.0,70,0
3125,186,3,-3,-39.0000000000065,0.0,71,0
3125,187,3,1,-40.00000000000658,0.0,72,0
3125,188,4,3,-41.00000000000666,0.0,73,0
