time_step,passenger_sequence,target_x,target_y,current_x,current_y,current_cell,state
3334,153,9,-1,5.9333333333291325,0.0,26,0
3334,154,10,-1,6.6999999999957325,0.0,25,0
3334,155,11,1,4.066666666662352,0.0,28,0
3334,156,5,2,3.1333333333289466,0.0,29,0
3334,157,8,2,2.1999999999955486,0.0,30,0
3334,158,5,1,1.266666666662154,0.0,31,0
3334,159,1,-3,0.33333333332874965,0.0,32,0
3334,160,10,3,-0.6666666666713159,0.0,33,0
3334,161,7,1,-1.6666666666713787,0.0,34,0
3334,162,7,2,-2.666666666671433,0.0,35,0
3334,163,10,-3,-3.6666666666715013,0.0,36,0
3334,164,5,3,-4.66666666667156,0.0,37,0
3334,165,2,1,-5.66666666667162,0.0,38,0
3334,166,5,-1,-6.666666666671677,0.0,39,0
3334,167,6,-3,-7.666666666671738,0.0,40,0
3334,168,6,3,-8.666666666671798,0.0,41,0
3334,169,11,-3,-9.666666666671853,0.0,42,0
3334,170,4,-2,-10.666666666671912,0.0,43,0
3334,171,2,-2,-11.666666666671968,0.0,44,0
3334,172,10,2,-12.666666666672025,0.0,45,0
3334,173,3,2,-13.666666666672079,0.0,46,0
3334,174,2,-3,-14.666666666672137,0.0,47,0
3334,175,7,-1,-15.666666666672192,0.0,48,0
3334,176,4,-3,-16.666666666672256,0.0,49,0
3334,177,1,-1,-17.666666666672327,0.0,50,0
3334,178,11,-1,-18.6666666666724,0.0,51,0
3334,179,10,1,-19.66666666667247,0.0,52,0
3334,180,11,2,-20.66666666667255,0.0,53,0
3334,181,8,-2,-21.66666666667261,0.0,54,0
3334,182,9,2,-22.733333333339353,0.0,55,0
3334,183,2,-1,-23.80000000000609,0.0,56,0
3334,184,2,3,-24.80000000000616,0.0,57,0
3334,185,11,3,-25.800000000006232,0.0,58,0
3334,186,3,-3,-26.8000000000063,0.0,59,0
3334,187,3,1,-27.800000000006374,0.0,60,0
3334,188,4,3,-28.800000000006445,0.0,61,0
