time_step,passenger_sequence,target_x,target_y,current_x,current_y,current_cell,state
4138,179,31,1,25.466666666660874,0.0,7,0
4138,180,25,2,23.63333333332746,0.0,8,0
4138,181,25,-1,22.69999999999405,0.0,9,0
4138,182,23,-3,21.566666666660648,0.0,10,0
4138,183,22,1,20.133333333327233,0.0,12,0
4138,184,27,-1,19.19999999999383,0.0,13,0
4138,185,29,1,16.6666666666604,0.0,15,0
4138,186,31,-2,15.633333333327004,0.0,16,0
4138,187,26,-2,16.399999999993618,0.0,16,0
4138,188,31,-1,13.766666666660228,0.0,18,0
