time_step,passenger_sequence,target_x,target_y,current_x,current_y,current_cell,state
4236,184,27,-1,24.099999999993898,0.0,8,0
4236,185,29,1,21.56666666666047,0.0,10,0
4236,186,31,-2,22.03333333332709,0.0,10,0
4236,187,26,-2,19.599999999993663,0.0,12,0
4236,188,31,-1,16.966666666660235,0.0,15,0
