time_step,passenger_sequence,target_x,target_y,current_x,current_y,current_cell,state
4012,185,11,3,4.366666666660521,0.0,28,0
4012,187,3,1,2.499999999993737,0.0,30,0
4012,188,4,3,0.9666666666603455,0.0,31,0
