time_step,passenger_sequence,target_x,target_y,current_x,current_y,current_cell,state
4265,184,27,-1,26.599999999993933,0.0,5,2
4265,185,29,1,24.46666666666051,0.0,8,0
4265,186,31,-2,24.433333333327123,0.0,8,1
4265,187,26,-2,21.999999999993697,0.0,10,1
4265,188,31,-1,19.36666666666027,0.0,13,1
