time_step,passenger_sequence,target_x,target_y,current_x,current_y,current_cell,state
4155,179,31,1,27.1666666666609,0.0,5,0
4155,180,25,2,24.533333333327473,0.0,7,2
4155,181,25,-1,23.49999999999406,0.0,9,1
4155,182,23,-3,22.36666666666066,0.0,10,1
4155,183,22,1,20.933333333327244,0.0,11,1
4155,184,27,-1,19.99999999999384,0.0,12,1
4155,185,29,1,18.366666666660425,0.0,14,0
4155,186,31,-2,16.43333333332701,0.0,16,1
4155,187,26,-2,17.19999999999363,0.0,15,1
4155,188,31,-1,14.566666666660225,0.0,17,1
