time_step,passenger_sequence,target_x,target_y,current_x,current_y,current_cell,state
4165,179,31,1,28.166666666660912,0.0,4,0
4165,180,25,2,24.533333333327473,0.0,499,3
4165,181,25,-1,23.699999999994063,0.0,8,0
4165,182,23,-3,22.566666666660662,0.0,9,2
4165,183,22,1,21.033333333327246,0.0,11,1
4165,184,27,-1,20.09999999999384,0.0,12,1
4165,185,29,1,19.266666666660438,0.0,13,1
4165,186,31,-2,16.633333333327013,0.0,15,0
4165,187,26,-2,17.29999999999363,0.0,15,1
4165,188,31,-1,14.666666666660225,0.0,17,1
