time_step,passenger_sequence,target_x,target_y,current_x,current_y,current_cell,state
4283,185,29,1,26.266666666660537,0.0,6,0
4283,186,31,-2,25.033333333327132,0.0,7,0
4283,187,26,-2,22.599999999993706,0.0,9,0
4283,188,31,-1,19.966666666660277,0.0,12,0
