time_step,passenger_sequence,target_x,target_y,current_x,current_y,current_cell,state
4171,179,31,1,28.833333333327587,0.0,3,0
4171,181,25,-1,24.29999999999407,0.0,8,0
4171,182,23,-3,22.566666666660662,0.0,9,2
4171,183,22,1,21.033333333327246,0.0,11,1
4171,184,27,-1,20.09999999999384,0.0,12,1
4171,185,29,1,19.266666666660438,0.0,13,1
4171,186,31,-2,17.23333333332702,0.0,15,0
4171,187,26,-2,17.29999999999363,0.0,15,1
4171,188,31,-1,14.666666666660225,0.0,17,1
