time_step,passenger_sequence,target_x,target_y,current_x,current_y,current_cell,state
4294,185,29,1,27.366666666660553,0.0,5,0
4294,186,31,-2,26.133333333327148,0.0,6,0
4294,187,26,-2,23.69999999999372,0.0,8,0
4294,188,31,-1,21.066666666660293,0.0,11,0
