time_step,passenger_sequence,target_x,target_y,current_x,current_y,current_cell,state
4248,184,27,-1,25.299999999993915,0.0,7,0
4248,185,29,1,22.766666666660488,0.0,9,0
4248,186,31,-2,23.233333333327106,0.0,9,0
4248,187,26,-2,20.79999999999368,0.0,11,0
4248,188,31,-1,18.16666666666025,0.0,14,0
