time_step,passenger_sequence,target_x,target_y,current_x,current_y,current_cell,state
4340,186,31,-2,29.299999999993855,0.0,3,0
4340,187,26,-2,25.59999999999375,0.0,6,2
4340,188,31,-1,22.86666666666032,0.0,9,1
