time_step,passenger_sequence,target_x,target_y,current_x,current_y,current_cell,state
4240,184,27,-1,24.499999999993904,0.0,8,0
4240,185,29,1,21.966666666660476,0.0,10,0
4240,186,31,-2,22.433333333327095,0.0,10,0
4240,187,26,-2,19.99999999999367,0.0,12,0
4240,188,31,-1,17.36666666666024,0.0,15,0
