time_step,passenger_sequence,target_x,target_y,current_x,current_y,current_cell,state
4199,183,22,1,21.33333333332725,0.0,11,0
4199,184,27,-1,20.399999999993845,0.0,12,0
4199,185,29,1,19.566666666660442,0.0,12,0
4199,186,31,-2,18.333333333327037,0.0,14,0
4199,187,26,-2,17.599999999993635,0.0,14,0
4199,188,31,-1,14.966666666660224,0.0,17,0
