time_step,passenger_sequence,target_x,target_y,current_x,current_y,current_cell,state
4254,184,27,-1,25.899999999993923,0.0,6,0
4254,185,29,1,23.366666666660496,0.0,9,0
4254,186,31,-2,23.833333333327115,0.0,8,0
4254,187,26,-2,21.39999999999369,0.0,11,0
4254,188,31,-1,18.76666666666026,0.0,13,0
