time_step,passenger_sequence,target_x,target_y,current_x,current_y,current_cell,state
4093,173,32,1,31.666666666661282,0.0,0,2
4093,177,27,3,25.533333333327658,0.0,6,1
4093,179,31,1,23.366666666660844,0.0,9,1
4093,180,25,2,21.53333333332743,0.0,10,1
4093,181,25,-1,20.59999999999402,0.0,11,1
4093,182,23,-3,19.46666666666062,0.0,13,1
4093,183,22,1,18.033333333327203,0.0,14,1
4093,184,27,-1,17.0999999999938,0.0,15,1
4093,185,29,1,14.566666666660396,0.0,17,1
4093,186,31,-2,13.533333333327011,0.0,18,1
4093,187,26,-2,12.599999999993626,0.0,19,1
4093,188,31,-1,11.666666666660236,0.0,20,1
