time_step,passenger_sequence,target_x,target_y,current_x,current_y,current_cell,state
4230,184,27,-1,23.49999999999389,0.0,9,0
4230,185,29,1,20.966666666660462,0.0,11,0
4230,186,31,-2,21.43333333332708,0.0,11,0
4230,187,26,-2,18.999999999993655,0.0,13,0
4230,188,31,-1,16.366666666660226,0.0,16,0
