time_step,passenger_sequence,target_x,target_y,current_x,current_y,current_cell,state
4323,185,29,1,28.56666666666057,0.0,3,3
4323,186,31,-2,27.333333333327165,0.0,5,0
4323,187,26,-2,24.89999999999374,0.0,7,0
4323,188,31,-1,22.26666666666031,0.0,10,0
