time_step,passenger_sequence,target_x,target_y,current_x,current_y,current_cell,state
4111,177,27,3,26.533333333327672,0.0,5,2
4111,179,31,1,24.266666666660857,0.0,8,1
4111,180,25,2,22.433333333327443,0.0,10,1
4111,181,25,-1,21.49999999999403,0.0,11,1
4111,182,23,-3,20.36666666666063,0.0,12,1
4111,183,22,1,18.933333333327216,0.0,13,1
4111,184,27,-1,17.99999999999381,0.0,14,1
4111,185,29,1,15.466666666660393,0.0,17,1
4111,186,31,-2,14.433333333327008,0.0,18,1
4111,187,26,-2,13.699999999993622,0.0,18,0
4111,188,31,-1,12.566666666660232,0.0,19,1
