time_step,passenger_sequence,target_x,target_y,current_x,current_y,current_cell,state
4301,185,29,1,28.066666666660563,0.0,4,0
4301,186,31,-2,26.833333333327158,0.0,5,0
4301,187,26,-2,24.39999999999373,0.0,8,0
4301,188,31,-1,21.766666666660303,0.0,10,0
