time_step,passenger_sequence,target_x,target_y,current_x,current_y,current_cell,state
4288,185,29,1,26.766666666660544,0.0,5,0
4288,186,31,-2,25.53333333332714,0.0,6,0
4288,187,26,-2,23.099999999993713,0.0,9,0
4288,188,31,-1,20.466666666660284,0.0,12,0
