time_step,passenger_sequence,target_x,target_y,current_x,current_y,current_cell,state
4246,184,27,-1,25.099999999993912,0.0,7,0
4246,185,29,1,22.566666666660485,0.0,9,0
4246,186,31,-2,23.033333333327104,0.0,9,0
4246,187,26,-2,20.599999999993678,0.0,11,0
4246,188,31,-1,17.96666666666025,0.0,14,0
