time_step,passenger_sequence,target_x,target_y,current_x,current_y,current_cell,state
4198,179,31,1,30.533333333327597,0.0,499,3
4198,183,22,1,21.23333333332725,0.0,11,0
4198,184,27,-1,20.299999999993844,0.0,12,0
4198,185,29,1,19.46666666666044,0.0,13,0
4198,186,31,-2,18.233333333327035,0.0,14,0
4198,187,26,-2,17.499999999993634,0.0,15,0
4198,188,31,-1,14.866666666660224,0.0,17,0
