time_step,passenger_sequence,target_x,target_y,current_x,current_y,current_cell,state
2685,129,30,-1,29.633333333330654,0.0,2,2
2685,130,28,1,27.599999999997227,0.0,4,2
2685,131,28,-1,27.566666666663828,0.0,4,3
2685,132,26,1,25.433333333330406,0.0,7,1
2685,135,24,-1,21.53333333333016,0.0,10,1
2685,136,22,1,20.599999999996747,0.0,11,1
2685,137,22,-1,19.666666666663343,0.0,12,1
2685,138,20,1,18.733333333329927,0.0,13,1
2685,139,20,-1,17.79999999999651,0.0,14,1
2685,140,18,1,16.866666666663104,0.0,15,1
2685,141,18,-1,15.933333333329696,0.0,16,1
2685,142,16,1,14.999999999996303,0.0,17,1
2685,143,16,-1,14.066666666662913,0.0,18,1
2685,144,14,1,13.13333333332952,0.0,19,1
2685,145,14,-1,13.099999999996125,0.0,19,1
2685,147,12,-1,11.433333333329335,0.0,21,1
2685,149,10,-1,9.466666666662553,0.0,23,1
2685,151,8,-1,6.599999999995772,0.0,25,1
2685,153,6,-1,4.53333333332899,0.0,27,1
2685,155,4,-1,2.566666666662201,0.0,29,1
2685,157,2,-1,0.49999999999541644,0.0,32,1
2685,158,31,1,-0.5000000000046442,0.0,33,1
2685,159,31,-1,-1.5000000000047065,0.0,34,1
2685,160,29,1,-2.5000000000047695,0.0,35,1
2685,161,29,-1,-3.500000000004824,0.0,36,1
2685,162,27,1,-4.500000000004885,0.0,37,1
2685,163,27,-1,-5.500000000004944,0.0,38,1
2685,164,25,1,-6.5000000000050004,0.0,39,1
2685,165,25,-1,-7.500000000005052,0.0,40,1
2685,166,23,1,-8.50000000000511,0.0,41,1
2685,167,23,-1,-9.500000000005167,0.0,42,1
2685,168,21,1,-10.500000000005219,0.0,43,1
2685,169,21,-1,-11.500000000005278,0.0,44,1
2685,170,19,1,-12.500000000005334,0.0,45,1
2685,171,19,-1,-13.500000000005386,0.0,46,1
2685,172,17,1,-14.500000000005445,0.0,47,1
2685,173,17,-1,-15.500000000005501,0.0,48,1
2685,174,15,1,-16.50000000000556,0.0,49,1
2685,175,15,-1,-17.500000000005635,0.0,50,1
2685,176,13,1,-18.500000000005702,0.0,51,1
2685,177,13,-1,-19.500000000005777,0.0,52,1
2685,178,11,1,-20.500000000005844,0.0,53,1
2685,179,11,-1,-21.50000000000592,0.0,54,1
2685,180,9,1,-22.500000000005986,0.0,55,1
2685,181,9,-1,-23.500000000006054,0.0,56,1
2685,182,7,1,-24.50000000000613,0.0,57,1
2685,183,7,-1,-25.500000000006196,0.0,58,1
2685,184,5,1,-26.50000000000627,0.0,59,1
2685,185,5,-1,-27.500000000006338,0.0,60,1
2685,186,3,1,-28.500000000006413,0.0,61,1
2685,187,3,-1,-29.50000000000648,0.0,62,1
2685,188,1,-1,-30.500000000006548,0.0,63,1
