time_step,passenger_sequence,target_x,target_y,current_x,current_y,current_cell,state
2723,135,24,-1,22.23333333333017,0.0,10,0
2723,136,22,1,21.299999999996757,0.0,11,0
2723,137,22,-1,20.366666666663352,0.0,12,0
2723,138,20,1,19.433333333329937,0.0,13,0
2723,139,20,-1,18.49999999999652,0.0,14,0
2723,140,18,1,17.566666666663114,0.0,14,2
2723,141,18,-1,16.533333333329704,0.0,15,1
2723,142,16,1,15.599999999996301,0.0,16,2
2723,143,16,-1,15.566666666662908,0.0,16,2
2723,145,14,-1,13.099999999996125,0.0,19,1
2723,147,12,-1,11.433333333329335,0.0,21,1
2723,149,10,-1,9.466666666662553,0.0,23,1
2723,151,8,-1,6.599999999995772,0.0,25,1
2723,153,6,-1,4.53333333332899,0.0,27,1
2723,155,4,-1,2.566666666662201,0.0,29,1
2723,157,2,-1,0.49999999999541644,0.0,32,1
2723,158,31,1,-0.5000000000046442,0.0,33,1
2723,159,31,-1,-1.5000000000047065,0.0,34,1
2723,160,29,1,-2.5000000000047695,0.0,35,1
2723,161,29,-1,-3.500000000004824,0.0,36,1
2723,162,27,1,-4.500000000004885,0.0,37,1
2723,163,27,-1,-5.500000000004944,0.0,38,1
2723,164,25,1,-6.5000000000050004,0.0,39,1
2723,165,25,-1,-7.500000000005052,0.0,40,1
2723,166,23,1,-8.50000000000511,0.0,41,1
2723,167,23,-1,-9.500000000005167,0.0,42,1
2723,168,21,1,-10.500000000005219,0.0,43,1
2723,169,21,-1,-11.500000000005278,0.0,44,1
2723,170,19,1,-12.500000000005334,0.0,45,1
2723,171,19,-1,-13.500000000005386,0.0,46,1
2723,172,17,1,-14.500000000005445,0.0,47,1
2723,173,17,-1,-15.500000000005501,0.0,48,1
2723,174,15,1,-16.50000000000556,0.0,49,1
2723,175,15,-1,-17.500000000005635,0.0,50,1
2723,176,13,1,-18.500000000005702,0.0,51,1
2723,177,13,-1,-19.500000000005777,0.0,52,1
2723,178,11,1,-20.500000000005844,0.0,53,1
2723,179,11,-1,-21.50000000000592,0.0,54,1
2723,180,9,1,-22.500000000005986,0.0,55,1
2723,181,9,-1,-23.500000000006054,0.0,56,1
2723,182,7,1,-24.50000000000613,0.0,57,1
2723,183,7,-1,-25.500000000006196,0.0,58,1
2723,184,5,1,-26.50000000000627,0.0,59,1
2723,185,5,-1,-27.500000000006338,0.0,60,1
2723,186,3,1,-28.500000000006413,0.0,61,1
2723,187,3,-1,-29.50000000000648,0.0,62,1
2723,188,1,-1,-30.500000000006548,0.0,63,1
