time_step,passenger_sequence,target_x,target_y,current_x,current_y,current_cell,state
2995,158,31,1,12.666666666661994,0.0,19,0
2995,159,31,-1,11.733333333328602,0.0,20,0
2995,160,29,1,10.79999999999521,0.0,21,0
2995,161,29,-1,9.866666666661827,0.0,22,0
2995,162,27,1,8.933333333328434,0.0,23,0
2995,163,27,-1,7.999999999995042,0.0,24,0
2995,164,25,1,7.066666666661652,0.0,25,0
2995,165,25,-1,6.133333333328267,0.0,26,0
2995,166,23,1,5.1999999999948745,0.0,27,0
2995,167,23,-1,4.266666666661484,0.0,28,0
2995,168,21,1,3.333333333328096,0.0,29,0
2995,169,21,-1,2.3999999999946997,0.0,30,0
2995,170,19,1,1.466666666661305,0.0,31,0
2995,171,19,-1,0.5333333333279165,0.0,31,0
2995,172,17,1,-0.4666666666721455,0.0,32,0
2995,173,17,-1,-1.4666666666722064,0.0,33,0
2995,174,15,1,-2.4666666666722623,0.0,34,0
2995,175,15,-1,-3.4666666666723254,0.0,35,0
2995,176,13,1,-4.466666666672378,0.0,36,0
2995,177,13,-1,-5.466666666672436,0.0,37,0
2995,178,11,1,-6.466666666672488,0.0,38,0
2995,179,11,-1,-7.466666666672545,0.0,39,0
2995,180,9,1,-8.466666666672596,0.0,40,0
2995,181,9,-1,-9.466666666672648,0.0,41,0
2995,182,7,1,-10.466666666672705,0.0,42,0
2995,183,7,-1,-11.466666666672756,0.0,43,0
2995,184,5,1,-12.466666666672815,0.0,44,0
2995,185,5,-1,-13.466666666672864,0.0,45,0
2995,186,3,1,-14.466666666672923,0.0,46,0
2995,187,3,-1,-15.466666666672975,0.0,47,0
2995,188,1,-1,-16.46666666667303,0.0,48,0
