time_step,passenger_sequence,target_x,target_y,current_x,current_y,current_cell,state
2962,158,31,1,9.366666666662006,0.0,23,0
2962,159,31,-1,8.433333333328614,0.0,24,0
2962,160,29,1,7.499999999995222,0.0,25,0
2962,161,29,-1,6.566666666661838,0.0,25,0
2962,162,27,1,5.633333333328446,0.0,26,0
2962,163,27,-1,4.699999999995054,0.0,27,0
2962,164,25,1,3.766666666661662,0.0,28,0
2962,165,25,-1,2.833333333328273,0.0,29,0
2962,166,23,1,1.8999999999948771,0.0,30,0
2962,167,23,-1,0.9666666666614824,0.0,31,0
2962,168,21,1,0.033333333328094156,0.0,32,0
2962,169,21,-1,-0.9666666666719678,0.0,33,0
2962,170,19,1,-1.9666666666720292,0.0,34,0
2962,171,19,-1,-2.966666666672085,0.0,35,0
2962,172,17,1,-3.966666666672148,0.0,36,0
2962,173,17,-1,-4.9666666666722055,0.0,37,0
2962,174,15,1,-5.966666666672257,0.0,38,0
2962,175,15,-1,-6.966666666672316,0.0,39,0
2962,176,13,1,-7.966666666672365,0.0,40,0
2962,177,13,-1,-8.966666666672424,0.0,41,0
2962,178,11,1,-9.966666666672475,0.0,42,0
2962,179,11,-1,-10.966666666672532,0.0,43,0
2962,180,9,1,-11.966666666672584,0.0,44,0
2962,181,9,-1,-12.966666666672635,0.0,45,0
2962,182,7,1,-13.966666666672692,0.0,46,0
2962,183,7,-1,-14.966666666672744,0.0,47,0
2962,184,5,1,-15.966666666672802,0.0,48,0
2962,185,5,-1,-16.966666666672868,0.0,49,0
2962,186,3,1,-17.966666666672943,0.0,50,0
2962,187,3,-1,-18.96666666667301,0.0,51,0
2962,188,1,-1,-19.966666666673078,0.0,52,0
