time_step,passenger_sequence,target_x,target_y,current_x,current_y,current_cell,state
3020,158,31,1,15.166666666661985,0.0,17,0
3020,159,31,-1,14.233333333328593,0.0,18,0
3020,160,29,1,13.299999999995201,0.0,19,0
3020,161,29,-1,12.366666666661818,0.0,20,0
3020,162,27,1,11.433333333328425,0.0,21,0
3020,163,27,-1,10.499999999995033,0.0,22,0
3020,164,25,1,9.566666666661643,0.0,22,0
3020,165,25,-1,8.633333333328258,0.0,23,0
3020,166,23,1,7.699999999994866,0.0,24,0
3020,167,23,-1,6.766666666661475,0.0,25,0
3020,168,21,1,5.83333333332809,0.0,26,0
3020,169,21,-1,4.899999999994698,0.0,27,0
3020,170,19,1,3.966666666661307,0.0,28,0
3020,171,19,-1,3.033333333327918,0.0,29,0
3020,172,17,1,2.099999999994522,0.0,30,0
3020,173,17,-1,1.1666666666611272,0.0,31,0
3020,174,15,1,0.2333333333277389,0.0,32,0
3020,175,15,-1,-0.7666666666723231,0.0,33,0
3020,176,13,1,-1.7666666666723772,0.0,34,0
3020,177,13,-1,-2.76666666667244,0.0,35,0
3020,178,11,1,-3.766666666672496,0.0,36,0
3020,179,11,-1,-4.766666666672554,0.0,37,0
3020,180,9,1,-5.766666666672606,0.0,38,0
3020,181,9,-1,-6.766666666672657,0.0,39,0
3020,182,7,1,-7.766666666672714,0.0,40,0
3020,183,7,-1,-8.766666666672766,0.0,41,0
3020,184,5,1,-9.766666666672824,0.0,42,0
3020,185,5,-1,-10.766666666672874,0.0,43,0
3020,186,3,1,-11.766666666672933,0.0,44,0
3020,187,3,-1,-12.766666666672984,0.0,45,0
3020,188,1,-1,-13.766666666673034,0.0,46,0
