time_step,passenger_sequence,target_x,target_y,current_x,current_y,current_cell,state
3053,158,31,1,18.466666666662018,0.0,14,0
3053,159,31,-1,17.53333333332861,0.0,14,0
3053,160,29,1,16.599999999995198,0.0,15,0
3053,161,29,-1,15.666666666661806,0.0,16,0
3053,162,27,1,14.733333333328414,0.0,17,0
3053,163,27,-1,13.799999999995022,0.0,18,0
3053,164,25,1,12.866666666661631,0.0,19,0
3053,165,25,-1,11.933333333328246,0.0,20,0
3053,166,23,1,10.999999999994854,0.0,21,0
3053,167,23,-1,10.066666666661463,0.0,22,0
3053,168,21,1,9.133333333328078,0.0,23,0
3053,169,21,-1,8.199999999994686,0.0,24,0
3053,170,19,1,7.266666666661296,0.0,25,0
3053,171,19,-1,6.333333333327911,0.0,26,0
3053,172,17,1,5.3999999999945185,0.0,27,0
3053,173,17,-1,4.466666666661128,0.0,28,0
3053,174,15,1,3.533333333327741,0.0,28,0
3053,175,15,-1,2.5999999999943446,0.0,29,0
3053,176,13,1,1.666666666660957,0.0,30,0
3053,177,13,-1,0.7333333333275612,0.0,31,0
3053,178,11,1,-0.20000000000582704,0.0,32,0
3053,179,11,-1,-1.2000000000058877,0.0,33,0
3053,180,9,1,-2.2000000000059434,0.0,34,0
3053,181,9,-1,-3.2000000000059994,0.0,35,0
3053,182,7,1,-4.20000000000606,0.0,36,0
3053,183,7,-1,-5.200000000006112,0.0,37,0
3053,184,5,1,-6.20000000000617,0.0,38,0
3053,185,5,-1,-7.20000000000622,0.0,39,0
3053,186,3,1,-8.200000000006279,0.0,40,0
3053,187,3,-1,-9.20000000000633,0.0,41,0
3053,188,1,-1,-10.20000000000638,0.0,42,0
