time_step,passenger_sequence,target_x,target_y,current_x,current_y,current_cell,state
3212,161,29,-1,27.966666666661975,0.0,4,0
3212,163,27,-1,26.099999999995156,0.0,6,0
3212,165,25,-1,23.933333333328346,0.0,8,0
3212,167,23,-1,21.966666666661528,0.0,10,0
3212,169,21,-1,20.099999999994715,0.0,12,0
3212,171,19,-1,17.933333333327905,0.0,14,0
3212,173,17,-1,16.06666666666109,0.0,16,0
3212,175,15,-1,14.19999999999431,0.0,18,0
3212,177,13,-1,12.033333333327535,0.0,20,0
3212,179,11,-1,10.06666666666076,0.0,22,0
3212,181,9,-1,8.19999999999399,0.0,24,0
3212,183,7,-1,6.033333333327215,0.0,26,0
3212,185,5,-1,4.06666666666044,0.0,28,0
3212,187,3,-1,2.199999999993655,0.0,30,0
