time_step,passenger_sequence,target_x,target_y,current_x,current_y,current_cell,state
3021,158,31,1,15.266666666661985,0.0,17,0
3021,159,31,-1,14.333333333328593,0.0,18,0
3021,160,29,1,13.3999999999952,0.0,19,0
3021,161,29,-1,12.466666666661817,0.0,20,0
3021,162,27,1,11.533333333328425,0.0,20,0
3021,163,27,-1,10.599999999995033,0.0,21,0
3021,164,25,1,9.666666666661643,0.0,22,0
3021,165,25,-1,8.733333333328257,0.0,23,0
3021,166,23,1,7.799999999994865,0.0,24,0
3021,167,23,-1,6.866666666661475,0.0,25,0
3021,168,21,1,5.93333333332809,0.0,26,0
3021,169,21,-1,4.999999999994698,0.0,27,0
3021,170,19,1,4.066666666661307,0.0,28,0
3021,171,19,-1,3.133333333327918,0.0,29,0
3021,172,17,1,2.199999999994522,0.0,30,0
3021,173,17,-1,1.2666666666611273,0.0,31,0
3021,174,15,1,0.3333333333277389,0.0,32,0
3021,175,15,-1,-0.6666666666723231,0.0,33,0
3021,176,13,1,-1.666666666672377,0.0,34,0
3021,177,13,-1,-2.66666666667244,0.0,35,0
3021,178,11,1,-3.666666666672496,0.0,36,0
3021,179,11,-1,-4.666666666672555,0.0,37,0
3021,180,9,1,-5.666666666672606,0.0,38,0
3021,181,9,-1,-6.666666666672658,0.0,39,0
3021,182,7,1,-7.666666666672715,0.0,40,0
3021,183,7,-1,-8.666666666672766,0.0,41,0
3021,184,5,1,-9.666666666672825,0.0,42,0
3021,185,5,-1,-10.666666666672874,0.0,43,0
3021,186,3,1,-11.666666666672933,0.0,44,0
3021,187,3,-1,-12.666666666672985,0.0,45,0
3021,188,1,-1,-13.666666666673034,0.0,46,0
