time_step,passenger_sequence,target_x,target_y,current_x,current_y,current_cell,state
3028,158,31,1,15.966666666661983,0.0,16,0
3028,159,31,-1,15.03333333332859,0.0,17,0
3028,160,29,1,14.099999999995198,0.0,18,0
3028,161,29,-1,13.166666666661815,0.0,19,0
3028,162,27,1,12.233333333328423,0.0,20,0
3028,163,27,-1,11.29999999999503,0.0,21,0
3028,164,25,1,10.36666666666164,0.0,22,0
3028,165,25,-1,9.433333333328255,0.0,23,0
3028,166,23,1,8.499999999994863,0.0,24,0
3028,167,23,-1,7.566666666661472,0.0,24,0
3028,168,21,1,6.633333333328087,0.0,25,0
3028,169,21,-1,5.699999999994695,0.0,26,0
3028,170,19,1,4.766666666661305,0.0,27,0
3028,171,19,-1,3.8333333333279187,0.0,28,0
3028,172,17,1,2.8999999999945225,0.0,29,0
3028,173,17,-1,1.9666666666611279,0.0,30,0
3028,174,15,1,1.0333333333277388,0.0,31,0
3028,175,15,-1,0.0999999999943435,0.0,32,0
3028,176,13,1,-0.9000000000057099,0.0,33,0
3028,177,13,-1,-1.9000000000057726,0.0,34,0
3028,178,11,1,-2.9000000000058286,0.0,35,0
3028,179,11,-1,-3.9000000000058903,0.0,36,0
3028,180,9,1,-4.900000000005942,0.0,37,0
3028,181,9,-1,-5.900000000005994,0.0,38,0
3028,182,7,1,-6.900000000006051,0.0,39,0
3028,183,7,-1,-7.900000000006102,0.0,40,0
3028,184,5,1,-8.90000000000616,0.0,41,0
3028,185,5,-1,-9.90000000000621,0.0,42,0
3028,186,3,1,-10.90000000000627,0.0,43,0
3028,187,3,-1,-11.90000000000632,0.0,44,0
3028,188,1,-1,-12.90000000000637,0.0,45,0
