time_step,passenger_sequence,target_x,target_y,current_x,current_y,current_cell,state
3162,158,31,1,29.833333333328838,0.0,2,0
3162,159,31,-1,28.433333333328765,0.0,4,0
3162,160,29,1,27.499999999995353,0.0,5,0
3162,161,29,-1,26.566666666661956,0.0,5,0
3162,162,27,1,25.633333333328547,0.0,6,0
3162,163,27,-1,24.699999999995136,0.0,7,0
3162,164,25,1,23.76666666666173,0.0,8,0
3162,165,25,-1,22.83333333332833,0.0,9,0
3162,166,23,1,21.899999999994918,0.0,10,0
3162,167,23,-1,20.966666666661514,0.0,11,0
3162,168,21,1,20.033333333328113,0.0,12,0
3162,169,21,-1,19.0999999999947,0.0,13,0
3162,170,19,1,18.166666666661296,0.0,14,0
3162,171,19,-1,17.233333333327895,0.0,15,0
3162,172,17,1,16.299999999994483,0.0,16,0
3162,173,17,-1,15.36666666666109,0.0,17,0
3162,174,15,1,14.433333333327704,0.0,18,0
3162,175,15,-1,13.499999999994312,0.0,19,0
3162,176,13,1,12.566666666660929,0.0,19,2
3162,177,13,-1,11.533333333327537,0.0,20,1
3162,178,11,1,10.599999999994152,0.0,21,2
3162,179,11,-1,9.566666666660762,0.0,22,1
3162,180,9,1,8.533333333327377,0.0,23,2
3162,181,9,-1,7.699999999993992,0.0,24,1
3162,182,7,1,6.566666666660602,0.0,25,2
3162,183,7,-1,5.533333333327217,0.0,26,1
3162,184,5,1,4.599999999993825,0.0,27,2
3162,185,5,-1,3.56666666666044,0.0,28,1
3162,186,3,1,2.5333333333270436,0.0,29,2
3162,187,3,-1,1.6999999999936548,0.0,30,1
3162,188,1,-1,0.5666666666602674,0.0,31,2
