time_step,passenger_sequence,target_x,target_y,current_x,current_y,current_cell,state
3666,156,29,-2,18.999999999995524,0.0,13,0
3666,159,18,-3,14.599999999995296,0.0,17,0
3666,160,25,-3,13.566666666661906,0.0,18,0
3666,161,29,1,10.93333333332852,0.0,21,0
3666,162,17,-1,9.999999999995127,0.0,22,0
3666,163,21,3,9.066666666661737,0.0,23,0
3666,164,13,-1,8.133333333328345,0.0,24,0
3666,165,17,-2,7.199999999994953,0.0,25,0
3666,166,22,1,6.266666666661569,0.0,26,0
3666,167,17,1,5.333333333328177,0.0,27,0
3666,168,22,2,6.099999999994779,0.0,26,0
3666,169,24,3,3.466666666661392,0.0,29,0
3666,170,9,2,2.5333333333279957,0.0,29,0
3666,171,3,2,1.5999999999945997,0.0,30,0
3666,172,22,-2,0.6666666666612124,0.0,31,0
3666,173,4,-2,-0.266666666672183,0.0,32,0
3666,174,19,-1,-1.266666666672245,0.0,33,0
3666,175,25,-2,-2.2666666666722994,0.0,34,0
3666,176,27,2,-3.2666666666723625,0.0,35,0
3666,177,2,-2,-4.266666666672425,0.0,36,0
3666,178,28,2,-5.2666666666724815,0.0,37,0
3666,179,6,-3,-6.266666666672533,0.0,38,0
3666,180,32,3,-7.266666666672592,0.0,39,0
3666,181,15,3,-8.266666666672641,0.0,40,0
3666,182,29,2,-9.2666666666727,0.0,41,0
3666,183,2,3,-10.266666666672759,0.0,42,0
3666,184,18,3,-11.266666666672808,0.0,43,0
3666,185,15,-3,-12.266666666672867,0.0,44,0
3666,186,11,-3,-13.266666666672918,0.0,45,0
3666,187,3,-2,-14.266666666672975,0.0,46,0
3666,188,18,1,-15.266666666673027,0.0,47,0
