time_step,passenger_sequence,target_x,target_y,current_x,current_y,current_cell,state
3834,161,29,1,22.633333333328597,0.0,9,0
3834,163,21,3,19.466666666661762,0.0,13,0
3834,166,22,1,15.066666666661538,0.0,17,0
3834,167,17,1,14.133333333328146,0.0,18,0
3834,168,22,2,13.199999999994754,0.0,19,0
3834,169,24,3,10.56666666666137,0.0,21,0
3834,172,22,-2,5.666666666661209,0.0,26,0
3834,174,19,-1,3.799999999994424,0.0,28,0
3834,175,25,-2,2.3666666666610356,0.0,30,0
3834,176,27,2,1.4333333333276397,0.0,31,0
3834,177,2,-2,0.49999999999424405,0.0,32,0
3834,178,28,2,-0.5000000000058166,0.0,33,0
3834,179,6,-3,-1.5000000000058717,0.0,34,0
3834,180,32,3,-2.500000000005935,0.0,35,0
3834,181,15,3,-3.5000000000059894,0.0,36,0
3834,182,29,2,-4.50000000000605,0.0,37,0
3834,183,2,3,-5.500000000006109,0.0,38,0
3834,184,18,3,-6.500000000006159,0.0,39,0
3834,185,15,-3,-7.500000000006217,0.0,40,0
3834,186,11,-3,-8.500000000006269,0.0,41,0
3834,187,3,-2,-9.500000000006326,0.0,42,0
3834,188,18,1,-10.500000000006377,0.0,43,0
