time_step,passenger_sequence,target_x,target_y,current_x,current_y,current_cell,state
3361,142,31,1,22.6333333333298,0.0,9,0
3361,144,26,1,18.19999999999628,0.0,14,0
3361,146,18,2,14.633333333329459,0.0,17,0
3361,147,16,1,13.69999999999606,0.0,18,0
3361,148,20,-3,12.766666666662669,0.0,19,0
3361,149,32,-3,11.833333333329277,0.0,20,0
3361,151,24,-3,8.266666666662493,0.0,24,0
3361,152,8,2,7.333333333329101,0.0,25,0
3361,154,19,-2,4.866666666662313,0.0,27,0
3361,155,8,1,3.9333333333289207,0.0,28,0
3361,156,29,-2,2.9999999999955245,0.0,29,0
3361,157,11,2,2.0666666666621296,0.0,30,0
3361,158,5,-3,1.1333333333287265,0.0,31,0
3361,159,18,-3,0.19999999999533116,0.0,32,0
3361,160,25,-3,-0.8000000000047294,0.0,33,0
3361,161,29,1,-1.800000000004792,0.0,34,0
3361,162,17,-1,-2.800000000004855,0.0,35,0
3361,163,21,3,-3.800000000004917,0.0,36,0
3361,164,13,-1,-4.800000000004976,0.0,37,0
3361,165,17,-2,-5.800000000005035,0.0,38,0
3361,166,22,1,-6.800000000005085,0.0,39,0
3361,167,17,1,-7.800000000005143,0.0,40,0
3361,168,22,2,-8.800000000005202,0.0,41,0
3361,169,24,3,-9.800000000005259,0.0,42,0
3361,170,9,2,-10.800000000005317,0.0,43,0
3361,171,3,2,-11.800000000005376,0.0,44,0
3361,172,22,-2,-12.800000000005426,0.0,45,0
3361,173,4,-2,-13.800000000005484,0.0,46,0
3361,174,19,-1,-14.800000000005543,0.0,47,0
3361,175,25,-2,-15.800000000005593,0.0,48,0
3361,176,27,2,-16.800000000005664,0.0,49,0
3361,177,2,-2,-17.80000000000574,0.0,50,0
3361,178,28,2,-18.800000000005813,0.0,51,0
3361,179,6,-3,-19.80000000000588,0.0,52,0
3361,180,32,3,-20.800000000005955,0.0,53,0
3361,181,15,3,-21.800000000006023,0.0,54,0
3361,182,29,2,-22.800000000006097,0.0,55,0
3361,183,2,3,-23.80000000000617,0.0,56,0
3361,184,18,3,-24.80000000000624,0.0,57,0
3361,185,15,-3,-25.800000000006314,0.0,58,0
3361,186,11,-3,-26.80000000000638,0.0,59,0
3361,187,3,-2,-27.800000000006456,0.0,60,0
3361,188,18,1,-28.800000000006523,0.0,61,0
