time_step,passenger_sequence,target_x,target_y,current_x,current_y,current_cell,state
3779,156,29,-2,28.59999999999566,0.0,3,3
3779,160,25,-3,21.466666666661975,0.0,11,0
3779,161,29,1,18.833333333328543,0.0,13,0
3779,163,21,3,15.666666666661714,0.0,16,0
3779,165,17,-2,15.099999999994925,0.0,17,0
3779,166,22,1,12.866666666661546,0.0,19,0
3779,167,17,1,11.933333333328154,0.0,20,0
3779,168,22,2,10.999999999994762,0.0,21,0
3779,169,24,3,8.366666666661377,0.0,24,0
3779,170,9,2,7.433333333327985,0.0,25,0
3779,172,22,-2,3.8666666666612146,0.0,28,0
3779,173,4,-2,2.9333333333278184,0.0,29,0
3779,174,19,-1,1.9999999999944225,0.0,30,0
3779,175,25,-2,1.0666666666610347,0.0,31,0
3779,176,27,2,0.13333333332763941,0.0,32,0
3779,177,2,-2,-0.8666666666724225,0.0,33,0
3779,178,28,2,-1.8666666666724838,0.0,34,0
3779,179,6,-3,-2.8666666666725398,0.0,35,0
3779,180,32,3,-3.866666666672603,0.0,36,0
3779,181,15,3,-4.8666666666726535,0.0,37,0
3779,182,29,2,-5.866666666672712,0.0,38,0
3779,183,2,3,-6.866666666672771,0.0,39,0
3779,184,18,3,-7.86666666667282,0.0,40,0
3779,185,15,-3,-8.866666666672879,0.0,41,0
3779,186,11,-3,-9.86666666667293,0.0,42,0
3779,187,3,-2,-10.866666666672987,0.0,43,0
3779,188,18,1,-11.866666666673039,0.0,44,0
