time_step,passenger_sequence,target_x,target_y,current_x,current_y,current_cell,state
3210,133,28,3,25.89999999999709,0.0,6,0
3210,134,25,2,23.199999999996987,0.0,9,0
3210,137,24,-1,18.066666666663387,0.0,14,0
3210,142,31,1,11.233333333329725,0.0,21,0
3210,144,26,1,6.799999999996283,0.0,25,0
3210,145,6,1,5.266666666662887,0.0,27,0
3210,146,18,2,4.333333333329495,0.0,28,0
3210,147,16,1,3.3999999999960933,0.0,29,0
3210,148,20,-3,2.4666666666626984,0.0,30,0
3210,149,32,-3,1.5333333333293024,0.0,30,0
3210,150,6,-1,0.5999999999958996,0.0,31,0
3210,151,24,-3,-0.400000000004161,0.0,32,0
3210,152,8,2,-1.4000000000042232,0.0,33,0
3210,153,2,-1,-2.4000000000042934,0.0,34,0
3210,154,19,-2,-3.400000000004355,0.0,35,0
3210,155,8,1,-4.400000000004416,0.0,36,0
3210,156,29,-2,-5.400000000004475,0.0,37,0
3210,157,11,2,-6.400000000004532,0.0,38,0
3210,158,5,-3,-7.400000000004598,0.0,39,0
3210,159,18,-3,-8.400000000004656,0.0,40,0
3210,160,25,-3,-9.400000000004713,0.0,41,0
3210,161,29,1,-10.400000000004772,0.0,42,0
3210,162,17,-1,-11.40000000000483,0.0,43,0
3210,163,21,3,-12.400000000004887,0.0,44,0
3210,164,13,-1,-13.400000000004946,0.0,45,0
3210,165,17,-2,-14.400000000005004,0.0,46,0
3210,166,22,1,-15.400000000005054,0.0,47,0
3210,167,17,1,-16.400000000005118,0.0,48,0
3210,168,22,2,-17.400000000005193,0.0,49,0
3210,169,24,3,-18.400000000005267,0.0,50,0
3210,170,9,2,-19.400000000005342,0.0,51,0
3210,171,3,2,-20.400000000005416,0.0,52,0
3210,172,22,-2,-21.400000000005484,0.0,53,0
3210,173,4,-2,-22.40000000000556,0.0,54,0
3210,174,19,-1,-23.400000000005633,0.0,55,0
3210,175,25,-2,-24.4000000000057,0.0,56,0
3210,176,27,2,-25.400000000005775,0.0,57,0
3210,177,2,-2,-26.40000000000585,0.0,58,0
3210,178,28,2,-27.400000000005925,0.0,59,0
3210,179,6,-3,-28.400000000005992,0.0,60,0
3210,180,32,3,-29.400000000006067,0.0,61,0
3210,181,15,3,-30.400000000006134,0.0,62,0
3210,182,29,2,-31.40000000000621,0.0,63,0
3210,183,2,3,-32.40000000000629,0.0,64,0
3210,184,18,3,-33.40000000000636,0.0,65,0
3210,185,15,-3,-34.400000000006436,0.0,66,0
3210,186,11,-3,-35.40000000000651,0.0,67,0
3210,187,3,-2,-36.400000000006585,0.0,68,0
3210,188,18,1,-37.400000000006656,0.0,69,0
