time_step,passenger_sequence,target_x,target_y,current_x,current_y,current_cell,state
3864,161,29,1,25.63333333332864,0.0,6,0
3864,166,22,1,16.36666666666154,0.0,16,0
3864,167,17,1,15.433333333328141,0.0,17,0
3864,168,22,2,14.499999999994749,0.0,18,0
3864,169,24,3,11.866666666661365,0.0,20,0
3864,172,22,-2,6.9666666666612045,0.0,25,0
3864,174,19,-1,5.09999999999442,0.0,27,0
3864,175,25,-2,3.666666666661037,0.0,28,0
3864,176,27,2,2.7333333333276406,0.0,29,0
3864,178,28,2,0.86666666666085,0.0,31,0
3864,179,6,-3,-0.06666666667253823,0.0,32,0
3864,180,32,3,-1.0666666666726001,0.0,33,0
3864,181,15,3,-2.0666666666726545,0.0,34,0
3864,182,29,2,-3.0666666666727176,0.0,35,0
3864,183,2,3,-4.066666666672781,0.0,36,0
3864,184,18,3,-5.06666666667283,0.0,37,0
3864,185,15,-3,-6.066666666672889,0.0,38,0
3864,186,11,-3,-7.0666666666729405,0.0,39,0
3864,187,3,-2,-8.066666666672997,0.0,40,0
3864,188,18,1,-9.066666666673049,0.0,41,0
