time_step,passenger_sequence,target_x,target_y,current_x,current_y,current_cell,state
3742,156,29,-2,26.59999999999563,0.0,5,0
3742,160,25,-3,19.466666666661947,0.0,13,0
3742,161,29,1,16.833333333328515,0.0,15,0
3742,162,17,-1,15.899999999995106,0.0,16,0
3742,163,21,3,14.966666666661716,0.0,17,0
3742,164,13,-1,12.53333333332833,0.0,19,2
3742,165,17,-2,11.499999999994937,0.0,21,1
3742,166,22,1,12.266666666661548,0.0,20,1
3742,167,17,1,11.233333333328156,0.0,21,0
3742,168,22,2,10.399999999994764,0.0,22,1
3742,169,24,3,7.766666666661379,0.0,24,1
3742,170,9,2,6.833333333327987,0.0,25,1
3742,172,22,-2,3.266666666661214,0.0,29,1
3742,173,4,-2,2.333333333327818,0.0,30,1
3742,174,19,-1,1.399999999994422,0.0,31,1
3742,175,25,-2,0.46666666666103485,0.0,32,1
3742,176,27,2,-0.5333333333390272,0.0,33,1
3742,177,2,-2,-1.5333333333390895,0.0,34,1
3742,178,28,2,-2.5333333333391512,0.0,35,1
3742,179,6,-3,-3.533333333339207,0.0,36,1
3742,180,32,3,-4.533333333339268,0.0,37,1
3742,181,15,3,-5.533333333339318,0.0,38,1
3742,182,29,2,-6.533333333339376,0.0,39,1
3742,183,2,3,-7.533333333339435,0.0,40,1
3742,184,18,3,-8.533333333339485,0.0,41,1
3742,185,15,-3,-9.533333333339543,0.0,42,1
3742,186,11,-3,-10.533333333339595,0.0,43,1
3742,187,3,-2,-11.533333333339652,0.0,44,1
3742,188,18,1,-12.533333333339703,0.0,45,1
