time_step,passenger_sequence,target_x,target_y,current_x,current_y,current_cell,state
3873,161,29,1,26.533333333328653,0.0,5,0
3873,166,22,1,17.266666666661553,0.0,15,0
3873,167,17,1,16.333333333328145,0.0,16,0
3873,168,22,2,15.399999999994746,0.0,17,0
3873,169,24,3,12.766666666661362,0.0,19,0
3873,172,22,-2,7.866666666661201,0.0,24,0
3873,174,19,-1,5.999999999994417,0.0,26,0
3873,175,25,-2,4.566666666661035,0.0,27,0
3873,176,27,2,3.6333333333276414,0.0,28,0
3873,178,28,2,1.7666666666608506,0.0,30,0
3873,179,6,-3,0.8333333333274617,0.0,31,0
3873,180,32,3,-0.10000000000593362,0.0,32,0
3873,181,15,3,-1.100000000005987,0.0,33,0
3873,182,29,2,-2.10000000000605,0.0,34,0
3873,183,2,3,-3.100000000006113,0.0,35,0
3873,184,18,3,-4.100000000006167,0.0,36,0
3873,185,15,-3,-5.100000000006226,0.0,37,0
3873,186,11,-3,-6.100000000006277,0.0,38,0
3873,187,3,-2,-7.100000000006334,0.0,39,0
3873,188,18,1,-8.100000000006386,0.0,40,0
