time_step,passenger_sequence,target_x,target_y,current_x,current_y,current_cell,state
3612,149,32,-3,29.466666666662782,0.0,3,0
3612,156,29,-2,15.299999999995485,0.0,17,0
3612,159,18,-3,10.899999999995309,0.0,21,0
3612,160,25,-3,9.866666666661919,0.0,22,0
3612,161,29,1,7.233333333328533,0.0,25,0
3612,162,17,-1,6.299999999995141,0.0,26,0
3612,163,21,3,5.36666666666175,0.0,27,0
3612,164,13,-1,4.433333333328358,0.0,28,0
3612,165,17,-2,3.4999999999949636,0.0,29,0
3612,166,22,1,2.566666666661576,0.0,29,0
3612,167,17,1,1.6333333333281799,0.0,30,0
3612,168,22,2,0.699999999994784,0.0,31,0
3612,169,24,3,-0.23333333333860992,0.0,32,0
3612,170,9,2,-1.233333333338672,0.0,33,0
3612,171,3,2,-2.233333333338735,0.0,34,0
3612,172,22,-2,-3.2333333333387895,0.0,35,0
3612,173,4,-2,-4.233333333338852,0.0,36,0
3612,174,19,-1,-5.23333333333891,0.0,37,0
3612,175,25,-2,-6.23333333333896,0.0,38,0
3612,176,27,2,-7.233333333339019,0.0,39,0
3612,177,2,-2,-8.233333333339077,0.0,40,0
3612,178,28,2,-9.233333333339134,0.0,41,0
3612,179,6,-3,-10.233333333339186,0.0,42,0
3612,180,32,3,-11.233333333339244,0.0,43,0
3612,181,15,3,-12.233333333339294,0.0,44,0
3612,182,29,2,-13.233333333339353,0.0,45,0
3612,183,2,3,-14.233333333339411,0.0,46,0
3612,184,18,3,-15.233333333339461,0.0,47,0
3612,185,15,-3,-16.233333333339523,0.0,48,0
3612,186,11,-3,-17.23333333333959,0.0,49,0
3612,187,3,-2,-18.233333333339665,0.0,50,0
3612,188,18,1,-19.233333333339733,0.0,51,0
