time_step,passenger_sequence,target_x,target_y,current_x,current_y,current_cell,state
3918,166,22,1,20.066666666661593,0.0,12,0
3918,168,22,2,16.49999999999475,0.0,16,0
3918,169,24,3,13.866666666661358,0.0,18,0
3918,172,22,-2,8.966666666661197,0.0,23,0
3918,174,19,-1,7.099999999994413,0.0,25,0
3918,175,25,-2,5.6666666666610315,0.0,26,0
3918,176,27,2,4.733333333327639,0.0,27,0
3918,178,28,2,2.8666666666608513,0.0,29,0
3918,179,6,-3,1.9333333333274625,0.0,30,0
3918,180,32,3,0.9999999999940663,0.0,31,0
3918,181,15,3,0.06666666666067955,0.0,32,0
3918,182,29,2,-0.9333333333393824,0.0,33,0
3918,183,2,3,-1.9333333333394451,0.0,34,0
3918,184,18,3,-2.9333333333394997,0.0,35,0
3918,185,15,-3,-3.933333333339563,0.0,36,0
3918,186,11,-3,-4.933333333339615,0.0,37,0
3918,187,3,-2,-5.933333333339672,0.0,38,0
3918,188,18,1,-6.933333333339723,0.0,39,0
