time_step,passenger_sequence,target_x,target_y,current_x,current_y,current_cell,state
3915,166,22,1,19.76666666666159,0.0,12,0
3915,168,22,2,16.199999999994745,0.0,16,0
3915,169,24,3,13.566666666661359,0.0,18,0
3915,172,22,-2,8.666666666661198,0.0,23,0
3915,174,19,-1,6.799999999994414,0.0,25,0
3915,175,25,-2,5.3666666666610325,0.0,27,0
3915,176,27,2,4.43333333332764,0.0,28,0
3915,178,28,2,2.566666666660851,0.0,29,0
3915,179,6,-3,1.6333333333274622,0.0,30,0
3915,180,32,3,0.6999999999940664,0.0,31,0
3915,181,15,3,-0.23333333333932046,0.0,32,0
3915,182,29,2,-1.2333333333393826,0.0,33,0
3915,183,2,3,-2.2333333333394454,0.0,34,0
3915,184,18,3,-3.2333333333395,0.0,35,0
3915,185,15,-3,-4.233333333339562,0.0,36,0
3915,186,11,-3,-5.233333333339614,0.0,37,0
3915,187,3,-2,-6.2333333333396705,0.0,38,0
3915,188,18,1,-7.233333333339722,0.0,39,0
