time_step,passenger_sequence,target_x,target_y,current_x,current_y,current_cell,state
3658,156,29,-2,18.199999999995512,0.0,14,0
3658,159,18,-3,13.799999999995299,0.0,18,0
3658,160,25,-3,12.766666666661909,0.0,19,0
3658,161,29,1,10.133333333328522,0.0,22,0
3658,162,17,-1,9.19999999999513,0.0,23,0
3658,163,21,3,8.26666666666174,0.0,24,0
3658,164,13,-1,7.333333333328348,0.0,25,0
3658,165,17,-2,6.3999999999949555,0.0,26,0
3658,166,22,1,5.466666666661572,0.0,27,0
3658,167,17,1,4.53333333332818,0.0,27,0
3658,168,22,2,5.299999999994782,0.0,27,0
3658,169,24,3,2.666666666661391,0.0,29,0
3658,170,9,2,1.7333333333279952,0.0,30,0
3658,171,3,2,0.7999999999945993,0.0,31,0
3658,172,22,-2,-0.13333333333878755,0.0,32,0
3658,173,4,-2,-1.1333333333388496,0.0,33,0
3658,174,19,-1,-2.1333333333389124,0.0,34,0
3658,175,25,-2,-3.133333333338967,0.0,35,0
3658,176,27,2,-4.13333333333903,0.0,36,0
3658,177,2,-2,-5.133333333339088,0.0,37,0
3658,178,28,2,-6.133333333339145,0.0,38,0
3658,179,6,-3,-7.133333333339197,0.0,39,0
3658,180,32,3,-8.133333333339255,0.0,40,0
3658,181,15,3,-9.133333333339305,0.0,41,0
3658,182,29,2,-10.133333333339364,0.0,42,0
3658,183,2,3,-11.133333333339422,0.0,43,0
3658,184,18,3,-12.133333333339472,0.0,44,0
3658,185,15,-3,-13.13333333333953,0.0,45,0
3658,186,11,-3,-14.133333333339582,0.0,46,0
3658,187,3,-2,-15.133333333339639,0.0,47,0
3658,188,18,1,-16.133333333339692,0.0,48,0
