time_step,passenger_sequence,target_x,target_y,current_x,current_y,current_cell,state
4023,169,24,3,20.96666666666142,0.0,11,0
4023,172,22,-2,16.066666666661174,0.0,16,0
4023,174,19,-1,14.199999999994388,0.0,18,0
4023,175,25,-2,12.766666666661006,0.0,19,0
4023,176,27,2,11.833333333327614,0.0,20,0
4023,178,28,2,9.966666666660831,0.0,22,0
4023,180,32,3,6.5999999999940595,0.0,25,0
4023,181,15,3,7.36666666666067,0.0,25,0
4023,182,29,2,4.733333333327284,0.0,27,0
4023,184,18,3,2.666666666660503,0.0,29,0
4023,185,15,-3,1.733333333327107,0.0,30,0
4023,186,11,-3,0.7999999999937182,0.0,31,0
4023,187,3,-2,-0.13333333333967573,0.0,32,0
4023,188,18,1,-1.1333333333397306,0.0,33,0
