time_step,passenger_sequence,target_x,target_y,current_x,current_y,current_cell,state
4164,175,25,-2,22.366666666661086,0.0,10,0
4164,176,27,2,21.433333333327678,0.0,11,0
4164,178,28,2,19.56666666666086,0.0,12,0
4164,180,32,3,16.199999999994027,0.0,16,0
4164,182,29,2,12.633333333327256,0.0,19,0
4164,184,18,3,10.566666666660481,0.0,21,0
4164,185,15,-3,9.633333333327089,0.0,22,0
4164,186,11,-3,8.699999999993704,0.0,23,0
4164,188,18,1,5.133333333326934,0.0,27,0
