time_step,passenger_sequence,target_x,target_y,current_x,current_y,current_cell,state
4264,178,28,2,26.166666666660955,0.0,6,0
4264,180,32,3,22.79999999999412,0.0,9,0
4264,182,29,2,19.23333333332729,0.0,13,0
4264,184,18,3,17.16666666666048,0.0,15,0
4264,188,18,1,11.233333333326913,0.0,21,0
