time_step,passenger_sequence,target_x,target_y,current_x,current_y,current_cell,state
3866,165,28,-1,25.56666666666172,0.0,6,0
3866,167,29,1,23.6999999999949,0.0,8,0
3866,169,29,-1,20.333333333328074,0.0,12,0
3866,171,28,1,16.866666666661235,0.0,15,0
3866,172,22,1,17.233333333327852,0.0,15,0
3866,173,21,1,15.49999999999444,0.0,17,0
3866,174,22,-1,14.56666666666105,0.0,17,0
3866,175,18,-1,13.033333333327667,0.0,19,0
3866,177,30,1,10.066666666660888,0.0,22,0
3866,178,17,-1,8.233333333327506,0.0,24,0
3866,180,27,1,8.066666666660717,0.0,24,0
3866,182,14,1,2.799999999993947,0.0,29,0
3866,183,10,-1,1.1666666666605587,0.0,31,0
3866,184,20,-1,0.23333333332716336,0.0,32,0
3866,185,25,-1,-0.7666666666728915,0.0,33,0
3866,186,6,1,-1.7666666666729527,0.0,34,0
3866,187,11,1,-2.7666666666730086,0.0,35,0
3866,188,10,1,-3.7666666666730646,0.0,36,0
