time_step,passenger_sequence,target_x,target_y,current_x,current_y,current_cell,state
3494,151,26,-1,21.433333333329184,0.0,11,0
3494,153,26,1,19.566666666662368,0.0,12,0
3494,154,23,-1,16.933333333328935,0.0,15,0
3494,155,31,1,15.999999999995525,0.0,16,0
3494,157,24,1,12.433333333328749,0.0,20,0
3494,159,16,1,8.866666666661972,0.0,23,0
3494,160,25,1,7.93333333332858,0.0,24,0
3494,162,19,-1,5.4666666666618,0.0,27,0
3494,163,8,1,4.533333333328407,0.0,27,0
3494,164,18,1,3.5999999999950134,0.0,28,0
3494,165,28,-1,2.6666666666616257,0.0,29,0
3494,166,9,-1,1.7333333333282297,0.0,30,0
3494,167,29,1,0.7999999999948337,0.0,31,0
3494,168,21,-1,-0.13333333333855307,0.0,32,0
3494,169,29,-1,-1.133333333338615,0.0,33,0
3494,170,9,1,-2.133333333338678,0.0,34,0
3494,171,28,1,-3.1333333333387396,0.0,35,0
3494,172,22,1,-4.133333333338795,0.0,36,0
3494,173,21,1,-5.133333333338854,0.0,37,0
3494,174,22,-1,-6.133333333338911,0.0,38,0
3494,175,18,-1,-7.133333333338962,0.0,39,0
3494,176,6,-1,-8.13333333333902,0.0,40,0
3494,177,30,1,-9.133333333339078,0.0,41,0
3494,178,17,-1,-10.13333333333913,0.0,42,0
3494,179,3,1,-11.133333333339188,0.0,43,0
3494,180,27,1,-12.133333333339245,0.0,44,0
3494,181,3,-1,-13.133333333339296,0.0,45,0
3494,182,14,1,-14.133333333339355,0.0,46,0
3494,183,10,-1,-15.133333333339404,0.0,47,0
3494,184,20,-1,-16.133333333339465,0.0,48,0
3494,185,25,-1,-17.133333333339532,0.0,49,0
3494,186,6,1,-18.133333333339607,0.0,50,0
3494,187,11,1,-19.133333333339674,0.0,51,0
3494,188,10,1,-20.133333333339742,0.0,52,0
