time_step,passenger_sequence,target_x,target_y,current_x,current_y,current_cell,state
3283,142,32,1,23.833333333329787,0.0,8,0
3283,144,31,-1,21.96666666666297,0.0,10,0
3283,147,16,-1,12.366666666662699,0.0,20,0
3283,148,19,1,11.433333333329314,0.0,21,0
3283,150,13,1,9.166666666662525,0.0,23,0
3283,151,26,-1,8.233333333329133,0.0,24,0
3283,153,26,1,4.666666666662357,0.0,27,0
3283,154,23,-1,3.733333333328963,0.0,28,0
3283,155,31,1,2.799999999995567,0.0,29,0
3283,156,12,-1,1.8666666666621723,0.0,30,0
3283,157,24,1,0.9333333333287762,0.0,31,0
3283,158,1,-1,-4.6191106495285794e-12,0.0,32,0
3283,159,16,1,-1.0000000000046796,0.0,33,0
3283,160,25,1,-2.0000000000047424,0.0,34,0
3283,161,5,1,-3.0000000000048055,0.0,35,0
3283,162,19,-1,-4.000000000004867,0.0,36,0
3283,163,8,1,-5.000000000004926,0.0,37,0
3283,164,18,1,-6.0000000000049845,0.0,38,0
3283,165,28,-1,-7.000000000005034,0.0,39,0
3283,166,9,-1,-8.000000000005093,0.0,40,0
3283,167,29,1,-9.000000000005151,0.0,41,0
3283,168,21,-1,-10.000000000005201,0.0,42,0
3283,169,29,-1,-11.00000000000526,0.0,43,0
3283,170,9,1,-12.000000000005318,0.0,44,0
3283,171,28,1,-13.000000000005375,0.0,45,0
3283,172,22,1,-14.000000000005427,0.0,46,0
3283,173,21,1,-15.000000000005485,0.0,47,0
3283,174,22,-1,-16.000000000005542,0.0,48,0
3283,175,18,-1,-17.00000000000561,0.0,49,0
3283,176,6,-1,-18.000000000005684,0.0,50,0
3283,177,30,1,-19.00000000000576,0.0,51,0
3283,178,17,-1,-20.000000000005826,0.0,52,0
3283,179,3,1,-21.0000000000059,0.0,53,0
3283,180,27,1,-22.000000000005976,0.0,54,0
3283,181,3,-1,-23.000000000006043,0.0,55,0
3283,182,14,1,-24.000000000006118,0.0,56,0
3283,183,10,-1,-25.000000000006185,0.0,57,0
3283,184,20,-1,-26.00000000000626,0.0,58,0
3283,185,25,-1,-27.000000000006327,0.0,59,0
3283,186,6,1,-28.000000000006402,0.0,60,0
3283,187,11,1,-29.00000000000647,0.0,61,0
3283,188,10,1,-30.000000000006537,0.0,62,0
