time_step,passenger_sequence,target_x,target_y,current_x,current_y,current_cell,state
3770,165,28,-1,15.966666666661585,0.0,16,0
3770,167,29,1,14.0999999999948,0.0,18,0
3770,168,21,-1,13.166666666661417,0.0,19,0
3770,169,29,-1,12.433333333328024,0.0,20,0
3770,171,28,1,8.966666666661247,0.0,23,0
3770,172,22,1,7.6333333333278635,0.0,24,0
3770,173,21,1,7.599999999994468,0.0,24,0
3770,174,22,-1,6.666666666661078,0.0,25,0
3770,175,18,-1,5.133333333327695,0.0,27,0
3770,176,6,-1,4.1999999999943025,0.0,28,0
3770,177,30,1,3.866666666660909,0.0,28,0
3770,178,17,-1,2.033333333327519,0.0,30,0
3770,179,3,1,1.0999999999941232,0.0,31,0
3770,180,27,1,0.1666666666607293,0.0,32,0
3770,181,3,-1,-0.8333333333393256,0.0,33,0
3770,182,14,1,-1.8333333333393882,0.0,34,0
3770,183,10,-1,-2.833333333339443,0.0,35,0
3770,184,20,-1,-3.833333333339506,0.0,36,0
3770,185,25,-1,-4.833333333339558,0.0,37,0
3770,186,6,1,-5.833333333339615,0.0,38,0
3770,187,11,1,-6.833333333339667,0.0,39,0
3770,188,10,1,-7.833333333339718,0.0,40,0
