time_step,passenger_sequence,target_x,target_y,current_x,current_y,current_cell,state
3665,155,31,1,29.69999999999571,0.0,2,0
3665,160,25,1,17.83333333332858,0.0,14,0
3665,162,19,-1,15.366666666661764,0.0,17,0
3665,164,18,1,13.49999999999498,0.0,19,0
3665,165,28,-1,11.4666666666616,0.0,21,0
3665,167,29,1,9.599999999994816,0.0,22,0
3665,168,21,-1,8.666666666661433,0.0,23,0
3665,169,29,-1,7.93333333332804,0.0,24,0
3665,170,9,1,5.6999999999946525,0.0,26,0
3665,171,28,1,4.766666666661262,0.0,27,0
3665,172,22,1,3.4333333333278757,0.0,29,0
3665,173,21,1,2.4999999999944795,0.0,30,0
3665,174,22,-1,1.566666666661085,0.0,30,0
3665,175,18,-1,0.6333333333276963,0.0,31,0
3665,176,6,-1,-0.30000000000569915,0.0,32,0
3665,177,30,1,-1.3000000000057599,0.0,33,0
3665,178,17,-1,-2.3000000000058156,0.0,34,0
3665,179,3,1,-3.3000000000058787,0.0,35,0
3665,180,27,1,-4.300000000005939,0.0,36,0
3665,181,3,-1,-5.300000000005991,0.0,37,0
3665,182,14,1,-6.300000000006049,0.0,38,0
3665,183,10,-1,-7.300000000006099,0.0,39,0
3665,184,20,-1,-8.300000000006158,0.0,40,0
3665,185,25,-1,-9.300000000006209,0.0,41,0
3665,186,6,1,-10.300000000006266,0.0,42,0
3665,187,11,1,-11.300000000006317,0.0,43,0
3665,188,10,1,-12.300000000006369,0.0,44,0
