time_step,passenger_sequence,target_x,target_y,current_x,current_y,current_cell,state
3812,165,28,-1,20.166666666661644,0.0,12,0
3812,167,29,1,18.299999999994824,0.0,14,0
3812,168,21,-1,17.366666666661427,0.0,15,0
3812,169,29,-1,16.63333333332802,0.0,15,0
3812,171,28,1,13.166666666661232,0.0,19,0
3812,172,22,1,11.833333333327849,0.0,20,0
3812,173,21,1,11.799999999994453,0.0,20,0
3812,174,22,-1,10.866666666661063,0.0,21,0
3812,175,18,-1,9.33333333332768,0.0,23,0
3812,177,30,1,6.366666666660901,0.0,26,0
3812,178,17,-1,4.533333333327519,0.0,27,0
3812,179,3,1,2.5999999999941243,0.0,29,2
3812,180,27,1,4.3666666666607306,0.0,28,0
3812,181,3,-1,0.633333333327341,0.0,31,1
3812,182,14,1,-0.3000000000060544,0.0,32,1
3812,183,10,-1,-1.300000000006108,0.0,33,1
3812,184,20,-1,-2.300000000006171,0.0,34,1
3812,185,25,-1,-3.300000000006227,0.0,35,1
3812,186,6,1,-4.300000000006287,0.0,36,1
3812,187,11,1,-5.300000000006339,0.0,37,1
3812,188,10,1,-6.30000000000639,0.0,38,1
