time_step,passenger_sequence,target_x,target_y,current_x,current_y,current_cell,state
3874,165,28,-1,26.366666666661732,0.0,6,0
3874,167,29,1,24.499999999994913,0.0,8,0
3874,169,29,-1,21.133333333328086,0.0,11,0
3874,171,28,1,17.666666666661246,0.0,14,0
3874,172,22,1,18.033333333327864,0.0,14,0
3874,173,21,1,16.29999999999444,0.0,16,0
3874,174,22,-1,15.366666666661047,0.0,17,0
3874,175,18,-1,13.833333333327664,0.0,18,0
3874,177,30,1,10.866666666660885,0.0,21,0
3874,178,17,-1,9.033333333327503,0.0,23,0
3874,180,27,1,8.866666666660715,0.0,23,0
3874,182,14,1,3.5999999999939476,0.0,28,0
3874,183,10,-1,1.9666666666605594,0.0,30,0
3874,184,20,-1,1.0333333333271633,0.0,31,0
3874,185,25,-1,0.09999999999377507,0.0,32,0
3874,186,6,1,-0.9000000000062854,0.0,33,0
3874,187,11,1,-1.900000000006341,0.0,34,0
3874,188,10,1,-2.900000000006397,0.0,35,0
