time_step,passenger_sequence,target_x,target_y,current_x,current_y,current_cell,state
3839,165,28,-1,22.866666666661683,0.0,9,0
3839,167,29,1,20.999999999994863,0.0,11,0
3839,168,21,-1,20.066666666661465,0.0,12,0
3839,169,29,-1,19.33333333332806,0.0,13,0
3839,171,28,1,15.866666666661223,0.0,16,0
3839,172,22,1,14.533333333327839,0.0,17,0
3839,173,21,1,14.499999999994444,0.0,18,0
3839,174,22,-1,13.566666666661053,0.0,18,0
3839,175,18,-1,12.03333333332767,0.0,20,0
3839,177,30,1,9.066666666660891,0.0,23,0
3839,178,17,-1,7.23333333332751,0.0,25,0
3839,180,27,1,7.066666666660721,0.0,25,0
3839,181,3,-1,2.533333333327342,0.0,29,2
3839,182,14,1,1.7999999999939462,0.0,30,0
3839,183,10,-1,0.5666666666605588,0.0,31,1
3839,184,20,-1,-0.4333333333395033,0.0,32,1
3839,185,25,-1,-1.4333333333395584,0.0,33,1
3839,186,6,1,-2.43333333333962,0.0,34,1
3839,187,11,1,-3.433333333339676,0.0,35,1
3839,188,10,1,-4.43333333333973,0.0,36,1
