time_step,passenger_sequence,target_x,target_y,current_x,current_y,current_cell,state
3507,151,26,-1,22.733333333329202,0.0,9,0
3507,153,26,1,20.866666666662386,0.0,11,0
3507,154,23,-1,18.233333333328954,0.0,14,0
3507,155,31,1,17.299999999995542,0.0,15,0
3507,157,24,1,13.733333333328744,0.0,18,0
3507,159,16,1,10.166666666661968,0.0,22,0
3507,160,25,1,9.233333333328575,0.0,23,0
3507,162,19,-1,6.766666666661795,0.0,25,0
3507,163,8,1,5.833333333328403,0.0,26,0
3507,164,18,1,4.899999999995011,0.0,27,0
3507,165,28,-1,3.966666666661627,0.0,28,0
3507,166,9,-1,3.0333333333282306,0.0,29,0
3507,167,29,1,2.0999999999948344,0.0,30,0
3507,168,21,-1,1.166666666661447,0.0,31,0
3507,169,29,-1,0.23333333332805153,0.0,32,0
3507,170,9,1,-0.7666666666720104,0.0,33,0
3507,171,28,1,-1.7666666666720716,0.0,34,0
3507,172,22,1,-2.7666666666721276,0.0,35,0
3507,173,21,1,-3.7666666666721906,0.0,36,0
3507,174,22,-1,-4.766666666672249,0.0,37,0
3507,175,18,-1,-5.7666666666723,0.0,38,0
3507,176,6,-1,-6.766666666672359,0.0,39,0
3507,177,30,1,-7.766666666672416,0.0,40,0
3507,178,17,-1,-8.766666666672467,0.0,41,0
3507,179,3,1,-9.766666666672526,0.0,42,0
3507,180,27,1,-10.766666666672583,0.0,43,0
3507,181,3,-1,-11.766666666672634,0.0,44,0
3507,182,14,1,-12.766666666672693,0.0,45,0
3507,183,10,-1,-13.766666666672743,0.0,46,0
3507,184,20,-1,-14.766666666672801,0.0,47,0
3507,185,25,-1,-15.766666666672853,0.0,48,0
3507,186,6,1,-16.766666666672922,0.0,49,0
3507,187,11,1,-17.76666666667299,0.0,50,0
3507,188,10,1,-18.766666666673057,0.0,51,0
