time_step,passenger_sequence,target_x,target_y,current_x,current_y,current_cell,state
3930,167,29,1,28.399999999994968,0.0,4,0
3930,169,29,-1,25.03333333332814,0.0,7,0
3930,171,28,1,23.266666666661326,0.0,9,0
3930,172,22,1,21.533333333327914,0.0,10,2
3930,173,21,1,19.69999999999449,0.0,12,1
3930,174,22,-1,18.766666666661084,0.0,13,1
3930,175,18,-1,17.233333333327675,0.0,15,1
3930,177,30,1,14.766666666660871,0.0,17,0
3930,178,17,-1,14.133333333327485,0.0,18,1
3930,180,27,1,12.266666666660702,0.0,20,1
3930,182,14,1,6.999999999993937,0.0,25,1
3930,183,10,-1,5.3666666666605565,0.0,27,1
3930,184,20,-1,4.433333333327164,0.0,28,1
3930,185,25,-1,3.9999999999937774,0.0,28,0
3930,186,6,1,2.566666666660382,0.0,29,1
3930,187,11,1,1.6333333333269933,0.0,30,1
3930,188,10,1,0.6999999999936045,0.0,31,1
