time_step,passenger_sequence,target_x,target_y,current_x,current_y,current_cell,state
3424,151,26,-1,14.433333333329111,0.0,18,0
3424,153,26,1,12.566666666662329,0.0,19,0
3424,154,23,-1,9.933333333328942,0.0,22,0
3424,155,31,1,8.99999999999555,0.0,23,0
3424,156,12,-1,8.06666666666216,0.0,24,0
3424,157,24,1,7.133333333328768,0.0,25,0
3424,159,16,1,3.566666666661989,0.0,28,0
3424,160,25,1,2.6333333333285927,0.0,29,0
3424,161,5,1,1.6999999999951967,0.0,30,0
3424,162,19,-1,0.7666666666618022,0.0,31,0
3424,163,8,1,-0.16666666667159322,0.0,32,0
3424,164,18,1,-1.1666666666716552,0.0,33,0
3424,165,28,-1,-2.1666666666717096,0.0,34,0
3424,166,9,-1,-3.1666666666717727,0.0,35,0
3424,167,29,1,-4.166666666671835,0.0,36,0
3424,168,21,-1,-5.166666666671885,0.0,37,0
3424,169,29,-1,-6.166666666671944,0.0,38,0
3424,170,9,1,-7.166666666672002,0.0,39,0
3424,171,28,1,-8.166666666672059,0.0,40,0
3424,172,22,1,-9.16666666667211,0.0,41,0
3424,173,21,1,-10.16666666667217,0.0,42,0
3424,174,22,-1,-11.166666666672226,0.0,43,0
3424,175,18,-1,-12.166666666672278,0.0,44,0
3424,176,6,-1,-13.166666666672336,0.0,45,0
3424,177,30,1,-14.166666666672393,0.0,46,0
3424,178,17,-1,-15.166666666672445,0.0,47,0
3424,179,3,1,-16.166666666672505,0.0,48,0
3424,180,27,1,-17.16666666667258,0.0,49,0
3424,181,3,-1,-18.166666666672647,0.0,50,0
3424,182,14,1,-19.16666666667272,0.0,51,0
3424,183,10,-1,-20.16666666667279,0.0,52,0
3424,184,20,-1,-21.166666666672864,0.0,53,0
3424,185,25,-1,-22.16666666667293,0.0,54,0
3424,186,6,1,-23.166666666673006,0.0,55,0
3424,187,11,1,-24.166666666673073,0.0,56,0
3424,188,10,1,-25.16666666667314,0.0,57,0
