time_step,passenger_sequence,target_x,target_y,current_x,current_y,current_cell,state
3374,144,31,-1,29.83333333332974,0.0,2,0
3374,148,19,1,17.133333333329315,0.0,15,0
3374,151,26,-1,12.833333333329117,0.0,19,0
3374,153,26,1,9.26666666666234,0.0,23,0
3374,154,23,-1,8.333333333328948,0.0,24,0
3374,155,31,1,7.399999999995556,0.0,25,0
3374,156,12,-1,6.4666666666621655,0.0,26,0
3374,157,24,1,5.533333333328773,0.0,26,0
3374,159,16,1,1.9666666666619876,0.0,30,0
3374,160,25,1,1.0333333333285915,0.0,31,0
3374,161,5,1,0.09999999999519615,0.0,32,0
3374,162,19,-1,-0.9000000000048644,0.0,33,0
3374,163,8,1,-1.900000000004927,0.0,34,0
3374,164,18,1,-2.90000000000499,0.0,35,0
3374,165,28,-1,-3.9000000000050448,0.0,36,0
3374,166,9,-1,-4.900000000005104,0.0,37,0
3374,167,29,1,-5.9000000000051624,0.0,38,0
3374,168,21,-1,-6.900000000005212,0.0,39,0
3374,169,29,-1,-7.900000000005271,0.0,40,0
3374,170,9,1,-8.90000000000533,0.0,41,0
3374,171,28,1,-9.900000000005386,0.0,42,0
3374,172,22,1,-10.900000000005438,0.0,43,0
3374,173,21,1,-11.900000000005496,0.0,44,0
3374,174,22,-1,-12.900000000005553,0.0,45,0
3374,175,18,-1,-13.900000000005605,0.0,46,0
3374,176,6,-1,-14.900000000005663,0.0,47,0
3374,177,30,1,-15.90000000000572,0.0,48,0
3374,178,17,-1,-16.900000000005786,0.0,49,0
3374,179,3,1,-17.90000000000586,0.0,50,0
3374,180,27,1,-18.900000000005935,0.0,51,0
3374,181,3,-1,-19.900000000006003,0.0,52,0
3374,182,14,1,-20.900000000006077,0.0,53,0
3374,183,10,-1,-21.900000000006145,0.0,54,0
3374,184,20,-1,-22.90000000000622,0.0,55,0
3374,185,25,-1,-23.900000000006287,0.0,56,0
3374,186,6,1,-24.90000000000636,0.0,57,0
3374,187,11,1,-25.90000000000643,0.0,58,0
3374,188,10,1,-26.900000000006496,0.0,59,0
