time_step,passenger_sequence,target_x,target_y,current_x,current_y,current_cell,state
3827,165,28,-1,21.666666666661666,0.0,10,0
3827,167,29,1,19.799999999994846,0.0,12,0
3827,168,21,-1,18.866666666661448,0.0,13,0
3827,169,29,-1,18.133333333328043,0.0,14,0
3827,171,28,1,14.666666666661227,0.0,17,0
3827,172,22,1,13.333333333327843,0.0,19,0
3827,173,21,1,13.299999999994448,0.0,19,0
3827,174,22,-1,12.366666666661057,0.0,20,0
3827,175,18,-1,10.833333333327674,0.0,21,0
3827,177,30,1,7.866666666660896,0.0,24,0
3827,178,17,-1,6.033333333327514,0.0,26,0
3827,180,27,1,5.866666666660725,0.0,26,0
3827,181,3,-1,1.5333333333273413,0.0,30,0
3827,182,14,1,0.5999999999939456,0.0,31,0
3827,183,10,-1,-0.4000000000061079,0.0,32,0
3827,184,20,-1,-1.40000000000617,0.0,33,0
3827,185,25,-1,-2.400000000006226,0.0,34,0
3827,186,6,1,-3.4000000000062878,0.0,35,0
3827,187,11,1,-4.400000000006342,0.0,36,0
3827,188,10,1,-5.4000000000063935,0.0,37,0
