time_step,passenger_sequence,target_x,target_y,current_x,current_y,current_cell,state
3436,151,26,-1,15.633333333329107,0.0,16,0
3436,153,26,1,13.766666666662324,0.0,18,0
3436,154,23,-1,11.133333333328938,0.0,21,0
3436,155,31,1,10.199999999995546,0.0,22,0
3436,156,12,-1,9.266666666662156,0.0,23,0
3436,157,24,1,8.333333333328763,0.0,24,0
3436,159,16,1,4.766666666661987,0.0,27,0
3436,160,25,1,3.8333333333285937,0.0,28,0
3436,161,5,1,2.8999999999951975,0.0,29,0
3436,162,19,-1,1.966666666661803,0.0,30,0
3436,163,8,1,1.0333333333284067,0.0,31,0
3436,164,18,1,0.09999999999501141,0.0,32,0
3436,165,28,-1,-0.900000000005042,0.0,33,0
3436,166,9,-1,-1.9000000000051047,0.0,34,0
3436,167,29,1,-2.9000000000051678,0.0,35,0
3436,168,21,-1,-3.9000000000052224,0.0,36,0
3436,169,29,-1,-4.9000000000052815,0.0,37,0
3436,170,9,1,-5.90000000000534,0.0,38,0
3436,171,28,1,-6.900000000005397,0.0,39,0
3436,172,22,1,-7.900000000005448,0.0,40,0
3436,173,21,1,-8.900000000005507,0.0,41,0
3436,174,22,-1,-9.900000000005564,0.0,42,0
3436,175,18,-1,-10.900000000005615,0.0,43,0
3436,176,6,-1,-11.900000000005674,0.0,44,0
3436,177,30,1,-12.90000000000573,0.0,45,0
3436,178,17,-1,-13.900000000005782,0.0,46,0
3436,179,3,1,-14.900000000005841,0.0,47,0
3436,180,27,1,-15.900000000005898,0.0,48,0
3436,181,3,-1,-16.900000000005964,0.0,49,0
3436,182,14,1,-17.900000000006038,0.0,50,0
3436,183,10,-1,-18.900000000006106,0.0,51,0
3436,184,20,-1,-19.90000000000618,0.0,52,0
3436,185,25,-1,-20.900000000006248,0.0,53,0
3436,186,6,1,-21.900000000006322,0.0,54,0
3436,187,11,1,-22.90000000000639,0.0,55,0
3436,188,10,1,-23.900000000006457,0.0,56,0
