time_step,passenger_sequence,target_x,target_y,current_x,current_y,current_cell,state
3695,160,25,1,19.133333333328597,0.0,13,0
3695,162,19,-1,16.666666666661772,0.0,15,0
3695,164,18,1,14.799999999994975,0.0,17,0
3695,165,28,-1,12.766666666661596,0.0,19,0
3695,167,29,1,10.899999999994812,0.0,21,0
3695,168,21,-1,9.966666666661428,0.0,22,0
3695,169,29,-1,9.233333333328035,0.0,23,0
3695,170,9,1,6.999999999994648,0.0,25,0
3695,171,28,1,6.066666666661257,0.0,26,0
3695,172,22,1,4.733333333327874,0.0,27,0
3695,173,21,1,3.7999999999944807,0.0,28,0
3695,174,22,-1,2.866666666661086,0.0,29,0
3695,175,18,-1,1.933333333327697,0.0,30,0
3695,176,6,-1,0.9999999999943008,0.0,31,0
3695,177,30,1,0.06666666666090693,0.0,32,0
3695,178,17,-1,-0.9333333333391479,0.0,33,0
3695,179,3,1,-1.9333333333392106,0.0,34,0
3695,180,27,1,-2.9333333333392724,0.0,35,0
3695,181,3,-1,-3.9333333333393283,0.0,36,0
3695,182,14,1,-4.933333333339387,0.0,37,0
3695,183,10,-1,-5.933333333339437,0.0,38,0
3695,184,20,-1,-6.933333333339496,0.0,39,0
3695,185,25,-1,-7.933333333339547,0.0,40,0
3695,186,6,1,-8.933333333339604,0.0,41,0
3695,187,11,1,-9.933333333339656,0.0,42,0
3695,188,10,1,-10.933333333339707,0.0,43,0
