time_step,passenger_sequence,target_x,target_y,current_x,current_y,current_cell,state
3132,134,32,-1,26.499999999996994,0.0,6,0
3132,135,27,-1,23.866666666663566,0.0,8,0
3132,137,23,1,21.79999999999674,0.0,10,0
3132,141,20,1,13.966666666663084,0.0,18,0
3132,142,32,1,14.733333333329679,0.0,17,0
3132,144,31,-1,12.866666666662896,0.0,19,0
3132,146,15,-1,7.5999999999961165,0.0,24,0
3132,147,16,-1,4.966666666662725,0.0,27,0
3132,148,19,1,4.03333333332934,0.0,28,0
3132,149,7,-1,3.0999999999959367,0.0,29,0
3132,150,13,1,2.166666666662542,0.0,30,0
3132,151,26,-1,1.2333333333291459,0.0,31,0
3132,152,2,-1,0.2999999999957504,0.0,32,0
3132,153,26,1,-0.7000000000043102,0.0,33,0
3132,154,23,-1,-1.7000000000043727,0.0,34,0
3132,155,31,1,-2.7000000000044357,0.0,35,0
3132,156,12,-1,-3.7000000000044975,0.0,36,0
3132,157,24,1,-4.700000000004557,0.0,37,0
3132,158,1,-1,-5.700000000004616,0.0,38,0
3132,159,16,1,-6.700000000004673,0.0,39,0
3132,160,25,1,-7.7000000000047315,0.0,40,0
3132,161,5,1,-8.70000000000479,0.0,41,0
3132,162,19,-1,-9.700000000004847,0.0,42,0
3132,163,8,1,-10.700000000004906,0.0,43,0
3132,164,18,1,-11.700000000004964,0.0,44,0
3132,165,28,-1,-12.700000000005014,0.0,45,0
3132,166,9,-1,-13.700000000005073,0.0,46,0
3132,167,29,1,-14.700000000005131,0.0,47,0
3132,168,21,-1,-15.700000000005181,0.0,48,0
3132,169,29,-1,-16.70000000000525,0.0,49,0
3132,170,9,1,-17.700000000005325,0.0,50,0
3132,171,28,1,-18.7000000000054,0.0,51,0
3132,172,22,1,-19.700000000005467,0.0,52,0
3132,173,21,1,-20.70000000000554,0.0,53,0
3132,174,22,-1,-21.700000000005616,0.0,54,0
3132,175,18,-1,-22.700000000005684,0.0,55,0
3132,176,6,-1,-23.70000000000576,0.0,56,0
3132,177,30,1,-24.700000000005833,0.0,57,0
3132,178,17,-1,-25.7000000000059,0.0,58,0
3132,179,3,1,-26.700000000005975,0.0,59,0
3132,180,27,1,-27.70000000000605,0.0,60,0
3132,181,3,-1,-28.700000000006117,0.0,61,0
3132,182,14,1,-29.70000000000619,0.0,62,0
3132,183,10,-1,-30.70000000000626,0.0,63,0
3132,184,20,-1,-31.700000000006334,0.0,64,0
3132,185,25,-1,-32.700000000006405,0.0,65,0
3132,186,6,1,-33.70000000000648,0.0,66,0
3132,187,11,1,-34.700000000006554,0.0,67,0
3132,188,10,1,-35.700000000006625,0.0,68,0
