time_step,passenger_sequence,target_x,target_y,current_x,current_y,current_cell,state
4150,177,30,1,27.666666666661033,0.0,4,0
4150,180,27,1,23.366666666660795,0.0,9,0
4150,184,20,-1,12.733333333327135,0.0,19,0
4150,185,25,-1,11.79999999999375,0.0,20,0
4150,187,11,1,9.133333333326977,0.0,23,0
4150,188,10,1,8.199999999993592,0.0,24,0
