time_step,passenger_sequence,target_x,target_y,current_x,current_y,current_cell,state
4187,180,27,1,25.366666666660823,0.0,7,0
4187,184,20,-1,14.733333333327128,0.0,17,0
4187,185,25,-1,13.799999999993743,0.0,18,0
4187,188,10,1,9.599999999993587,0.0,22,2
