time_step,passenger_sequence,target_x,target_y,current_x,current_y,current_cell,state
3999,151,28,-2,24.746666666667032,0.0,7,0
3999,152,24,-1,23.573333333333856,0.0,8,2
3999,153,26,1,24.16000000000064,0.0,8,0
3999,154,30,-1,23.306666666667454,0.0,9,1
3999,155,22,-1,21.57333333333429,0.0,10,2
3999,156,23,-2,19.920000000001128,0.0,12,1
3999,157,24,1,18.74666666666795,0.0,13,1
3999,158,28,1,17.813333333334775,0.0,14,1
3999,159,26,-3,17.040000000001587,0.0,15,1
3999,160,28,-1,15.946666666668412,0.0,16,1
3999,161,29,-2,15.013333333335195,0.0,17,1
3999,162,25,3,12.720000000001992,0.0,19,1
3999,163,27,3,11.78666666666882,0.0,20,1
3999,164,30,2,10.853333333335597,0.0,21,1
3999,165,30,1,9.920000000002387,0.0,22,1
3999,166,27,2,8.98666666666918,0.0,23,1
3999,167,30,-3,8.453333333335985,0.0,24,0
3999,168,24,-2,8.480000000002791,0.0,24,1
3999,169,23,-3,6.186666666669569,0.0,26,1
3999,170,28,2,6.613333333336354,0.0,25,1
3999,171,22,-3,4.320000000003136,0.0,28,1
3999,172,29,-1,3.386666666669936,0.0,29,1
3999,173,31,-2,2.5333333333367203,0.0,29,1
3999,174,32,2,1.5200000000035039,0.0,30,1
3999,175,32,1,0.5200000000036373,0.0,31,1
3999,176,25,-1,-0.4799999999962448,0.0,32,1
3999,177,27,-1,-1.479999999996127,0.0,33,1
3999,178,32,-1,-2.4799999999960085,0.0,34,1
3999,179,27,-2,-3.4799999999958917,0.0,35,1
3999,180,22,2,-4.479999999995789,0.0,36,1
3999,181,26,-1,-5.47999999999567,0.0,37,1
3999,182,32,3,-6.479999999995552,0.0,38,1
3999,183,29,1,-7.479999999995449,0.0,39,1
3999,184,30,-2,-8.47999999999533,0.0,40,1
3999,185,25,-3,-9.479999999995213,0.0,41,1
3999,186,29,-3,-10.47999999999511,0.0,42,1
3999,187,22,-2,-11.479999999995005,0.0,43,1
3999,188,30,3,-12.479999999994916,0.0,44,1
