time_step,passenger_sequence,target_x,target_y,current_x,current_y,current_cell,state
3828,145,32,-3,29.306666666666224,0.0,3,0
3828,146,26,-2,23.733333333333107,0.0,8,0
3828,147,26,2,22.71999999999991,0.0,9,0
3828,148,32,-2,21.78666666666672,0.0,10,0
3828,149,23,-1,20.853333333333538,0.0,11,0
3828,150,23,1,18.560000000000382,0.0,13,0
3828,151,28,-2,16.266666666667213,0.0,16,0
3828,152,24,-1,16.693333333334003,0.0,15,0
3828,153,26,1,14.720000000000814,0.0,17,0
3828,154,30,-1,15.146666666667608,0.0,17,0
3828,155,22,-1,13.653333333334405,0.0,18,0
3828,156,23,-2,11.84000000000121,0.0,20,0
3828,157,24,1,12.026666666668003,0.0,20,0
3828,158,28,1,11.093333333334808,0.0,21,0
3828,159,26,-3,8.800000000001605,0.0,23,0
3828,160,28,-1,7.866666666668405,0.0,24,0
3828,161,29,-2,6.933333333335189,0.0,25,0
3828,162,25,3,6.000000000001987,0.0,26,0
3828,163,27,3,5.066666666668815,0.0,27,0
3828,164,30,2,4.1333333333355915,0.0,28,0
3828,165,30,1,3.2000000000023827,0.0,29,0
3828,166,27,2,2.266666666669175,0.0,30,0
3828,167,30,-3,1.3333333333359803,0.0,31,0
3828,168,24,-2,0.3333333333361193,0.0,32,0
3828,169,23,-3,-0.6666666666637683,0.0,33,0
3828,170,28,2,-1.6666666666636507,0.0,34,0
3828,171,22,-3,-2.666666666663534,0.0,35,0
3828,172,29,-1,-3.666666666663401,0.0,36,0
3828,173,31,-2,-4.666666666663284,0.0,37,0
3828,174,32,2,-5.666666666663167,0.0,38,0
3828,175,32,1,-6.666666666663033,0.0,39,0
3828,176,25,-1,-7.666666666662916,0.0,40,0
3828,177,27,-1,-8.666666666662799,0.0,41,0
3828,178,32,-1,-9.66666666666268,0.0,42,0
3828,179,27,-2,-10.666666666662563,0.0,43,0
3828,180,22,2,-11.66666666666246,0.0,44,0
3828,181,26,-1,-12.66666666666234,0.0,45,0
3828,182,32,3,-13.666666666662223,0.0,46,0
3828,183,29,1,-14.66666666666212,0.0,47,0
3828,184,30,-2,-15.666666666662001,0.0,48,0
3828,185,25,-3,-16.66666666666187,0.0,49,0
3828,186,29,-3,-17.666666666661747,0.0,50,0
3828,187,22,-2,-18.666666666661623,0.0,51,0
3828,188,30,3,-19.666666666661513,0.0,52,0
