time_step,passenger_sequence,target_x,target_y,current_x,current_y,current_cell,state
3829,145,32,-3,29.586666666666222,0.0,2,0
3829,146,26,-2,23.813333333333105,0.0,8,0
3829,147,26,2,22.79999999999991,0.0,9,0
3829,148,32,-2,21.866666666666717,0.0,10,0
3829,149,23,-1,20.933333333333536,0.0,11,0
3829,150,23,1,18.64000000000038,0.0,13,0
3829,151,28,-2,16.34666666666721,0.0,16,0
3829,152,24,-1,16.773333333334,0.0,15,0
3829,153,26,1,14.800000000000814,0.0,17,0
3829,154,30,-1,15.226666666667608,0.0,17,0
3829,155,22,-1,13.733333333334405,0.0,18,0
3829,156,23,-2,11.92000000000121,0.0,20,0
3829,157,24,1,12.106666666668003,0.0,20,0
3829,158,28,1,11.173333333334808,0.0,21,0
3829,159,26,-3,8.880000000001605,0.0,23,0
3829,160,28,-1,7.946666666668405,0.0,24,0
3829,161,29,-2,7.013333333335189,0.0,25,0
3829,162,25,3,6.080000000001987,0.0,26,0
3829,163,27,3,5.146666666668815,0.0,27,0
3829,164,30,2,4.213333333335592,0.0,28,0
3829,165,30,1,3.280000000002383,0.0,29,0
3829,166,27,2,2.346666666669175,0.0,30,0
3829,167,30,-3,1.4133333333359803,0.0,31,0
3829,168,24,-2,0.4133333333361193,0.0,32,0
3829,169,23,-3,-0.5866666666637683,0.0,33,0
3829,170,28,2,-1.5866666666636506,0.0,34,0
3829,171,22,-3,-2.586666666663534,0.0,35,0
3829,172,29,-1,-3.586666666663401,0.0,36,0
3829,173,31,-2,-4.586666666663284,0.0,37,0
3829,174,32,2,-5.586666666663167,0.0,38,0
3829,175,32,1,-6.586666666663033,0.0,39,0
3829,176,25,-1,-7.586666666662916,0.0,40,0
3829,177,27,-1,-8.586666666662799,0.0,41,0
3829,178,32,-1,-9.58666666666268,0.0,42,0
3829,179,27,-2,-10.586666666662563,0.0,43,0
3829,180,22,2,-11.58666666666246,0.0,44,0
3829,181,26,-1,-12.58666666666234,0.0,45,0
3829,182,32,3,-13.586666666662223,0.0,46,0
3829,183,29,1,-14.58666666666212,0.0,47,0
3829,184,30,-2,-15.586666666662001,0.0,48,0
3829,185,25,-3,-16.586666666661873,0.0,49,0
3829,186,29,-3,-17.58666666666175,0.0,50,0
3829,187,22,-2,-18.586666666661625,0.0,51,0
3829,188,30,3,-19.586666666661515,0.0,52,0
