time_step,passenger_sequence,target_x,target_y,current_x,current_y,current_cell,state
4282,161,29,-2,27.893333333334944,0.0,4,0
4282,163,27,3,24.66666666666864,0.0,7,0
4282,164,30,2,22.933333333335455,0.0,9,0
4282,165,30,1,22.000000000002263,0.0,10,0
4282,166,27,2,21.06666666666908,0.0,11,0
4282,167,30,-3,19.653333333335915,0.0,12,0
4282,168,24,-2,18.64000000000274,0.0,13,0
4282,169,23,-3,17.70666666666954,0.0,14,0
4282,170,28,2,16.773333333336346,0.0,15,0
4282,171,22,-3,15.840000000003146,0.0,16,0
4282,172,29,-1,14.986666666669946,0.0,17,0
4282,173,31,-2,14.05333333333673,0.0,18,0
4282,174,32,2,13.040000000003513,0.0,19,0
4282,175,32,1,12.106666666670312,0.0,20,0
4282,176,25,-1,11.173333333337096,0.0,21,0
4282,177,27,-1,8.880000000003879,0.0,23,0
4282,178,32,-1,7.946666666670665,0.0,24,0
4282,179,27,-2,7.013333333337449,0.0,25,0
4282,180,22,2,7.440000000004219,0.0,25,0
4282,181,26,-1,6.506666666671005,0.0,25,0
4282,182,32,3,5.573333333337788,0.0,26,0
4282,183,29,1,3.280000000004557,0.0,29,0
4282,184,30,-2,2.346666666671342,0.0,30,0
4282,185,25,-3,1.4133333333381262,0.0,31,0
4282,186,29,-3,0.41333333333822964,0.0,32,0
4282,187,22,-2,-0.5866666666616651,0.0,33,0
4282,188,30,3,-1.5866666666615759,0.0,34,0
