time_step,passenger_sequence,target_x,target_y,current_x,current_y,current_cell,state
4460,167,30,-3,27.093333333335757,0.0,5,0
4460,170,28,2,25.57333333333616,0.0,6,0
4460,172,29,-1,22.34666666666981,0.0,10,0
4460,173,31,-2,21.413333333336617,0.0,11,0
4460,174,32,2,20.40000000000342,0.0,12,0
4460,175,32,1,19.466666666670243,0.0,13,0
4460,176,25,-1,17.253333333337075,0.0,15,0
4460,177,27,-1,16.320000000003876,0.0,16,0
4460,178,32,-1,15.30666666667067,0.0,17,0
4460,179,27,-2,15.813333333337455,0.0,16,0
4460,180,22,2,14.800000000004225,0.0,17,0
4460,181,26,-1,12.50666666667101,0.0,19,0
4460,182,32,3,11.573333333337793,0.0,20,0
4460,183,29,1,9.280000000004561,0.0,23,0
4460,184,30,-2,8.346666666671346,0.0,24,0
4460,185,25,-3,8.853333333338131,0.0,23,0
4460,186,29,-3,7.840000000004902,0.0,24,0
4460,187,22,-2,5.546666666671672,0.0,26,0
4460,188,30,3,4.613333333338427,0.0,27,0
