time_step,passenger_sequence,target_x,target_y,current_x,current_y,current_cell,state
4693,178,32,-1,27.38666666667043,0.0,5,0
4693,179,27,-2,25.973333333337244,0.0,6,0
4693,181,26,-1,24.266666666670837,0.0,8,0
4693,182,32,3,21.49333333333768,0.0,11,0
4693,183,29,1,22.000000000004437,0.0,10,0
4693,184,30,-2,19.706666666671275,0.0,12,0
4693,185,25,-3,18.77333333333808,0.0,13,0
4693,186,29,-3,17.76000000000487,0.0,14,0
4693,187,22,-2,15.54666666667168,0.0,16,0
4693,188,30,3,14.533333333338435,0.0,17,0
