time_step,passenger_sequence,target_x,target_y,current_x,current_y,current_cell,state
4369,164,30,2,28.533333333335335,0.0,3,0
4369,165,30,1,26.240000000002173,0.0,6,0
4369,166,27,2,25.30666666666899,0.0,7,0
4369,167,30,-3,23.893333333335825,0.0,8,0
4369,168,24,-2,22.88000000000265,0.0,9,0
4369,169,23,-3,22.50666666666944,0.0,9,2
4369,170,28,2,22.373333333336227,0.0,10,0
4369,171,22,-3,20.560000000003047,0.0,11,1
4369,172,29,-1,18.346666666669897,0.0,14,1
4369,173,31,-2,17.413333333336702,0.0,15,1
4369,174,32,2,16.400000000003505,0.0,16,1
4369,175,32,1,16.34666666667031,0.0,16,0
4369,176,25,-1,14.533333333337099,0.0,17,1
4369,177,27,-1,13.600000000003883,0.0,18,1
4369,178,32,-1,12.666666666670668,0.0,19,1
4369,179,27,-2,11.733333333337452,0.0,20,1
4369,180,22,2,10.800000000004221,0.0,21,1
4369,181,26,-1,9.866666666671007,0.0,22,1
4369,182,32,3,8.93333333333779,0.0,23,1
4369,183,29,1,6.64000000000456,0.0,25,1
4369,184,30,-2,5.706666666671345,0.0,26,1
4369,185,25,-3,4.773333333338129,0.0,27,1
4369,186,29,-3,3.8400000000048986,0.0,28,1
4369,187,22,-2,2.9066666666716694,0.0,29,1
4369,188,30,3,1.973333333338425,0.0,30,1
