time_step,passenger_sequence,target_x,target_y,current_x,current_y,current_cell,state
4691,178,32,-1,27.226666666670432,0.0,5,0
4691,179,27,-2,25.813333333337248,0.0,6,0
4691,181,26,-1,24.10666666667084,0.0,8,0
4691,182,32,3,21.333333333337684,0.0,11,0
4691,183,29,1,21.84000000000444,0.0,10,0
4691,184,30,-2,19.54666666667128,0.0,12,0
4691,185,25,-3,18.613333333338083,0.0,13,0
4691,186,29,-3,17.600000000004872,0.0,14,0
4691,187,22,-2,15.38666666667168,0.0,17,0
4691,188,30,3,14.373333333338435,0.0,18,0
