time_step,passenger_sequence,target_x,target_y,current_x,current_y,current_cell,state
4165,158,28,1,25.413333333334613,0.0,7,0
4165,159,26,-3,23.280000000001454,0.0,9,0
4165,160,28,-1,22.18666666666828,0.0,10,0
4165,161,29,-2,21.253333333335085,0.0,11,0
4165,162,25,3,21.680000000001872,0.0,10,0
4165,163,27,3,19.386666666668752,0.0,13,0
4165,164,30,2,19.013333333335538,0.0,13,0
4165,165,30,1,18.080000000002347,0.0,14,0
4165,166,27,2,17.146666666669162,0.0,15,0
4165,167,30,-3,15.733333333335992,0.0,16,0
4165,168,24,-2,14.720000000002797,0.0,17,0
4165,169,23,-3,13.786666666669575,0.0,18,0
4165,170,28,2,12.853333333336359,0.0,19,0
4165,171,22,-3,10.560000000003141,0.0,21,0
4165,172,29,-1,9.70666666666994,0.0,22,0
4165,173,31,-2,8.773333333336724,0.0,23,0
4165,174,32,2,9.12000000000351,0.0,23,0
4165,175,32,1,8.186666666670309,0.0,24,0
4165,176,25,-1,5.893333333337092,0.0,26,0
4165,177,27,-1,4.960000000003876,0.0,27,0
4165,178,32,-1,4.026666666670661,0.0,28,0
4165,179,27,-2,3.0933333333374455,0.0,29,0
4165,180,22,2,2.160000000004215,0.0,30,0
4165,181,26,-1,1.2266666666710002,0.0,31,0
4165,182,32,3,0.22666666667111823,0.0,32,0
4165,183,29,1,-0.7733333333287781,0.0,33,0
4165,184,30,-2,-1.773333333328659,0.0,34,0
4165,185,25,-3,-2.773333333328542,0.0,35,0
4165,186,29,-3,-3.7733333333284396,0.0,36,0
4165,187,22,-2,-4.773333333328335,0.0,37,0
4165,188,30,3,-5.773333333328246,0.0,38,0
