time_step,passenger_sequence,target_x,target_y,current_x,current_y,current_cell,state
4158,158,28,1,24.853333333334625,0.0,7,0
4158,159,26,-3,22.720000000001466,0.0,9,0
4158,160,28,-1,21.626666666668292,0.0,10,0
4158,161,29,-2,20.693333333335097,0.0,11,0
4158,162,25,3,21.120000000001884,0.0,11,0
4158,163,27,3,18.826666666668764,0.0,13,0
4158,164,30,2,18.45333333333555,0.0,14,0
4158,165,30,1,17.52000000000236,0.0,14,0
4158,166,27,2,16.586666666669174,0.0,15,0
4158,167,30,-3,15.173333333335991,0.0,17,0
4158,168,24,-2,14.160000000002796,0.0,18,0
4158,169,23,-3,13.226666666669574,0.0,19,0
4158,170,28,2,12.293333333336358,0.0,20,0
4158,171,22,-3,10.00000000000314,0.0,22,0
4158,172,29,-1,9.14666666666994,0.0,23,0
4158,173,31,-2,8.213333333336724,0.0,24,0
4158,174,32,2,8.560000000003509,0.0,23,0
4158,175,32,1,7.626666666670309,0.0,24,0
4158,176,25,-1,5.333333333337092,0.0,27,0
4158,177,27,-1,4.4000000000038755,0.0,28,0
4158,178,32,-1,3.466666666670661,0.0,29,0
4158,179,27,-2,2.533333333337445,0.0,29,0
4158,180,22,2,1.6000000000042145,0.0,30,0
4158,181,26,-1,0.6666666666710003,0.0,31,0
4158,182,32,3,-0.3333333333288818,0.0,32,0
4158,183,29,1,-1.3333333333287782,0.0,33,0
4158,184,30,-2,-2.3333333333286594,0.0,34,0
4158,185,25,-3,-3.3333333333285426,0.0,35,0
4158,186,29,-3,-4.33333333332844,0.0,36,0
4158,187,22,-2,-5.333333333328335,0.0,37,0
4158,188,30,3,-6.333333333328246,0.0,38,0
