time_step,passenger_sequence,target_x,target_y,current_x,current_y,current_cell,state
4474,167,30,-3,28.213333333335733,0.0,4,0
4474,170,28,2,26.693333333336135,0.0,5,0
4474,172,29,-1,23.466666666669788,0.0,9,0
4474,173,31,-2,22.533333333336593,0.0,9,0
4474,174,32,2,21.520000000003396,0.0,10,0
4474,175,32,1,20.58666666667022,0.0,11,0
4474,176,25,-1,18.37333333333705,0.0,14,0
4474,177,27,-1,17.440000000003852,0.0,15,0
4474,178,32,-1,16.426666666670663,0.0,16,0
4474,179,27,-2,16.933333333337437,0.0,15,0
4474,180,22,2,15.920000000004226,0.0,16,0
4474,181,26,-1,13.62666666667101,0.0,18,0
4474,182,32,3,12.693333333337794,0.0,19,0
4474,183,29,1,10.400000000004562,0.0,22,0
4474,184,30,-2,9.466666666671347,0.0,23,0
4474,185,25,-3,9.973333333338132,0.0,22,0
4474,186,29,-3,8.960000000004902,0.0,23,0
4474,187,22,-2,6.666666666671673,0.0,25,0
4474,188,30,3,5.733333333338428,0.0,26,0
