time_step,passenger_sequence,target_x,target_y,current_x,current_y,current_cell,state
4350,164,30,2,27.013333333335368,0.0,5,0
4350,165,30,1,24.720000000002205,0.0,7,0
4350,166,27,2,23.78666666666902,0.0,8,0
4350,167,30,-3,22.373333333335857,0.0,10,0
4350,168,24,-2,21.36000000000268,0.0,11,0
4350,169,23,-3,21.786666666669454,0.0,10,0
4350,170,28,2,20.85333333333626,0.0,11,0
4350,171,22,-3,19.92000000000306,0.0,12,0
4350,172,29,-1,17.70666666666991,0.0,14,0
4350,173,31,-2,16.773333333336716,0.0,15,0
4350,174,32,2,15.760000000003515,0.0,16,0
4350,175,32,1,14.826666666670315,0.0,17,0
4350,176,25,-1,13.893333333337099,0.0,18,0
4350,177,27,-1,12.960000000003882,0.0,19,0
4350,178,32,-1,12.026666666670668,0.0,20,0
4350,179,27,-2,11.093333333337451,0.0,21,0
4350,180,22,2,10.16000000000422,0.0,22,0
4350,181,26,-1,9.226666666671006,0.0,23,0
4350,182,32,3,8.29333333333779,0.0,24,0
4350,183,29,1,6.000000000004559,0.0,26,0
4350,184,30,-2,5.0666666666713445,0.0,27,0
4350,185,25,-3,4.133333333338128,0.0,28,0
4350,186,29,-3,3.200000000004898,0.0,29,0
4350,187,22,-2,2.266666666671669,0.0,30,0
4350,188,30,3,1.3333333333384245,0.0,31,0
