time_step,passenger_sequence,target_x,target_y,current_x,current_y,current_cell,state
4810,182,32,3,28.13333333333754,0.0,4,0
4810,183,29,1,27.280000000004325,0.0,5,0
4810,184,30,-2,24.986666666671162,0.0,7,0
4810,185,25,-3,24.053333333337967,0.0,8,0
4810,186,29,-3,23.040000000004756,0.0,9,0
4810,187,22,-2,20.826666666671578,0.0,11,0
4810,188,30,3,19.813333333338356,0.0,12,0
