time_step,passenger_sequence,target_x,target_y,current_x,current_y,current_cell,state
4057,154,30,-1,24.986666666667418,0.0,7,0
4057,156,23,-2,21.600000000001092,0.0,10,0
4057,157,24,1,20.426666666667913,0.0,12,0
4057,158,28,1,19.49333333333474,0.0,13,0
4057,159,26,-3,18.72000000000155,0.0,13,0
4057,160,28,-1,17.626666666668378,0.0,14,0
4057,161,29,-2,16.693333333335183,0.0,15,0
4057,162,25,3,14.400000000001993,0.0,18,0
4057,163,27,3,13.466666666668822,0.0,19,0
4057,164,30,2,13.093333333335599,0.0,19,0
4057,165,30,1,12.16000000000239,0.0,20,0
4057,166,27,2,12.586666666669183,0.0,19,0
4057,167,30,-3,11.173333333335988,0.0,21,0
4057,168,24,-2,10.160000000002793,0.0,22,0
4057,169,23,-3,7.866666666669571,0.0,24,0
4057,170,28,2,8.293333333336355,0.0,24,0
4057,171,22,-3,6.000000000003138,0.0,26,0
4057,172,29,-1,5.146666666669938,0.0,27,0
4057,173,31,-2,4.213333333336721,0.0,28,0
4057,174,32,2,3.2000000000035054,0.0,29,0
4057,175,32,1,2.2666666666703046,0.0,30,0
4057,176,25,-1,1.3333333333370887,0.0,31,0
4057,177,27,-1,0.33333333333720644,0.0,32,0
4057,178,32,-1,-0.666666666662674,0.0,33,0
4057,179,27,-2,-1.6666666666625565,0.0,34,0
4057,180,22,2,-2.666666666662454,0.0,35,0
4057,181,26,-1,-3.6666666666623353,0.0,36,0
4057,182,32,3,-4.666666666662218,0.0,37,0
4057,183,29,1,-5.666666666662115,0.0,38,0
4057,184,30,-2,-6.666666666661996,0.0,39,0
4057,185,25,-3,-7.666666666661879,0.0,40,0
4057,186,29,-3,-8.666666666661776,0.0,41,0
4057,187,22,-2,-9.666666666661671,0.0,42,0
4057,188,30,3,-10.666666666661582,0.0,43,0
