time_step,passenger_sequence,target_x,target_y,current_x,current_y,current_cell,state
4589,173,31,-2,29.200000000003122,0.0,3,0
4589,174,32,2,29.88000000000323,0.0,2,0
4589,175,32,1,26.986666666670082,0.0,5,0
4589,177,27,-1,24.16000000000371,0.0,8,0
4589,178,32,-1,23.14666666667052,0.0,9,0
4589,179,27,-2,22.213333333337324,0.0,10,0
4589,180,22,2,21.200000000004113,0.0,11,0
4589,181,26,-1,18.90666666667095,0.0,13,0
4589,182,32,3,17.973333333337756,0.0,14,0
4589,183,29,1,17.12000000000454,0.0,15,0
4589,184,30,-2,16.18666666667135,0.0,16,0
4589,185,25,-3,15.253333333338137,0.0,17,0
4589,186,29,-3,14.240000000004907,0.0,18,0
4589,187,22,-2,12.026666666671677,0.0,20,0
4589,188,30,3,11.013333333338432,0.0,21,0
