time_step,passenger_sequence,target_x,target_y,current_x,current_y,current_cell,state
4877,184,30,-2,28.506666666671087,0.0,3,0
4877,186,29,-3,25.7600000000047,0.0,6,0
4877,188,30,3,21.173333333338327,0.0,11,0
