time_step,passenger_sequence,target_x,target_y,current_x,current_y,current_cell,state
4441,167,30,-3,25.57333333333579,0.0,6,0
4441,170,28,2,24.05333333333619,0.0,8,0
4441,172,29,-1,20.826666666669844,0.0,11,0
4441,173,31,-2,19.89333333333665,0.0,12,0
4441,174,32,2,18.880000000003452,0.0,13,0
4441,175,32,1,17.946666666670275,0.0,14,0
4441,176,25,-1,15.7333333333371,0.0,16,0
4441,177,27,-1,14.800000000003884,0.0,17,0
4441,178,32,-1,13.78666666667067,0.0,18,0
4441,179,27,-2,14.293333333337454,0.0,18,0
4441,180,22,2,13.280000000004224,0.0,19,0
4441,181,26,-1,10.986666666671008,0.0,21,0
4441,182,32,3,10.053333333337791,0.0,22,0
4441,183,29,1,7.760000000004561,0.0,24,0
4441,184,30,-2,6.826666666671346,0.0,25,0
4441,185,25,-3,7.333333333338131,0.0,25,0
4441,186,29,-3,6.3200000000049,0.0,26,0
4441,187,22,-2,4.02666666667167,0.0,28,0
4441,188,30,3,3.093333333338426,0.0,29,0
