time_step,passenger_sequence,target_x,target_y,current_x,current_y,current_cell,state
4650,175,32,1,29.6133333333367,0.0,2,0
4650,177,27,-1,26.320000000003663,0.0,6,0
4650,178,32,-1,25.306666666670473,0.0,7,0
4650,179,27,-2,24.37333333333728,0.0,8,0
4650,181,26,-1,20.82666666667091,0.0,11,0
4650,182,32,3,19.893333333337715,0.0,12,0
4650,183,29,1,20.40000000000447,0.0,12,0
4650,184,30,-2,18.10666666667131,0.0,14,0
4650,185,25,-3,17.173333333338114,0.0,15,0
4650,186,29,-3,16.160000000004903,0.0,16,0
4650,187,22,-2,13.946666666671678,0.0,18,0
4650,188,30,3,12.933333333338433,0.0,19,0
