time_step,passenger_sequence,target_x,target_y,current_x,current_y,current_cell,state
4607,173,31,-2,30.426666666669774,0.0,2,1
4607,174,32,2,31.573333333336546,0.0,0,2
4607,175,32,1,27.466666666670072,0.0,5,1
4607,177,27,-1,24.6400000000037,0.0,7,1
4607,178,32,-1,23.62666666667051,0.0,8,1
4607,179,27,-2,22.693333333337314,0.0,9,1
4607,180,22,2,21.520000000004107,0.0,10,2
4607,181,26,-1,19.146666666670946,0.0,13,1
4607,182,32,3,18.21333333333775,0.0,14,1
4607,183,29,1,17.360000000004536,0.0,15,1
4607,184,30,-2,16.426666666671345,0.0,16,1
4607,185,25,-3,15.493333333338137,0.0,17,1
4607,186,29,-3,14.480000000004907,0.0,18,1
4607,187,22,-2,12.266666666671677,0.0,20,1
4607,188,30,3,11.253333333338432,0.0,21,1
