time_step,passenger_sequence,target_x,target_y,current_x,current_y,current_cell,state
4445,167,30,-3,25.893333333335782,0.0,6,0
4445,170,28,2,24.373333333336184,0.0,8,0
4445,172,29,-1,21.146666666669837,0.0,11,0
4445,173,31,-2,20.213333333336642,0.0,12,0
4445,174,32,2,19.200000000003445,0.0,13,0
4445,175,32,1,18.266666666670268,0.0,14,0
4445,176,25,-1,16.0533333333371,0.0,16,0
4445,177,27,-1,15.120000000003884,0.0,17,0
4445,178,32,-1,14.10666666667067,0.0,18,0
4445,179,27,-2,14.613333333337454,0.0,17,0
4445,180,22,2,13.600000000004224,0.0,18,0
4445,181,26,-1,11.306666666671008,0.0,21,0
4445,182,32,3,10.373333333337792,0.0,22,0
4445,183,29,1,8.08000000000456,0.0,24,0
4445,184,30,-2,7.146666666671346,0.0,25,0
4445,185,25,-3,7.653333333338131,0.0,24,0
4445,186,29,-3,6.640000000004901,0.0,25,0
4445,187,22,-2,4.346666666671671,0.0,28,0
4445,188,30,3,3.4133333333384264,0.0,29,0
