time_step,passenger_sequence,target_x,target_y,current_x,current_y,current_cell,state
3660,135,31,-3,25.066666666663558,0.0,7,0
3660,136,31,3,27.133333333330164,0.0,5,0
3660,137,27,-3,22.166666666663403,0.0,10,0
3660,138,25,1,23.333333333330025,0.0,9,0
3660,139,24,2,22.19999999999661,0.0,10,0
3660,140,24,3,21.2666666666632,0.0,11,0
3660,141,27,1,17.633333333329748,0.0,14,0
3660,142,29,2,19.39999999999638,0.0,13,0
3660,143,28,3,15.36666666666294,0.0,17,0
3660,144,25,2,14.433333333329543,0.0,18,0
3660,145,32,-3,16.599999999996154,0.0,15,0
3660,146,26,-2,15.666666666662751,0.0,16,0
3660,147,26,2,11.633333333329364,0.0,20,0
3660,148,32,-2,10.699999999995972,0.0,21,0
3660,149,23,-1,9.76666666666258,0.0,22,0
3660,150,23,1,8.833333333329193,0.0,23,0
3660,151,28,-2,7.899999999995801,0.0,24,0
3660,152,24,-1,6.966666666662409,0.0,25,0
3660,153,26,1,6.0333333333290184,0.0,26,0
3660,154,30,-1,5.099999999995626,0.0,27,0
3660,155,22,-1,4.166666666662234,0.0,28,0
3660,156,23,-2,3.23333333332884,0.0,29,0
3660,157,24,1,2.299999999995444,0.0,30,0
3660,158,28,1,1.3666666666620477,0.0,31,0
3660,159,26,-3,0.366666666661987,0.0,32,0
3660,160,28,-1,-0.6333333333380751,0.0,33,0
3660,161,29,-2,-1.6333333333381375,0.0,34,0
3660,162,25,3,-2.633333333338199,0.0,35,0
3660,163,27,3,-3.6333333333382622,0.0,36,0
3660,164,30,2,-4.6333333333383155,0.0,37,0
3660,165,30,1,-5.633333333338372,0.0,38,0
3660,166,27,2,-6.633333333338431,0.0,39,0
3660,167,30,-3,-7.6333333333384825,0.0,40,0
3660,168,24,-2,-8.63333333333854,0.0,41,0
3660,169,23,-3,-9.633333333338598,0.0,42,0
3660,170,28,2,-10.633333333338657,0.0,43,0
3660,171,22,-3,-11.633333333338706,0.0,44,0
3660,172,29,-1,-12.633333333338765,0.0,45,0
3660,173,31,-2,-13.633333333338824,0.0,46,0
3660,174,32,2,-14.633333333338873,0.0,47,0
3660,175,32,1,-15.633333333338932,0.0,48,0
3660,176,25,-1,-16.633333333338992,0.0,49,0
3660,177,27,-1,-17.633333333339067,0.0,50,0
3660,178,32,-1,-18.63333333333914,0.0,51,0
3660,179,27,-2,-19.63333333333921,0.0,52,0
3660,180,22,2,-20.633333333339284,0.0,53,0
3660,181,26,-1,-21.63333333333935,0.0,54,0
3660,182,32,3,-22.633333333339426,0.0,55,0
3660,183,29,1,-23.633333333339493,0.0,56,0
3660,184,30,-2,-24.633333333339568,0.0,57,0
3660,185,25,-3,-25.633333333339635,0.0,58,0
3660,186,29,-3,-26.63333333333971,0.0,59,0
3660,187,22,-2,-27.633333333339777,0.0,60,0
3660,188,30,3,-28.633333333339852,0.0,61,0
