time_step,passenger_sequence,target_x,target_y,current_x,current_y,current_cell,state
3816,141,27,1,21.2333333333298,0.0,11,0
3816,142,29,2,24.099999999996445,0.0,8,0
3816,143,28,3,22.666666666663033,0.0,9,0
3816,144,25,2,18.033333333329566,0.0,14,0
3816,145,32,-3,20.199999999996205,0.0,12,0
3816,146,26,-2,19.266666666662797,0.0,13,0
3816,147,26,2,15.83333333332935,0.0,16,0
3816,148,32,-2,14.899999999995957,0.0,17,0
3816,149,23,-1,13.366666666662567,0.0,19,0
3816,150,23,1,12.43333333332918,0.0,20,0
3816,151,28,-2,11.499999999995788,0.0,21,0
3816,152,24,-1,10.566666666662396,0.0,21,0
3816,153,26,1,9.633333333329006,0.0,22,0
3816,154,30,-1,8.699999999995613,0.0,23,0
3816,155,22,-1,7.766666666662221,0.0,24,0
3816,156,23,-2,7.833333333328827,0.0,24,0
3816,157,24,1,6.899999999995435,0.0,25,0
3816,158,28,1,4.9666666666620465,0.0,27,0
3816,159,26,-3,4.033333333328656,0.0,28,0
3816,160,28,-1,3.09999999999526,0.0,29,0
3816,161,29,-2,2.1666666666618637,0.0,30,0
3816,162,25,3,1.233333333328469,0.0,31,0
3816,163,27,3,0.2333333333284068,0.0,32,0
3816,164,30,2,-0.7666666666716481,0.0,33,0
3816,165,30,1,-1.7666666666717092,0.0,34,0
3816,166,27,2,-2.7666666666717723,0.0,35,0
3816,167,30,-3,-3.7666666666718283,0.0,36,0
3816,168,24,-2,-4.766666666671886,0.0,37,0
3816,169,23,-3,-5.766666666671945,0.0,38,0
3816,170,28,2,-6.766666666672004,0.0,39,0
3816,171,22,-3,-7.766666666672053,0.0,40,0
3816,172,29,-1,-8.766666666672112,0.0,41,0
3816,173,31,-2,-9.76666666667217,0.0,42,0
3816,174,32,2,-10.76666666667222,0.0,43,0
3816,175,32,1,-11.766666666672279,0.0,44,0
3816,176,25,-1,-12.76666666667233,0.0,45,0
3816,177,27,-1,-13.766666666672387,0.0,46,0
3816,178,32,-1,-14.766666666672446,0.0,47,0
3816,179,27,-2,-15.766666666672497,0.0,48,0
3816,180,22,2,-16.766666666672567,0.0,49,0
3816,181,26,-1,-17.766666666672634,0.0,50,0
3816,182,32,3,-18.76666666667271,0.0,51,0
3816,183,29,1,-19.766666666672776,0.0,52,0
3816,184,30,-2,-20.76666666667285,0.0,53,0
3816,185,25,-3,-21.76666666667292,0.0,54,0
3816,186,29,-3,-22.766666666672993,0.0,55,0
3816,187,22,-2,-23.76666666667306,0.0,56,0
3816,188,30,3,-24.766666666673135,0.0,57,0
