time_step,passenger_sequence,target_x,target_y,current_x,current_y,current_cell,state
3630,133,31,1,30.699999999997022,0.0,1,2
3630,135,31,-3,22.033333333330198,0.0,10,1
3630,136,31,3,23.299999999996807,0.0,9,1
3630,137,27,-3,20.066666666663373,0.0,12,1
3630,138,25,1,21.033333333329995,0.0,11,1
3630,139,24,2,19.199999999996567,0.0,13,0
3630,140,24,3,19.16666666666317,0.0,13,1
3630,141,27,1,15.533333333329727,0.0,16,1
3630,142,29,2,17.29999999999635,0.0,15,1
3630,143,28,3,13.266666666662948,0.0,19,1
3630,144,25,2,12.33333333332955,0.0,20,1
3630,145,32,-3,14.49999999999615,0.0,18,1
3630,146,26,-2,12.666666666662762,0.0,19,0
3630,147,26,2,9.533333333329372,0.0,22,1
3630,148,32,-2,8.59999999999598,0.0,23,1
3630,149,23,-1,7.666666666662588,0.0,24,1
3630,150,23,1,6.733333333329201,0.0,25,1
3630,151,28,-2,5.7999999999958085,0.0,26,1
3630,152,24,-1,4.866666666662416,0.0,27,1
3630,153,26,1,3.9333333333290255,0.0,28,1
3630,154,30,-1,2.9999999999956293,0.0,29,1
3630,155,22,-1,2.066666666662233,0.0,30,1
3630,156,23,-2,1.1333333333288385,0.0,31,1
3630,157,24,1,0.13333333332877628,0.0,32,1
3630,158,28,1,-0.8666666666712857,0.0,33,1
3630,159,26,-3,-1.866666666671347,0.0,34,1
3630,160,28,-1,-2.86666666667141,0.0,35,1
3630,161,29,-2,-3.866666666671473,0.0,36,1
3630,162,25,3,-4.866666666671531,0.0,37,1
3630,163,27,3,-5.866666666671589,0.0,38,1
3630,164,30,2,-6.866666666671641,0.0,39,1
3630,165,30,1,-7.866666666671698,0.0,40,1
3630,166,27,2,-8.866666666671756,0.0,41,1
3630,167,30,-3,-9.866666666671808,0.0,42,1
3630,168,24,-2,-10.866666666671865,0.0,43,1
3630,169,23,-3,-11.866666666671923,0.0,44,1
3630,170,28,2,-12.866666666671982,0.0,45,1
3630,171,22,-3,-13.866666666672032,0.0,46,1
3630,172,29,-1,-14.86666666667209,0.0,47,1
3630,173,31,-2,-15.866666666672149,0.0,48,1
3630,174,32,2,-16.866666666672213,0.0,49,1
3630,175,32,1,-17.866666666672288,0.0,50,1
3630,176,25,-1,-18.866666666672355,0.0,51,1
3630,177,27,-1,-19.86666666667243,0.0,52,1
3630,178,32,-1,-20.866666666672504,0.0,53,1
3630,179,27,-2,-21.86666666667257,0.0,54,1
3630,180,22,2,-22.866666666672646,0.0,55,1
3630,181,26,-1,-23.866666666672714,0.0,56,1
3630,182,32,3,-24.86666666667279,0.0,57,1
3630,183,29,1,-25.866666666672856,0.0,58,1
3630,184,30,-2,-26.86666666667293,0.0,59,1
3630,185,25,-3,-27.866666666672998,0.0,60,1
3630,186,29,-3,-28.866666666673073,0.0,61,1
3630,187,22,-2,-29.86666666667314,0.0,62,1
3630,188,30,3,-30.866666666673215,0.0,63,1
