time_step,passenger_sequence,target_x,target_y,current_x,current_y,current_cell,state
3825,141,27,1,22.133333333329812,0.0,10,0
3825,142,29,2,24.999999999996458,0.0,7,0
3825,143,28,3,23.566666666663046,0.0,8,0
3825,144,25,2,18.93333333332958,0.0,13,0
3825,145,32,-3,21.099999999996218,0.0,11,0
3825,146,26,-2,20.16666666666281,0.0,12,0
3825,147,26,2,16.73333333332936,0.0,15,0
3825,148,32,-2,15.799999999995954,0.0,16,0
3825,149,23,-1,14.266666666662564,0.0,18,0
3825,150,23,1,13.333333333329177,0.0,19,0
3825,151,28,-2,12.399999999995785,0.0,20,0
3825,152,24,-1,11.466666666662393,0.0,21,0
3825,153,26,1,10.533333333329002,0.0,21,0
3825,154,30,-1,9.59999999999561,0.0,22,0
3825,155,22,-1,8.666666666662218,0.0,23,0
3825,156,23,-2,8.733333333328824,0.0,23,0
3825,157,24,1,7.799999999995432,0.0,24,0
3825,158,28,1,5.866666666662043,0.0,26,0
3825,159,26,-3,4.933333333328653,0.0,27,0
3825,160,28,-1,3.9999999999952607,0.0,28,0
3825,161,29,-2,3.0666666666618645,0.0,29,0
3825,162,25,3,2.1333333333284696,0.0,30,0
3825,163,27,3,1.1999999999950735,0.0,31,0
3825,164,30,2,0.19999999999501852,0.0,32,0
3825,165,30,1,-0.800000000005042,0.0,33,0
3825,166,27,2,-1.8000000000051046,0.0,34,0
3825,167,30,-3,-2.8000000000051606,0.0,35,0
3825,168,24,-2,-3.8000000000052223,0.0,36,0
3825,169,23,-3,-4.800000000005282,0.0,37,0
3825,170,28,2,-5.80000000000534,0.0,38,0
3825,171,22,-3,-6.80000000000539,0.0,39,0
3825,172,29,-1,-7.800000000005449,0.0,40,0
3825,173,31,-2,-8.800000000005507,0.0,41,0
3825,174,32,2,-9.800000000005557,0.0,42,0
3825,175,32,1,-10.800000000005616,0.0,43,0
3825,176,25,-1,-11.800000000005667,0.0,44,0
3825,177,27,-1,-12.800000000005724,0.0,45,0
3825,178,32,-1,-13.800000000005783,0.0,46,0
3825,179,27,-2,-14.800000000005834,0.0,47,0
3825,180,22,2,-15.800000000005891,0.0,48,0
3825,181,26,-1,-16.800000000005955,0.0,49,0
3825,182,32,3,-17.80000000000603,0.0,50,0
3825,183,29,1,-18.800000000006097,0.0,51,0
3825,184,30,-2,-19.80000000000617,0.0,52,0
3825,185,25,-3,-20.80000000000624,0.0,53,0
3825,186,29,-3,-21.800000000006314,0.0,54,0
3825,187,22,-2,-22.80000000000638,0.0,55,0
3825,188,30,3,-23.800000000006456,0.0,56,0
