time_step,passenger_sequence,target_x,target_y,current_x,current_y,current_cell,state
3794,140,24,3,23.56666666666323,0.0,499,3
3794,141,27,1,19.033333333329768,0.0,13,0
3794,142,29,2,21.899999999996414,0.0,10,0
3794,143,28,3,20.466666666663002,0.0,12,0
3794,144,25,2,15.833333333329538,0.0,16,0
3794,145,32,-3,17.999999999996174,0.0,14,0
3794,146,26,-2,17.066666666662766,0.0,15,0
3794,147,26,2,13.633333333329357,0.0,18,0
3794,148,32,-2,12.699999999995965,0.0,19,0
3794,149,23,-1,11.166666666662575,0.0,21,0
3794,150,23,1,10.233333333329188,0.0,22,0
3794,151,28,-2,9.299999999995796,0.0,23,0
3794,152,24,-1,8.366666666662404,0.0,24,0
3794,153,26,1,7.4333333333290135,0.0,25,0
3794,154,30,-1,6.499999999995621,0.0,26,0
3794,155,22,-1,5.566666666662229,0.0,26,0
3794,156,23,-2,5.633333333328835,0.0,26,0
3794,157,24,1,4.699999999995443,0.0,27,0
3794,158,28,1,2.766666666662049,0.0,29,0
3794,159,26,-3,1.8333333333286543,0.0,30,0
3794,160,28,-1,0.8999999999952581,0.0,31,0
3794,161,29,-2,-0.10000000000480386,0.0,32,0
3794,162,25,3,-1.1000000000048644,0.0,33,0
3794,163,27,3,-2.1000000000049273,0.0,34,0
3794,164,30,2,-3.100000000004983,0.0,35,0
3794,165,30,1,-4.1000000000050445,0.0,36,0
3794,166,27,2,-5.100000000005103,0.0,37,0
3794,167,30,-3,-6.100000000005155,0.0,38,0
3794,168,24,-2,-7.1000000000052115,0.0,39,0
3794,169,23,-3,-8.10000000000527,0.0,40,0
3794,170,28,2,-9.100000000005329,0.0,41,0
3794,171,22,-3,-10.100000000005378,0.0,42,0
3794,172,29,-1,-11.100000000005437,0.0,43,0
3794,173,31,-2,-12.100000000005496,0.0,44,0
3794,174,32,2,-13.100000000005545,0.0,45,0
3794,175,32,1,-14.100000000005604,0.0,46,0
3794,176,25,-1,-15.100000000005656,0.0,47,0
3794,177,27,-1,-16.100000000005714,0.0,48,0
3794,178,32,-1,-17.10000000000579,0.0,49,0
3794,179,27,-2,-18.100000000005856,0.0,50,0
3794,180,22,2,-19.10000000000593,0.0,51,0
3794,181,26,-1,-20.100000000006,0.0,52,0
3794,182,32,3,-21.100000000006073,0.0,53,0
3794,183,29,1,-22.10000000000614,0.0,54,0
3794,184,30,-2,-23.100000000006215,0.0,55,0
3794,185,25,-3,-24.100000000006283,0.0,56,0
3794,186,29,-3,-25.100000000006357,0.0,57,0
3794,187,22,-2,-26.100000000006425,0.0,58,0
3794,188,30,3,-27.1000000000065,0.0,59,0
