time_step,passenger_sequence,target_x,target_y,current_x,current_y,current_cell,state
3659,135,31,-3,24.966666666663556,0.0,7,0
3659,136,31,3,26.966666666663496,0.0,5,0
3659,137,27,-3,22.0666666666634,0.0,10,0
3659,138,25,1,23.233333333330023,0.0,9,0
3659,139,24,2,22.09999999999661,0.0,10,0
3659,140,24,3,21.166666666663197,0.0,11,0
3659,141,27,1,17.533333333329747,0.0,14,0
3659,142,29,2,19.299999999996377,0.0,13,0
3659,143,28,3,15.26666666666294,0.0,17,0
3659,144,25,2,14.333333333329543,0.0,18,0
3659,145,32,-3,16.499999999996152,0.0,16,0
3659,146,26,-2,15.566666666662751,0.0,16,0
3659,147,26,2,11.533333333329365,0.0,20,0
3659,148,32,-2,10.599999999995973,0.0,21,0
3659,149,23,-1,9.66666666666258,0.0,22,0
3659,150,23,1,8.733333333329194,0.0,23,0
3659,151,28,-2,7.799999999995801,0.0,24,0
3659,152,24,-1,6.866666666662409,0.0,25,0
3659,153,26,1,5.933333333329019,0.0,26,0
3659,154,30,-1,4.999999999995627,0.0,27,0
3659,155,22,-1,4.066666666662234,0.0,28,0
3659,156,23,-2,3.13333333332884,0.0,29,0
3659,157,24,1,2.199999999995444,0.0,30,0
3659,158,28,1,1.2666666666620476,0.0,31,0
3659,159,26,-3,0.26666666666198696,0.0,32,0
3659,160,28,-1,-0.733333333338075,0.0,33,0
3659,161,29,-2,-1.7333333333381375,0.0,34,0
3659,162,25,3,-2.7333333333381993,0.0,35,0
3659,163,27,3,-3.7333333333382623,0.0,36,0
3659,164,30,2,-4.733333333338315,0.0,37,0
3659,165,30,1,-5.733333333338372,0.0,38,0
3659,166,27,2,-6.733333333338431,0.0,39,0
3659,167,30,-3,-7.733333333338482,0.0,40,0
3659,168,24,-2,-8.733333333338539,0.0,41,0
3659,169,23,-3,-9.733333333338598,0.0,42,0
3659,170,28,2,-10.733333333338656,0.0,43,0
3659,171,22,-3,-11.733333333338706,0.0,44,0
3659,172,29,-1,-12.733333333338765,0.0,45,0
3659,173,31,-2,-13.733333333338823,0.0,46,0
3659,174,32,2,-14.733333333338873,0.0,47,0
3659,175,32,1,-15.733333333338932,0.0,48,0
3659,176,25,-1,-16.733333333338994,0.0,49,0
3659,177,27,-1,-17.73333333333907,0.0,50,0
3659,178,32,-1,-18.733333333339143,0.0,51,0
3659,179,27,-2,-19.73333333333921,0.0,52,0
3659,180,22,2,-20.733333333339285,0.0,53,0
3659,181,26,-1,-21.733333333339353,0.0,54,0
3659,182,32,3,-22.733333333339427,0.0,55,0
3659,183,29,1,-23.733333333339495,0.0,56,0
3659,184,30,-2,-24.73333333333957,0.0,57,0
3659,185,25,-3,-25.733333333339637,0.0,58,0
3659,186,29,-3,-26.73333333333971,0.0,59,0
3659,187,22,-2,-27.73333333333978,0.0,60,0
3659,188,30,3,-28.733333333339854,0.0,61,0
