time_step,passenger_sequence,target_x,target_y,current_x,current_y,current_cell,state
3602,133,31,1,28.666666666663684,0.0,3,0
3602,135,31,-3,21.43333333333019,0.0,11,0
3602,136,31,3,22.433333333330133,0.0,10,0
3602,137,27,-3,19.466666666663365,0.0,13,0
3602,138,25,1,20.433333333329987,0.0,12,0
3602,139,24,2,16.399999999996528,0.0,16,0
3602,140,24,3,18.56666666666316,0.0,13,0
3602,141,27,1,14.93333333332973,0.0,17,0
3602,142,29,2,16.69999999999634,0.0,15,0
3602,143,28,3,12.66666666666295,0.0,19,0
3602,144,25,2,11.733333333329552,0.0,20,0
3602,145,32,-3,13.899999999996153,0.0,18,0
3602,146,26,-2,9.866666666662772,0.0,22,0
3602,147,26,2,8.933333333329374,0.0,23,0
3602,148,32,-2,7.999999999995982,0.0,24,0
3602,149,23,-1,7.06666666666259,0.0,25,0
3602,150,23,1,6.133333333329203,0.0,26,0
3602,151,28,-2,5.199999999995811,0.0,27,0
3602,152,24,-1,4.2666666666624185,0.0,28,0
3602,153,26,1,3.333333333329025,0.0,29,0
3602,154,30,-1,2.3999999999956287,0.0,30,0
3602,155,22,-1,1.4666666666622326,0.0,31,0
3602,156,23,-2,0.4666666666621717,0.0,32,0
3602,157,24,1,-0.5333333333378903,0.0,33,0
3602,158,28,1,-1.5333333333379526,0.0,34,0
3602,159,26,-3,-2.5333333333380144,0.0,35,0
3602,160,28,-1,-3.5333333333380774,0.0,36,0
3602,161,29,-2,-4.533333333338138,0.0,37,0
3602,162,25,3,-5.533333333338195,0.0,38,0
3602,163,27,3,-6.533333333338254,0.0,39,0
3602,164,30,2,-7.533333333338305,0.0,40,0
3602,165,30,1,-8.533333333338362,0.0,41,0
3602,166,27,2,-9.53333333333842,0.0,42,0
3602,167,30,-3,-10.533333333338472,0.0,43,0
3602,168,24,-2,-11.533333333338529,0.0,44,0
3602,169,23,-3,-12.533333333338588,0.0,45,0
3602,170,28,2,-13.533333333338646,0.0,46,0
3602,171,22,-3,-14.533333333338696,0.0,47,0
3602,172,29,-1,-15.533333333338755,0.0,48,0
3602,173,31,-2,-16.53333333333882,0.0,49,0
3602,174,32,2,-17.533333333338888,0.0,50,0
3602,175,32,1,-18.533333333338962,0.0,51,0
3602,176,25,-1,-19.53333333333903,0.0,52,0
3602,177,27,-1,-20.533333333339105,0.0,53,0
3602,178,32,-1,-21.53333333333918,0.0,54,0
3602,179,27,-2,-22.533333333339247,0.0,55,0
3602,180,22,2,-23.53333333333932,0.0,56,0
3602,181,26,-1,-24.53333333333939,0.0,57,0
3602,182,32,3,-25.533333333339463,0.0,58,0
3602,183,29,1,-26.53333333333953,0.0,59,0
3602,184,30,-2,-27.533333333339606,0.0,60,0
3602,185,25,-3,-28.533333333339673,0.0,61,0
3602,186,29,-3,-29.533333333339748,0.0,62,0
3602,187,22,-2,-30.533333333339815,0.0,63,0
3602,188,30,3,-31.53333333333989,0.0,64,0
