time_step,passenger_sequence,target_x,target_y,current_x,current_y,current_cell,state
3954,141,27,1,26.63333333332987,0.0,5,2
3954,144,25,2,22.933333333329635,0.0,9,1
3954,145,32,-3,25.099999999996275,0.0,7,1
3954,146,26,-2,24.166666666662866,0.0,8,1
3954,147,26,2,23.433333333329454,0.0,9,0
3954,148,32,-2,19.799999999996007,0.0,12,1
3954,149,23,-1,21.366666666662635,0.0,11,1
3954,150,23,1,17.333333333329186,0.0,15,1
3954,151,28,-2,19.099999999995816,0.0,13,0
3954,152,24,-1,18.566666666662414,0.0,13,1
3954,153,26,1,14.533333333328988,0.0,17,1
3954,154,30,-1,13.599999999995596,0.0,18,1
3954,155,22,-1,15.766666666662193,0.0,16,1
3954,156,23,-2,12.73333333332881,0.0,19,1
3954,157,24,1,11.799999999995418,0.0,20,1
3954,158,28,1,9.866666666662029,0.0,22,1
3954,159,26,-3,8.933333333328639,0.0,23,1
3954,160,28,-1,11.099999999995235,0.0,21,1
3954,161,29,-2,9.766666666661845,0.0,22,0
3954,162,25,3,6.133333333328464,0.0,26,1
3954,163,27,3,5.199999999995072,0.0,27,1
3954,164,30,2,7.366666666661676,0.0,25,1
3954,165,30,1,3.333333333328293,0.0,29,1
3954,166,27,2,2.399999999994897,0.0,30,1
3954,167,30,-3,1.4666666666615078,0.0,31,1
3954,168,24,-2,0.46666666666144696,0.0,32,1
3954,169,23,-3,-0.5333333333386151,0.0,33,1
3954,170,28,2,-1.5333333333386774,0.0,34,1
3954,171,22,-3,-2.533333333338732,0.0,35,1
3954,172,29,-1,-3.533333333338795,0.0,36,1
3954,173,31,-2,-4.533333333338856,0.0,37,1
3954,174,32,2,-5.533333333338906,0.0,38,1
3954,175,32,1,-6.533333333338964,0.0,39,1
3954,176,25,-1,-7.533333333339016,0.0,40,1
3954,177,27,-1,-8.533333333339073,0.0,41,1
3954,178,32,-1,-9.533333333339131,0.0,42,1
3954,179,27,-2,-10.533333333339183,0.0,43,1
3954,180,22,2,-11.53333333333924,0.0,44,1
3954,181,26,-1,-12.533333333339291,0.0,45,1
3954,182,32,3,-13.53333333333935,0.0,46,1
3954,183,29,1,-14.5333333333394,0.0,47,1
3954,184,30,-2,-15.533333333339458,0.0,48,1
3954,185,25,-3,-16.533333333339517,0.0,49,1
3954,186,29,-3,-17.53333333333959,0.0,50,1
3954,187,22,-2,-18.53333333333966,0.0,51,1
3954,188,30,3,-19.533333333339733,0.0,52,1
