time_step,passenger_sequence,target_x,target_y,current_x,current_y,current_cell,state
4215,153,26,1,24.2333333333291,0.0,8,0
4215,154,30,-1,29.633333333329084,0.0,499,3
4215,155,22,-1,21.066666666662265,0.0,11,0
4215,156,23,-2,20.33333333332886,0.0,12,0
4215,157,24,1,18.899999999995444,0.0,13,0
4215,158,28,1,18.466666666662043,0.0,14,0
4215,159,26,-3,14.23333333332862,0.0,18,0
4215,160,28,-1,17.699999999995242,0.0,14,0
4215,161,29,-2,15.466666666661824,0.0,17,0
4215,162,25,3,11.533333333328445,0.0,20,0
4215,163,27,3,15.899999999995034,0.0,16,0
4215,164,30,2,13.966666666661652,0.0,18,0
4215,165,30,1,11.933333333328266,0.0,20,0
4215,166,27,2,10.199999999994876,0.0,22,0
4215,167,30,-3,8.066666666661495,0.0,24,0
4215,168,24,-2,5.83333333332811,0.0,26,0
4215,169,23,-3,7.199999999994709,0.0,25,0
4215,170,28,2,3.9666666666613253,0.0,28,0
4215,171,22,-3,3.0333333333279375,0.0,29,0
4215,172,29,-1,2.0999999999945413,0.0,30,0
4215,173,31,-2,1.1666666666611452,0.0,31,0
4215,174,32,2,0.16666666666109167,0.0,32,0
4215,175,32,1,-0.8333333333389703,0.0,33,0
4215,176,25,-1,-1.8333333333390258,0.0,34,0
4215,177,27,-1,-2.8333333333390875,0.0,35,0
4215,178,32,-1,-3.8333333333391506,0.0,36,0
4215,179,27,-2,-4.833333333339203,0.0,37,0
4215,180,22,2,-5.83333333333926,0.0,38,0
4215,181,26,-1,-6.833333333339311,0.0,39,0
4215,182,32,3,-7.83333333333937,0.0,40,0
4215,183,29,1,-8.83333333333942,0.0,41,0
4215,184,30,-2,-9.833333333339478,0.0,42,0
4215,185,25,-3,-10.83333333333953,0.0,43,0
4215,186,29,-3,-11.833333333339587,0.0,44,0
4215,187,22,-2,-12.833333333339638,0.0,45,0
4215,188,30,3,-13.833333333339697,0.0,46,0
