time_step,passenger_sequence,target_x,target_y,current_x,current_y,current_cell,state
4696,165,30,1,28.133333333328423,0.0,4,0
4696,167,30,-3,24.166666666661584,0.0,8,0
4696,168,24,-2,21.133333333328146,0.0,11,0
4696,170,28,2,22.266666666661372,0.0,10,0
4696,171,22,-3,20.033333333327953,0.0,12,0
4696,172,29,-1,19.099999999994544,0.0,13,0
4696,173,31,-2,16.36666666666111,0.0,16,0
4696,174,32,2,15.43333333332772,0.0,17,0
4696,175,32,1,17.599999999994346,0.0,14,0
4696,176,25,-1,16.666666666660944,0.0,15,0
4696,177,27,-1,12.733333333327552,0.0,19,0
4696,178,32,-1,11.79999999999416,0.0,20,0
4696,179,27,-2,13.866666666660764,0.0,18,0
4696,180,22,2,9.833333333327385,0.0,22,0
4696,181,26,-1,8.899999999994,0.0,23,0
4696,182,32,3,11.066666666660597,0.0,21,0
4696,183,29,1,7.033333333327224,0.0,25,0
4696,184,30,-2,6.099999999993832,0.0,26,0
4696,185,25,-3,5.166666666660447,0.0,27,0
4696,186,29,-3,4.233333333327057,0.0,28,0
4696,187,22,-2,3.2999999999936684,0.0,29,0
4696,188,30,3,2.3666666666602723,0.0,30,0
