time_step,passenger_sequence,target_x,target_y,current_x,current_y,current_cell,state
4462,160,28,-1,26.09999999999536,0.0,6,0
4462,161,29,-2,27.76666666666199,0.0,4,0
4462,162,25,3,23.83333333332854,0.0,8,0
4462,163,27,3,24.29999999999515,0.0,8,0
4462,164,30,2,22.366666666661736,0.0,10,0
4462,165,30,1,20.333333333328312,0.0,12,0
4462,166,27,2,21.699999999994937,0.0,10,0
4462,167,30,-3,17.266666666661486,0.0,15,0
4462,168,24,-2,14.23333333332808,0.0,18,0
4462,169,23,-3,18.699999999994716,0.0,13,0
4462,170,28,2,15.466666666661284,0.0,17,0
4462,171,22,-3,12.23333333332791,0.0,20,0
4462,172,29,-1,11.299999999994517,0.0,21,0
4462,173,31,-2,9.566666666661128,0.0,22,0
4462,174,32,2,8.633333333327744,0.0,23,0
4462,175,32,1,7.699999999994352,0.0,24,0
4462,176,25,-1,6.766666666660967,0.0,25,0
4462,177,27,-1,5.833333333327577,0.0,26,0
4462,178,32,-1,4.899999999994185,0.0,27,0
4462,179,27,-2,3.9666666666607995,0.0,28,0
4462,180,22,2,3.0333333333274046,0.0,29,0
4462,181,26,-1,2.0999999999940155,0.0,30,0
4462,182,32,3,1.1666666666606194,0.0,31,0
4462,183,29,1,0.16666666666056587,0.0,32,0
4462,184,30,-2,-0.8333333333394961,0.0,33,0
4462,185,25,-3,-1.8333333333395516,0.0,34,0
4462,186,29,-3,-2.8333333333396133,0.0,35,0
4462,187,22,-2,-3.8333333333396693,0.0,36,0
4462,188,30,3,-4.833333333339729,0.0,37,0
