time_step,passenger_sequence,target_x,target_y,current_x,current_y,current_cell,state
4464,160,28,-1,26.299999999995364,0.0,6,0
4464,161,29,-2,27.966666666661993,0.0,4,0
4464,162,25,3,24.033333333328542,0.0,8,0
4464,163,27,3,24.499999999995154,0.0,8,0
4464,164,30,2,22.56666666666174,0.0,9,0
4464,165,30,1,20.533333333328315,0.0,11,0
4464,166,27,2,21.89999999999494,0.0,10,0
4464,167,30,-3,17.46666666666149,0.0,15,0
4464,168,24,-2,14.433333333328079,0.0,18,0
4464,169,23,-3,18.89999999999472,0.0,13,0
4464,170,28,2,15.666666666661284,0.0,16,0
4464,171,22,-3,12.433333333327909,0.0,20,0
4464,172,29,-1,11.499999999994516,0.0,21,0
4464,173,31,-2,9.766666666661127,0.0,22,0
4464,174,32,2,8.833333333327744,0.0,23,0
4464,175,32,1,7.8999999999943515,0.0,24,0
4464,176,25,-1,6.9666666666609665,0.0,25,0
4464,177,27,-1,6.033333333327576,0.0,26,0
4464,178,32,-1,5.099999999994184,0.0,27,0
4464,179,27,-2,4.166666666660799,0.0,28,0
4464,180,22,2,3.233333333327405,0.0,29,0
4464,181,26,-1,2.2999999999940157,0.0,30,0
4464,182,32,3,1.3666666666606195,0.0,31,0
4464,183,29,1,0.3666666666605659,0.0,32,0
4464,184,30,-2,-0.6333333333394962,0.0,33,0
4464,185,25,-3,-1.6333333333395514,0.0,34,0
4464,186,29,-3,-2.633333333339613,0.0,35,0
4464,187,22,-2,-3.633333333339669,0.0,36,0
4464,188,30,3,-4.6333333333397295,0.0,37,0
