time_step,passenger_sequence,target_x,target_y,current_x,current_y,current_cell,state
4358,158,28,1,22.666666666662103,0.0,9,0
4358,159,26,-3,24.633333333328736,0.0,7,0
4358,160,28,-1,21.899999999995302,0.0,10,0
4358,161,29,-2,23.56666666666193,0.0,8,0
4358,162,25,3,19.63333333332848,0.0,12,0
4358,163,27,3,20.09999999999509,0.0,12,0
4358,164,30,2,18.166666666661676,0.0,14,0
4358,165,30,1,16.133333333328252,0.0,16,0
4358,166,27,2,14.399999999994861,0.0,18,0
4358,167,30,-3,13.066666666661478,0.0,19,0
4358,168,24,-2,10.033333333328095,0.0,22,0
4358,169,23,-3,14.499999999994683,0.0,18,0
4358,170,28,2,11.2666666666613,0.0,21,0
4358,171,22,-3,8.033333333327924,0.0,24,0
4358,172,29,-1,7.099999999994532,0.0,25,0
4358,173,31,-2,5.366666666661143,0.0,27,0
4358,174,32,2,4.433333333327759,0.0,28,0
4358,175,32,1,3.499999999994365,0.0,29,0
4358,176,25,-1,2.566666666660976,0.0,29,0
4358,177,27,-1,1.6333333333275812,0.0,30,0
4358,178,32,-1,0.6999999999941853,0.0,31,0
4358,179,27,-2,-0.3000000000058697,0.0,32,0
4358,180,22,2,-1.3000000000059304,0.0,33,0
4358,181,26,-1,-2.300000000005986,0.0,34,0
4358,182,32,3,-3.300000000006049,0.0,35,0
4358,183,29,1,-4.3000000000061025,0.0,36,0
4358,184,30,-2,-5.300000000006161,0.0,37,0
4358,185,25,-3,-6.300000000006213,0.0,38,0
4358,186,29,-3,-7.3000000000062695,0.0,39,0
4358,187,22,-2,-8.300000000006321,0.0,40,0
4358,188,30,3,-9.30000000000638,0.0,41,0
