time_step,passenger_sequence,target_x,target_y,current_x,current_y,current_cell,state
4082,150,23,1,19.13333333332921,0.0,13,0
4082,151,28,-2,21.299999999995848,0.0,11,0
4082,152,24,-1,20.36666666666244,0.0,12,0
4082,153,26,1,16.333333333328987,0.0,16,0
4082,154,30,-1,20.899999999995657,0.0,11,0
4082,155,22,-1,17.566666666662215,0.0,14,0
4082,156,23,-2,14.533333333328804,0.0,17,0
4082,157,24,1,15.399999999995405,0.0,17,0
4082,158,28,1,13.666666666662016,0.0,18,0
4082,159,26,-3,10.733333333328632,0.0,21,0
4082,160,28,-1,12.899999999995229,0.0,19,0
4082,161,29,-2,11.966666666661837,0.0,20,0
4082,162,25,3,8.033333333328457,0.0,24,0
4082,163,27,3,6.999999999995065,0.0,25,0
4082,164,30,2,9.16666666666167,0.0,23,0
4082,165,30,1,7.133333333328283,0.0,25,0
4082,166,27,2,4.399999999994897,0.0,28,0
4082,167,30,-3,3.2666666666615094,0.0,29,0
4082,168,24,-2,2.3333333333281145,0.0,30,0
4082,169,23,-3,1.3999999999947184,0.0,31,0
4082,170,28,2,0.3999999999946562,0.0,32,0
4082,171,22,-3,-0.6000000000053973,0.0,33,0
4082,172,29,-1,-1.6000000000054597,0.0,34,0
4082,173,31,-2,-2.600000000005523,0.0,35,0
4082,174,32,2,-3.6000000000055774,0.0,36,0
4082,175,32,1,-4.600000000005638,0.0,37,0
4082,176,25,-1,-5.600000000005689,0.0,38,0
4082,177,27,-1,-6.600000000005746,0.0,39,0
4082,178,32,-1,-7.600000000005805,0.0,40,0
4082,179,27,-2,-8.600000000005856,0.0,41,0
4082,180,22,2,-9.600000000005913,0.0,42,0
4082,181,26,-1,-10.600000000005965,0.0,43,0
4082,182,32,3,-11.600000000006023,0.0,44,0
4082,183,29,1,-12.600000000006073,0.0,45,0
4082,184,30,-2,-13.600000000006132,0.0,46,0
4082,185,25,-3,-14.600000000006183,0.0,47,0
4082,186,29,-3,-15.60000000000624,0.0,48,0
4082,187,22,-2,-16.6000000000063,0.0,49,0
4082,188,30,3,-17.600000000006375,0.0,50,0
