time_step,passenger_sequence,target_x,target_y,current_x,current_y,current_cell,state
4293,156,23,-2,22.53333333332889,0.0,9,2
4293,157,24,1,21.799999999995485,0.0,10,1
4293,158,28,1,20.566666666662073,0.0,11,1
4293,159,26,-3,18.133333333328643,0.0,14,0
4293,160,28,-1,19.799999999995272,0.0,12,1
4293,161,29,-2,20.166666666661882,0.0,12,0
4293,162,25,3,16.23333333332843,0.0,16,0
4293,163,27,3,17.99999999999506,0.0,14,1
4293,164,30,2,16.066666666661646,0.0,16,1
4293,165,30,1,14.033333333328258,0.0,18,1
4293,166,27,2,12.299999999994869,0.0,20,1
4293,167,30,-3,10.966666666661485,0.0,21,1
4293,168,24,-2,7.933333333328102,0.0,24,1
4293,169,23,-3,9.299999999994702,0.0,23,1
4293,170,28,2,7.866666666661311,0.0,24,0
4293,171,22,-3,5.933333333327932,0.0,26,1
4293,172,29,-1,4.9999999999945395,0.0,27,1
4293,173,31,-2,3.266666666661147,0.0,29,1
4293,174,32,2,2.3333333333277593,0.0,30,1
4293,175,32,1,1.399999999994363,0.0,31,1
4293,176,25,-1,0.399999999994308,0.0,32,1
4293,177,27,-1,-0.6000000000057526,0.0,33,1
4293,178,32,-1,-1.600000000005815,0.0,34,1
4293,179,27,-2,-2.600000000005871,0.0,35,1
4293,180,22,2,-3.6000000000059327,0.0,36,1
4293,181,26,-1,-4.600000000005986,0.0,37,1
4293,182,32,3,-5.600000000006045,0.0,38,1
4293,183,29,1,-6.600000000006094,0.0,39,1
4293,184,30,-2,-7.600000000006153,0.0,40,1
4293,185,25,-3,-8.600000000006204,0.0,41,1
4293,186,29,-3,-9.600000000006261,0.0,42,1
4293,187,22,-2,-10.600000000006313,0.0,43,1
4293,188,30,3,-11.600000000006371,0.0,44,1
