time_step,passenger_sequence,target_x,target_y,current_x,current_y,current_cell,state
4955,174,32,2,28.433333333327894,0.0,4,0
4955,175,32,1,27.299999999994483,0.0,5,0
4955,177,27,-1,20.83333333332761,0.0,11,0
4955,178,32,-1,22.999999999994245,0.0,9,0
4955,179,27,-2,21.966666666660842,0.0,10,0
4955,180,22,2,21.53333333332744,0.0,10,2
4955,181,26,-1,16.699999999993985,0.0,15,1
4955,182,32,3,18.86666666666062,0.0,13,1
4955,183,29,1,18.433333333327226,0.0,14,1
4955,184,30,-2,14.799999999993801,0.0,17,1
4955,185,25,-3,12.96666666666042,0.0,19,1
4955,186,29,-3,12.033333333327029,0.0,20,1
4955,187,22,-2,11.099999999993644,0.0,21,1
4955,188,30,3,10.166666666660252,0.0,22,1
