time_step,passenger_sequence,target_x,target_y,current_x,current_y,current_cell,state
4697,165,30,1,28.233333333328424,0.0,4,0
4697,167,30,-3,24.266666666661585,0.0,8,0
4697,168,24,-2,21.233333333328147,0.0,11,0
4697,170,28,2,22.366666666661374,0.0,10,0
4697,171,22,-3,20.133333333327954,0.0,12,0
4697,172,29,-1,19.199999999994546,0.0,13,0
4697,173,31,-2,16.466666666661112,0.0,16,0
4697,174,32,2,15.53333333332772,0.0,16,0
4697,175,32,1,17.699999999994347,0.0,14,0
4697,176,25,-1,16.766666666660946,0.0,15,0
4697,177,27,-1,12.833333333327552,0.0,19,0
4697,178,32,-1,11.89999999999416,0.0,20,0
4697,179,27,-2,13.966666666660764,0.0,18,0
4697,180,22,2,9.933333333327385,0.0,22,0
4697,181,26,-1,8.999999999994,0.0,23,0
4697,182,32,3,11.166666666660596,0.0,21,0
4697,183,29,1,7.133333333327224,0.0,25,0
4697,184,30,-2,6.199999999993832,0.0,26,0
4697,185,25,-3,5.266666666660447,0.0,27,0
4697,186,29,-3,4.333333333327056,0.0,28,0
4697,187,22,-2,3.3999999999936685,0.0,29,0
4697,188,30,3,2.4666666666602723,0.0,30,0
