time_step,passenger_sequence,target_x,target_y,current_x,current_y,current_cell,state
4589,164,30,2,28.833333333328493,0.0,3,0
4589,165,30,1,23.63333333332836,0.0,8,0
4589,166,27,2,24.999999999994984,0.0,7,0
4589,167,30,-3,20.566666666661533,0.0,11,0
4589,168,24,-2,17.533333333328095,0.0,14,0
4589,169,23,-3,21.999999999994763,0.0,10,0
4589,170,28,2,18.766666666661322,0.0,13,0
4589,171,22,-3,15.533333333327898,0.0,16,0
4589,172,29,-1,14.599999999994505,0.0,17,0
4589,173,31,-2,12.866666666661116,0.0,19,0
4589,174,32,2,11.933333333327733,0.0,20,0
4589,175,32,1,10.99999999999434,0.0,21,0
4589,176,25,-1,10.066666666660955,0.0,22,0
4589,177,27,-1,9.233333333327565,0.0,23,0
4589,178,32,-1,8.299999999994172,0.0,24,0
4589,179,27,-2,10.366666666660777,0.0,22,0
4589,180,22,2,6.333333333327397,0.0,26,0
4589,181,26,-1,5.399999999994012,0.0,27,0
4589,182,32,3,7.566666666660609,0.0,24,0
4589,183,29,1,3.5333333333272345,0.0,28,0
4589,184,30,-2,2.5999999999938384,0.0,29,0
4589,185,25,-3,1.6666666666604493,0.0,30,0
4589,186,29,-3,0.7333333333270549,0.0,31,0
4589,187,22,-2,-0.2666666666730001,0.0,32,0
4589,188,30,3,-1.2666666666730622,0.0,33,0
