time_step,passenger_sequence,target_x,target_y,current_x,current_y,current_cell,state
4851,172,29,-1,21.69999999999458,0.0,10,0
4851,173,31,-2,22.5666666666612,0.0,9,0
4851,174,32,2,18.033333333327747,0.0,14,0
4851,175,32,1,20.199999999994382,0.0,12,0
4851,176,25,-1,19.26666666666098,0.0,13,0
4851,177,27,-1,15.333333333327543,0.0,17,0
4851,178,32,-1,17.499999999994166,0.0,15,0
4851,179,27,-2,16.466666666660764,0.0,16,0
4851,180,22,2,12.433333333327376,0.0,20,0
4851,181,26,-1,11.49999999999399,0.0,21,0
4851,182,32,3,13.666666666660587,0.0,18,0
4851,183,29,1,13.233333333327202,0.0,19,0
4851,184,30,-2,9.59999999999382,0.0,22,0
4851,185,25,-3,7.766666666660438,0.0,24,0
4851,186,29,-3,6.833333333327047,0.0,25,0
4851,187,22,-2,5.899999999993662,0.0,26,0
4851,188,30,3,4.96666666666027,0.0,27,0
