time_step,passenger_sequence,target_x,target_y,current_x,current_y,current_cell,state
4437,158,28,1,27.566666666662172,0.0,4,2
4437,160,28,-1,23.599999999995326,0.0,8,0
4437,161,29,-2,25.266666666661955,0.0,7,0
4437,162,25,3,21.333333333328504,0.0,11,0
4437,163,27,3,21.799999999995116,0.0,10,0
4437,164,30,2,19.8666666666617,0.0,12,0
4437,165,30,1,17.833333333328277,0.0,14,0
4437,166,27,2,19.1999999999949,0.0,13,0
4437,167,30,-3,14.766666666661472,0.0,17,0
4437,168,24,-2,11.733333333328089,0.0,20,0
4437,169,23,-3,16.19999999999468,0.0,16,0
4437,170,28,2,12.966666666661293,0.0,19,0
4437,171,22,-3,9.733333333327918,0.0,22,0
4437,172,29,-1,8.799999999994526,0.0,23,0
4437,173,31,-2,7.066666666661137,0.0,25,0
4437,174,32,2,6.133333333327753,0.0,26,0
4437,175,32,1,5.199999999994361,0.0,27,0
4437,176,25,-1,4.266666666660976,0.0,28,0
4437,177,27,-1,3.3333333333275825,0.0,29,0
4437,178,32,-1,2.3999999999941863,0.0,30,0
4437,179,27,-2,1.4666666666607973,0.0,31,0
4437,180,22,2,0.4666666666607364,0.0,32,0
4437,181,26,-1,-0.5333333333393185,0.0,33,0
4437,182,32,3,-1.5333333333393808,0.0,34,0
4437,183,29,1,-2.5333333333394354,0.0,35,0
4437,184,30,-2,-3.5333333333394985,0.0,36,0
4437,185,25,-3,-4.533333333339552,0.0,37,0
4437,186,29,-3,-5.533333333339609,0.0,38,0
4437,187,22,-2,-6.533333333339661,0.0,39,0
4437,188,30,3,-7.533333333339719,0.0,40,0
