time_step,passenger_sequence,target_x,target_y,current_x,current_y,current_cell,state
4460,160,28,-1,25.89999999999536,0.0,6,0
4460,161,29,-2,27.566666666661988,0.0,4,0
4460,162,25,3,23.633333333328537,0.0,8,0
4460,163,27,3,24.09999999999515,0.0,8,0
4460,164,30,2,22.166666666661733,0.0,10,0
4460,165,30,1,20.13333333332831,0.0,12,0
4460,166,27,2,21.499999999994934,0.0,11,0
4460,167,30,-3,17.066666666661483,0.0,15,0
4460,168,24,-2,14.03333333332808,0.0,18,0
4460,169,23,-3,18.499999999994714,0.0,14,0
4460,170,28,2,15.266666666661285,0.0,17,0
4460,171,22,-3,12.03333333332791,0.0,20,0
4460,172,29,-1,11.099999999994518,0.0,21,0
4460,173,31,-2,9.366666666661128,0.0,23,0
4460,174,32,2,8.433333333327745,0.0,24,0
4460,175,32,1,7.499999999994353,0.0,25,0
4460,176,25,-1,6.566666666660968,0.0,25,0
4460,177,27,-1,5.6333333333275775,0.0,26,0
4460,178,32,-1,4.699999999994185,0.0,27,0
4460,179,27,-2,3.7666666666607993,0.0,28,0
4460,180,22,2,2.8333333333274044,0.0,29,0
4460,181,26,-1,1.8999999999940154,0.0,30,0
4460,182,32,3,0.9666666666606193,0.0,31,0
4460,183,29,1,-0.03333333333943414,0.0,32,0
4460,184,30,-2,-1.033333333339496,0.0,33,0
4460,185,25,-3,-2.033333333339552,0.0,34,0
4460,186,29,-3,-3.0333333333396135,0.0,35,0
4460,187,22,-2,-4.0333333333396695,0.0,36,0
4460,188,30,3,-5.033333333339728,0.0,37,0
