time_step,passenger_sequence,target_x,target_y,current_x,current_y,current_cell,state
5136,181,26,-1,21.29999999999405,0.0,11,0
5136,182,32,3,23.466666666660686,0.0,9,0
5136,183,29,1,23.033333333327292,0.0,9,0
5136,184,30,-2,19.399999999993845,0.0,13,0
5136,185,25,-3,17.56666666666043,0.0,14,0
5136,186,29,-3,16.633333333327023,0.0,15,0
5136,187,22,-2,15.699999999993627,0.0,16,0
5136,188,30,3,14.766666666660235,0.0,17,0
