time_step,passenger_sequence,target_x,target_y,current_x,current_y,current_cell,state
5285,184,30,-2,29.033333333327313,0.0,3,0
5285,185,25,-3,24.56666666666053,0.0,7,2
5285,186,29,-3,23.53333333332712,0.0,8,1
5285,188,30,3,20.566666666660296,0.0,11,1
