time_step,passenger_sequence,target_x,target_y,current_x,current_y,current_cell,state
5174,181,26,-1,25.099999999994104,0.0,7,0
5174,182,32,3,27.26666666666074,0.0,5,0
5174,183,29,1,26.833333333327346,0.0,5,0
5174,184,30,-2,23.1999999999939,0.0,9,0
5174,185,25,-3,21.366666666660485,0.0,11,0
5174,186,29,-3,20.433333333327077,0.0,12,0
5174,187,22,-2,19.499999999993676,0.0,13,0
5174,188,30,3,18.566666666660268,0.0,13,0
