time_step,passenger_sequence,target_x,target_y,current_x,current_y,current_cell,state
5156,181,26,-1,23.29999999999408,0.0,9,0
5156,182,32,3,25.466666666660714,0.0,7,0
5156,183,29,1,25.03333333332732,0.0,7,0
5156,184,30,-2,21.399999999993874,0.0,11,0
5156,185,25,-3,19.56666666666046,0.0,12,0
5156,186,29,-3,18.63333333332705,0.0,13,0
5156,187,22,-2,17.69999999999365,0.0,14,0
5156,188,30,3,16.766666666660242,0.0,15,0
