time_step,passenger_sequence,target_x,target_y,current_x,current_y,current_cell,state
5130,181,26,-1,20.69999999999404,0.0,11,0
5130,182,32,3,22.866666666660677,0.0,9,0
5130,183,29,1,22.433333333327283,0.0,10,0
5130,184,30,-2,18.799999999993837,0.0,13,0
5130,185,25,-3,16.966666666660423,0.0,15,0
5130,186,29,-3,16.033333333327015,0.0,16,0
5130,187,22,-2,15.09999999999363,0.0,17,0
5130,188,30,3,14.166666666660237,0.0,18,0
