time_step,passenger_sequence,target_x,target_y,current_x,current_y,current_cell,state
5142,181,26,-1,21.89999999999406,0.0,10,0
5142,182,32,3,24.066666666660694,0.0,8,0
5142,183,29,1,23.6333333333273,0.0,8,0
5142,184,30,-2,19.999999999993854,0.0,12,0
5142,185,25,-3,18.16666666666044,0.0,14,0
5142,186,29,-3,17.23333333332703,0.0,15,0
5142,187,22,-2,16.29999999999363,0.0,16,0
5142,188,30,3,15.366666666660233,0.0,17,0
