time_step,passenger_sequence,target_x,target_y,current_x,current_y,current_cell,state
5144,181,26,-1,22.09999999999406,0.0,10,0
5144,182,32,3,24.266666666660697,0.0,8,0
5144,183,29,1,23.833333333327303,0.0,8,0
5144,184,30,-2,20.199999999993857,0.0,12,0
5144,185,25,-3,18.366666666660443,0.0,14,0
5144,186,29,-3,17.433333333327035,0.0,15,0
5144,187,22,-2,16.499999999993634,0.0,16,0
5144,188,30,3,15.566666666660232,0.0,16,0
