time_step,passenger_sequence,target_x,target_y,current_x,current_y,current_cell,state
5158,181,26,-1,23.49999999999408,0.0,9,0
5158,182,32,3,25.666666666660717,0.0,6,0
5158,183,29,1,25.233333333327323,0.0,7,0
5158,184,30,-2,21.599999999993877,0.0,10,0
5158,185,25,-3,19.766666666660463,0.0,12,0
5158,186,29,-3,18.833333333327055,0.0,13,0
5158,187,22,-2,17.899999999993653,0.0,14,0
5158,188,30,3,16.966666666660245,0.0,15,0
