time_step,passenger_sequence,target_x,target_y,current_x,current_y,current_cell,state
5134,181,26,-1,21.099999999994047,0.0,11,0
5134,182,32,3,23.266666666660683,0.0,9,0
5134,183,29,1,22.83333333332729,0.0,9,0
5134,184,30,-2,19.199999999993842,0.0,13,0
5134,185,25,-3,17.36666666666043,0.0,15,0
5134,186,29,-3,16.43333333332702,0.0,16,0
5134,187,22,-2,15.499999999993628,0.0,17,0
5134,188,30,3,14.566666666660236,0.0,17,0
