time_step,passenger_sequence,target_x,target_y,current_x,current_y,current_cell,state
2924,126,25,1,24.566666666664187,0.0,7,2
2924,129,27,1,23.166666666663996,0.0,9,1
2924,135,18,1,9.666666666663572,0.0,22,0
2924,136,28,1,10.13333333333018,0.0,22,1
2924,137,31,1,8.999999999996794,0.0,23,1
2924,138,24,1,6.366666666663416,0.0,26,1
2924,139,30,-1,5.433333333330028,0.0,27,1
2924,140,9,-1,4.7999999999966345,0.0,27,0
2924,141,22,1,3.5666666666632465,0.0,28,1
2924,142,7,1,2.6333333333298468,0.0,29,1
2924,143,23,1,1.6999999999964543,0.0,30,1
2924,144,2,1,0.7666666666630563,0.0,31,1
2924,145,19,1,-0.166666666670332,0.0,32,1
2924,146,32,1,-1.166666666670394,0.0,33,1
2924,147,26,-1,-2.1666666666704484,0.0,34,1
2924,148,19,-1,-3.166666666670515,0.0,35,1
2924,149,29,-1,-4.166666666670574,0.0,36,1
2924,150,6,-1,-5.1666666666706345,0.0,37,1
2924,151,8,-1,-6.1666666666706895,0.0,38,1
2924,152,5,-1,-7.166666666670752,0.0,39,1
2924,153,23,-1,-8.166666666670809,0.0,40,1
2924,154,17,1,-9.166666666670864,0.0,41,1
2924,155,10,1,-10.166666666670919,0.0,42,1
2924,156,11,-1,-11.166666666670983,0.0,43,1
2924,157,13,-1,-12.166666666671038,0.0,44,1
2924,158,28,-1,-13.166666666671103,0.0,45,1
2924,159,1,-1,-14.166666666671157,0.0,46,1
2924,160,30,1,-15.166666666671226,0.0,47,1
2924,161,7,-1,-16.166666666671283,0.0,48,1
2924,162,3,-1,-17.166666666671357,0.0,49,1
2924,163,12,-1,-18.16666666667143,0.0,50,1
2924,164,15,1,-19.16666666667151,0.0,51,1
2924,165,9,1,-20.166666666671585,0.0,52,1
2924,166,25,-1,-21.166666666671667,0.0,53,1
2924,167,14,1,-22.16666666667174,0.0,54,1
2924,168,29,1,-23.166666666671812,0.0,55,1
2924,169,32,-1,-24.166666666671894,0.0,56,1
2924,170,3,1,-25.16666666667197,0.0,57,1
2924,171,21,1,-26.166666666672043,0.0,58,1
2924,172,5,1,-27.166666666672118,0.0,59,1
2924,173,13,1,-28.166666666672192,0.0,60,1
2924,174,15,-1,-29.166666666672267,0.0,61,1
2924,175,31,-1,-30.16666666667234,0.0,62,1
2924,176,27,-1,-31.166666666672423,0.0,63,1
2924,177,4,-1,-32.1666666666725,0.0,64,1
2924,178,18,-1,-33.166666666672576,0.0,65,1
2924,179,22,-1,-34.166666666672654,0.0,66,1
2924,180,21,-1,-35.16666666667273,0.0,67,1
2924,181,4,1,-36.16666666667281,0.0,68,1
2924,182,24,-1,-37.16666666667289,0.0,69,1
2924,183,26,1,-38.16666666667297,0.0,70,1
2924,184,16,-1,-39.166666666673045,0.0,71,1
2924,185,20,1,-40.16666666667312,0.0,72,1
2924,186,16,1,-41.1666666666732,0.0,73,1
2924,187,6,1,-42.16666666667328,0.0,74,1
2924,188,20,-1,-43.16666666667336,0.0,75,1
