time_step,passenger_sequence,target_x,target_y,current_x,current_y,current_cell,state
3556,158,28,-1,17.39999999999551,0.0,15,0
3556,160,30,1,13.833333333328705,0.0,18,0
3556,163,12,-1,9.833333333328541,0.0,22,0
3556,164,15,1,8.899999999995142,0.0,23,0
3556,165,9,1,7.966666666661752,0.0,24,0
3556,166,25,-1,7.033333333328352,0.0,25,0
3556,167,14,1,6.09999999999496,0.0,26,0
3556,168,29,1,5.166666666661573,0.0,27,0
3556,169,32,-1,4.233333333328174,0.0,28,0
3556,170,3,1,2.599999999994778,0.0,29,2
3556,171,21,1,1.5666666666613833,0.0,30,1
3556,172,5,1,0.6333333333279876,0.0,31,1
3556,173,13,1,-0.30000000000540783,0.0,32,1
3556,174,15,-1,-1.3000000000054686,0.0,33,1
3556,175,31,-1,-2.3000000000055314,0.0,34,1
3556,176,27,-1,-3.3000000000056016,0.0,35,1
3556,177,4,-1,-4.300000000005662,0.0,36,1
3556,178,18,-1,-5.300000000005721,0.0,37,1
3556,179,22,-1,-6.300000000005779,0.0,38,1
3556,180,21,-1,-7.300000000005836,0.0,39,1
3556,181,4,1,-8.300000000005895,0.0,40,1
3556,182,24,-1,-9.300000000005953,0.0,41,1
3556,183,26,1,-10.30000000000601,0.0,42,1
3556,184,16,-1,-11.300000000006069,0.0,43,1
3556,185,20,1,-12.300000000006127,0.0,44,1
3556,186,16,1,-13.300000000006184,0.0,45,1
3556,187,6,1,-14.300000000006243,0.0,46,1
3556,188,20,-1,-15.300000000006301,0.0,47,1
