time_step,passenger_sequence,target_x,target_y,current_x,current_y,current_cell,state
3349,146,32,1,23.899999999996343,0.0,8,0
3349,147,26,-1,22.366666666662937,0.0,10,0
3349,149,29,-1,18.799999999996093,0.0,13,0
3349,153,23,-1,13.466666666662482,0.0,19,0
3349,154,17,1,13.33333333332909,0.0,19,0
3349,156,11,-1,8.366666666662315,0.0,24,0
3349,157,13,-1,7.433333333328926,0.0,25,0
3349,158,28,-1,6.499999999995527,0.0,26,0
3349,160,30,1,2.9333333333287386,0.0,29,0
3349,161,7,-1,1.9999999999953462,0.0,30,0
3349,162,3,-1,1.0666666666619513,0.0,31,0
3349,163,12,-1,0.13333333332855957,0.0,32,0
3349,164,15,1,-0.8666666666715095,0.0,33,0
3349,165,9,1,-1.8666666666715708,0.0,34,0
3349,166,25,-1,-2.866666666671641,0.0,35,0
3349,167,14,1,-3.866666666671704,0.0,36,0
3349,168,29,1,-4.866666666671758,0.0,37,0
3349,169,32,-1,-5.866666666671824,0.0,38,0
3349,170,3,1,-6.8666666666718825,0.0,39,0
3349,171,21,1,-7.866666666671939,0.0,40,0
3349,172,5,1,-8.866666666671998,0.0,41,0
3349,173,13,1,-9.866666666672057,0.0,42,0
3349,174,15,-1,-10.866666666672113,0.0,43,0
3349,175,31,-1,-11.866666666672172,0.0,44,0
3349,176,27,-1,-12.866666666672238,0.0,45,0
3349,177,4,-1,-13.866666666672295,0.0,46,0
3349,178,18,-1,-14.866666666672353,0.0,47,0
3349,179,22,-1,-15.866666666672412,0.0,48,0
3349,180,21,-1,-16.866666666672483,0.0,49,0
3349,181,4,1,-17.866666666672558,0.0,50,0
3349,182,24,-1,-18.866666666672632,0.0,51,0
3349,183,26,1,-19.866666666672707,0.0,52,0
3349,184,16,-1,-20.86666666667278,0.0,53,0
3349,185,20,1,-21.866666666672856,0.0,54,0
3349,186,16,1,-22.86666666667293,0.0,55,0
3349,187,6,1,-23.866666666673005,0.0,56,0
3349,188,20,-1,-24.86666666667308,0.0,57,0
