time_step,passenger_sequence,target_x,target_y,current_x,current_y,current_cell,state
3865,168,29,1,24.76666666666166,0.0,7,0
3865,169,32,-1,23.833333333328245,0.0,8,0
3865,171,21,1,20.56666666666141,0.0,11,2
3865,175,31,-1,14.13333333332777,0.0,18,1
3865,176,27,-1,13.19999999999437,0.0,19,1
3865,178,18,-1,10.43333333332759,0.0,22,1
3865,179,22,-1,9.699999999994198,0.0,22,0
3865,180,21,-1,8.566666666660808,0.0,23,1
3865,182,24,-1,6.699999999994024,0.0,25,1
3865,183,26,1,5.266666666660635,0.0,27,1
3865,184,16,-1,4.333333333327243,0.0,28,1
3865,185,20,1,3.399999999993848,0.0,29,1
3865,186,16,1,2.6666666666604533,0.0,29,0
3865,187,6,1,1.5333333333270571,0.0,30,1
3865,188,20,-1,0.5999999999936614,0.0,31,1
