time_step,passenger_sequence,target_x,target_y,current_x,current_y,current_cell,state
3248,143,23,1,19.899999999996467,0.0,12,0
3248,145,19,1,16.433333333329635,0.0,16,0
3248,146,32,1,15.499999999996234,0.0,17,0
3248,147,26,-1,14.56666666666285,0.0,17,0
3248,148,19,-1,13.633333333329455,0.0,18,0
3248,149,29,-1,12.699999999996066,0.0,19,0
3248,153,23,-1,7.366666666662503,0.0,25,0
3248,154,17,1,4.93333333332912,0.0,27,0
3248,155,10,1,5.499999999995726,0.0,27,0
3248,156,11,-1,3.0666666666623295,0.0,29,0
3248,157,13,-1,2.133333333328937,0.0,30,0
3248,158,28,-1,1.1999999999955338,0.0,31,0
3248,159,1,-1,0.2666666666621433,0.0,32,0
3248,160,30,1,-0.7333333333379294,0.0,33,0
3248,161,7,-1,-1.7333333333379883,0.0,34,0
3248,162,3,-1,-2.73333333333805,0.0,35,0
3248,163,12,-1,-3.7333333333381096,0.0,36,0
3248,164,15,1,-4.733333333338177,0.0,37,0
3248,165,9,1,-5.7333333333382335,0.0,38,0
3248,166,25,-1,-6.733333333338299,0.0,39,0
3248,167,14,1,-7.733333333338358,0.0,40,0
3248,168,29,1,-8.733333333338411,0.0,41,0
3248,169,32,-1,-9.733333333338477,0.0,42,0
3248,170,3,1,-10.733333333338535,0.0,43,0
3248,171,21,1,-11.733333333338592,0.0,44,0
3248,172,5,1,-12.733333333338651,0.0,45,0
3248,173,13,1,-13.73333333333871,0.0,46,0
3248,174,15,-1,-14.733333333338766,0.0,47,0
3248,175,31,-1,-15.733333333338825,0.0,48,0
3248,176,27,-1,-16.7333333333389,0.0,49,0
3248,177,4,-1,-17.733333333338976,0.0,50,0
3248,178,18,-1,-18.73333333333905,0.0,51,0
3248,179,22,-1,-19.733333333339125,0.0,52,0
3248,180,21,-1,-20.7333333333392,0.0,53,0
3248,181,4,1,-21.733333333339274,0.0,54,0
3248,182,24,-1,-22.73333333333935,0.0,55,0
3248,183,26,1,-23.733333333339424,0.0,56,0
3248,184,16,-1,-24.7333333333395,0.0,57,0
3248,185,20,1,-25.733333333339573,0.0,58,0
3248,186,16,1,-26.733333333339647,0.0,59,0
3248,187,6,1,-27.733333333339722,0.0,60,0
3248,188,20,-1,-28.733333333339797,0.0,61,0
