time_step,passenger_sequence,target_x,target_y,current_x,current_y,current_cell,state
3047,136,28,1,17.63333333333018,0.0,14,0
3047,137,31,1,16.499999999996774,0.0,16,0
3047,138,24,1,13.86666666666339,0.0,18,0
3047,139,30,-1,14.633333333329995,0.0,17,0
3047,141,22,1,10.066666666663226,0.0,22,0
3047,143,23,1,6.599999999996447,0.0,25,0
3047,145,19,1,3.1333333333296696,0.0,29,0
3047,146,32,1,2.1999999999962734,0.0,30,0
3047,147,26,-1,1.2666666666628859,0.0,31,0
3047,148,19,-1,0.33333333332948684,0.0,32,0
3047,149,29,-1,-0.6666666666705716,0.0,33,0
3047,150,6,-1,-1.6666666666706362,0.0,34,0
3047,151,8,-1,-2.6666666666706957,0.0,35,0
3047,152,5,-1,-3.6666666666707624,0.0,36,0
3047,153,23,-1,-4.666666666670821,0.0,37,0
3047,154,17,1,-5.666666666670876,0.0,38,0
3047,155,10,1,-6.666666666670931,0.0,39,0
3047,156,11,-1,-7.666666666670995,0.0,40,0
3047,157,13,-1,-8.66666666667105,0.0,41,0
3047,158,28,-1,-9.666666666671116,0.0,42,0
3047,159,1,-1,-10.66666666667117,0.0,43,0
3047,160,30,1,-11.666666666671238,0.0,44,0
3047,161,7,-1,-12.666666666671293,0.0,45,0
3047,162,3,-1,-13.66666666667135,0.0,46,0
3047,163,12,-1,-14.666666666671405,0.0,47,0
3047,164,15,1,-15.666666666671471,0.0,48,0
3047,165,9,1,-16.66666666667154,0.0,49,0
3047,166,25,-1,-17.66666666667162,0.0,50,0
3047,167,14,1,-18.666666666671695,0.0,51,0
3047,168,29,1,-19.666666666671766,0.0,52,0
3047,169,32,-1,-20.666666666671848,0.0,53,0
3047,170,3,1,-21.666666666671922,0.0,54,0
3047,171,21,1,-22.666666666671997,0.0,55,0
3047,172,5,1,-23.66666666667207,0.0,56,0
3047,173,13,1,-24.666666666672146,0.0,57,0
3047,174,15,-1,-25.66666666667222,0.0,58,0
3047,175,31,-1,-26.666666666672295,0.0,59,0
3047,176,27,-1,-27.666666666672377,0.0,60,0
3047,177,4,-1,-28.66666666667245,0.0,61,0
3047,178,18,-1,-29.666666666672526,0.0,62,0
3047,179,22,-1,-30.6666666666726,0.0,63,0
3047,180,21,-1,-31.666666666672675,0.0,64,0
3047,181,4,1,-32.666666666672754,0.0,65,0
3047,182,24,-1,-33.66666666667283,0.0,66,0
3047,183,26,1,-34.66666666667291,0.0,67,0
3047,184,16,-1,-35.66666666667299,0.0,68,0
3047,185,20,1,-36.666666666673066,0.0,69,0
3047,186,16,1,-37.666666666673144,0.0,70,0
3047,187,6,1,-38.66666666667322,0.0,71,0
3047,188,20,-1,-39.6666666666733,0.0,72,0
