time_step,passenger_sequence,target_x,target_y,current_x,current_y,current_cell,state
3983,175,31,-1,21.033333333327835,0.0,11,0
3983,176,27,-1,20.099999999994417,0.0,12,0
3983,178,18,-1,17.533333333327594,0.0,14,2
3983,179,22,-1,16.49999999999418,0.0,16,1
3983,180,21,-1,13.86666666666079,0.0,18,1
3983,182,24,-1,13.599999999993999,0.0,18,0
3983,183,26,1,12.26666666666061,0.0,20,1
3983,184,16,-1,11.333333333327218,0.0,21,1
3983,185,20,1,10.399999999993826,0.0,22,1
3983,186,16,1,9.466666666660435,0.0,23,1
3983,188,20,-1,5.1999999999936595,0.0,27,1
