time_step,passenger_sequence,target_x,target_y,current_x,current_y,current_cell,state
3615,158,28,-1,23.299999999995595,0.0,9,0
3615,160,30,1,19.73333333332875,0.0,12,0
3615,164,15,1,13.099999999995127,0.0,19,0
3615,166,25,-1,10.133333333328341,0.0,22,0
3615,167,14,1,9.199999999994949,0.0,23,0
3615,168,29,1,8.266666666661562,0.0,24,0
3615,169,32,-1,7.333333333328163,0.0,25,0
3615,171,21,1,4.166666666661385,0.0,28,0
3615,172,5,1,3.2333333333279892,0.0,29,0
3615,173,13,1,2.299999999994593,0.0,30,0
3615,174,15,-1,1.3666666666611984,0.0,31,0
3615,175,31,-1,0.4333333333278029,0.0,32,0
3615,176,27,-1,-0.5666666666722663,0.0,33,0
3615,177,4,-1,-1.5666666666723272,0.0,34,0
3615,178,18,-1,-2.5666666666723903,0.0,35,0
3615,179,22,-1,-3.5666666666724534,0.0,36,0
3615,180,21,-1,-4.566666666672512,0.0,37,0
3615,181,4,1,-5.566666666672571,0.0,38,0
3615,182,24,-1,-6.56666666667263,0.0,39,0
3615,183,26,1,-7.5666666666726865,0.0,40,0
3615,184,16,-1,-8.566666666672745,0.0,41,0
3615,185,20,1,-9.566666666672804,0.0,42,0
3615,186,16,1,-10.56666666667286,0.0,43,0
3615,187,6,1,-11.56666666667292,0.0,44,0
3615,188,20,-1,-12.566666666672978,0.0,45,0
