time_step,passenger_sequence,target_x,target_y,current_x,current_y,current_cell,state
3795,166,25,-1,23.03333333332842,0.0,9,0
3795,168,29,1,19.466666666661585,0.0,13,0
3795,169,32,-1,18.53333333332817,0.0,13,0
3795,171,21,1,15.366666666661345,0.0,17,0
3795,173,13,1,12.599999999994564,0.0,19,2
3795,174,15,-1,14.066666666661165,0.0,18,0
3795,175,31,-1,10.433333333327782,0.0,22,1
3795,176,27,-1,9.499999999994383,0.0,23,1
3795,178,18,-1,6.733333333327604,0.0,25,1
3795,179,22,-1,5.799999999994212,0.0,26,1
3795,180,21,-1,4.866666666660821,0.0,27,1
3795,181,4,1,3.533333333327428,0.0,28,2
3795,182,24,-1,2.9999999999940323,0.0,29,1
3795,183,26,1,1.5666666666606373,0.0,30,1
3795,184,16,-1,0.6333333333272415,0.0,31,1
3795,185,20,1,-0.3000000000061539,0.0,32,1
3795,186,16,1,-1.3000000000062146,0.0,33,1
3795,187,6,1,-2.3000000000062775,0.0,34,1
3795,188,20,-1,-3.3000000000063405,0.0,35,1
