time_step,passenger_sequence,target_x,target_y,current_x,current_y,current_cell,state
3432,149,29,-1,23.699999999996162,0.0,8,0
3432,153,23,-1,18.366666666662507,0.0,14,0
3432,157,13,-1,10.033333333328917,0.0,22,0
3432,158,28,-1,9.099999999995518,0.0,23,0
3432,160,30,1,5.533333333328734,0.0,26,0
3432,161,7,-1,4.599999999995346,0.0,27,0
3432,163,12,-1,2.03333333332856,0.0,30,0
3432,164,15,1,1.099999999995157,0.0,31,0
3432,165,9,1,0.16666666666176314,0.0,32,0
3432,166,25,-1,-0.833333333338306,0.0,33,0
3432,167,14,1,-1.8333333333383686,0.0,34,0
3432,168,29,1,-2.8333333333384267,0.0,35,0
3432,169,32,-1,-3.833333333338497,0.0,36,0
3432,170,3,1,-4.833333333338556,0.0,37,0
3432,171,21,1,-5.833333333338613,0.0,38,0
3432,172,5,1,-6.833333333338672,0.0,39,0
3432,173,13,1,-7.8333333333387305,0.0,40,0
3432,174,15,-1,-8.833333333338787,0.0,41,0
3432,175,31,-1,-9.833333333338846,0.0,42,0
3432,176,27,-1,-10.833333333338912,0.0,43,0
3432,177,4,-1,-11.833333333338969,0.0,44,0
3432,178,18,-1,-12.833333333339027,0.0,45,0
3432,179,22,-1,-13.833333333339086,0.0,46,0
3432,180,21,-1,-14.833333333339143,0.0,47,0
3432,181,4,1,-15.833333333339201,0.0,48,0
3432,182,24,-1,-16.833333333339272,0.0,49,0
3432,183,26,1,-17.833333333339347,0.0,50,0
3432,184,16,-1,-18.83333333333942,0.0,51,0
3432,185,20,1,-19.833333333339496,0.0,52,0
3432,186,16,1,-20.83333333333957,0.0,53,0
3432,187,6,1,-21.833333333339645,0.0,54,0
3432,188,20,-1,-22.83333333333972,0.0,55,0
