time_step,passenger_sequence,target_x,target_y,current_x,current_y,current_cell,state
3078,136,28,1,20.733333333330226,0.0,11,0
3078,137,31,1,19.599999999996818,0.0,12,0
3078,138,24,1,16.966666666663397,0.0,15,0
3078,139,30,-1,17.733333333330016,0.0,14,0
3078,141,22,1,13.166666666663215,0.0,19,0
3078,143,23,1,9.699999999996436,0.0,22,0
3078,145,19,1,6.2333333333296626,0.0,26,0
3078,146,32,1,5.29999999999627,0.0,27,0
3078,147,26,-1,4.366666666662887,0.0,28,0
3078,148,19,-1,3.4333333333294886,0.0,29,0
3078,149,29,-1,2.499999999996096,0.0,30,0
3078,150,6,-1,1.5666666666626978,0.0,30,0
3078,151,8,-1,0.6333333333293056,0.0,31,0
3078,152,5,-1,-0.3000000000040933,0.0,32,0
3078,153,23,-1,-1.300000000004154,0.0,33,0
3078,154,17,1,-2.3000000000042133,0.0,34,0
3078,155,10,1,-3.300000000004273,0.0,35,0
3078,156,11,-1,-4.30000000000434,0.0,36,0
3078,157,13,-1,-5.300000000004395,0.0,37,0
3078,158,28,-1,-6.300000000004461,0.0,38,0
3078,159,1,-1,-7.300000000004514,0.0,39,0
3078,160,30,1,-8.300000000004584,0.0,40,0
3078,161,7,-1,-9.300000000004639,0.0,41,0
3078,162,3,-1,-10.300000000004696,0.0,42,0
3078,163,12,-1,-11.30000000000475,0.0,43,0
3078,164,15,1,-12.300000000004816,0.0,44,0
3078,165,9,1,-13.300000000004873,0.0,45,0
3078,166,25,-1,-14.300000000004939,0.0,46,0
3078,167,14,1,-15.300000000004998,0.0,47,0
3078,168,29,1,-16.300000000005056,0.0,48,0
3078,169,32,-1,-17.300000000005138,0.0,49,0
3078,170,3,1,-18.300000000005213,0.0,50,0
3078,171,21,1,-19.300000000005287,0.0,51,0
3078,172,5,1,-20.30000000000536,0.0,52,0
3078,173,13,1,-21.300000000005436,0.0,53,0
3078,174,15,-1,-22.30000000000551,0.0,54,0
3078,175,31,-1,-23.300000000005586,0.0,55,0
3078,176,27,-1,-24.300000000005667,0.0,56,0
3078,177,4,-1,-25.300000000005742,0.0,57,0
3078,178,18,-1,-26.300000000005817,0.0,58,0
3078,179,22,-1,-27.30000000000589,0.0,59,0
3078,180,21,-1,-28.300000000005966,0.0,60,0
3078,181,4,1,-29.30000000000604,0.0,61,0
3078,182,24,-1,-30.300000000006115,0.0,62,0
3078,183,26,1,-31.30000000000619,0.0,63,0
3078,184,16,-1,-32.300000000006264,0.0,64,0
3078,185,20,1,-33.30000000000634,0.0,65,0
3078,186,16,1,-34.30000000000642,0.0,66,0
3078,187,6,1,-35.3000000000065,0.0,67,0
3078,188,20,-1,-36.30000000000658,0.0,68,0
