time_step,passenger_sequence,target_x,target_y,current_x,current_y,current_cell,state
3942,169,32,-1,30.96666666666166,0.0,1,0
3942,175,31,-1,18.6333333333278,0.0,13,0
3942,176,27,-1,17.699999999994382,0.0,14,0
3942,178,18,-1,16.63333333332758,0.0,15,0
3942,179,22,-1,15.699999999994176,0.0,16,0
3942,180,21,-1,13.066666666660792,0.0,19,0
3942,182,24,-1,11.199999999994008,0.0,21,0
3942,183,26,1,11.466666666660613,0.0,21,0
3942,184,16,-1,8.833333333327227,0.0,23,0
3942,185,20,1,9.599999999993829,0.0,22,0
3942,186,16,1,8.666666666660438,0.0,23,0
3942,187,6,1,5.533333333327054,0.0,26,2
3942,188,20,-1,4.499999999993662,0.0,28,1
