time_step,passenger_sequence,target_x,target_y,current_x,current_y,current_cell,state
3749,166,25,-1,18.433333333328356,0.0,14,0
3749,168,29,1,14.866666666661539,0.0,17,0
3749,169,32,-1,13.93333333332814,0.0,18,0
3749,171,21,1,10.766666666661362,0.0,21,0
3749,173,13,1,8.899999999994577,0.0,23,0
3749,174,15,-1,9.466666666661181,0.0,23,0
3749,175,31,-1,6.833333333327795,0.0,25,0
3749,176,27,-1,5.899999999994396,0.0,26,0
3749,178,18,-1,3.1333333333276125,0.0,29,0
3749,179,22,-1,2.1999999999942164,0.0,30,0
3749,180,21,-1,1.2666666666608217,0.0,31,0
3749,181,4,1,0.33333333332742626,0.0,32,0
3749,182,24,-1,-0.6666666666726357,0.0,33,0
3749,183,26,1,-1.6666666666726968,0.0,34,0
3749,184,16,-1,-2.66666666667276,0.0,35,0
3749,185,20,1,-3.666666666672823,0.0,36,0
3749,186,16,1,-4.6666666666728815,0.0,37,0
3749,187,6,1,-5.66666666667294,0.0,38,0
3749,188,20,-1,-6.666666666672999,0.0,39,0
