time_step,passenger_sequence,target_x,target_y,current_x,current_y,current_cell,state
3611,158,28,-1,22.89999999999559,0.0,9,0
3611,160,30,1,19.333333333328746,0.0,13,0
3611,164,15,1,12.699999999995129,0.0,19,0
3611,166,25,-1,9.733333333328343,0.0,22,0
3611,167,14,1,8.79999999999495,0.0,23,0
3611,168,29,1,7.866666666661564,0.0,24,0
3611,169,32,-1,6.933333333328164,0.0,25,0
3611,171,21,1,3.766666666661385,0.0,28,0
3611,172,5,1,2.833333333327989,0.0,29,0
3611,173,13,1,1.899999999994593,0.0,30,0
3611,174,15,-1,0.9666666666611982,0.0,31,0
3611,175,31,-1,0.03333333332780283,0.0,32,0
3611,176,27,-1,-0.9666666666722662,0.0,33,0
3611,177,4,-1,-1.9666666666723276,0.0,34,0
3611,178,18,-1,-2.9666666666723907,0.0,35,0
3611,179,22,-1,-3.9666666666724537,0.0,36,0
3611,180,21,-1,-4.966666666672511,0.0,37,0
3611,181,4,1,-5.96666666667257,0.0,38,0
3611,182,24,-1,-6.966666666672628,0.0,39,0
3611,183,26,1,-7.966666666672685,0.0,40,0
3611,184,16,-1,-8.966666666672744,0.0,41,0
3611,185,20,1,-9.966666666672802,0.0,42,0
3611,186,16,1,-10.96666666667286,0.0,43,0
3611,187,6,1,-11.966666666672918,0.0,44,0
3611,188,20,-1,-12.966666666672976,0.0,45,0
