time_step,passenger_sequence,target_x,target_y,current_x,current_y,current_cell,state
3961,169,32,-1,31.56666666666166,0.0,0,3
3961,175,31,-1,18.833333333327804,0.0,13,0
3961,176,27,-1,17.899999999994385,0.0,14,0
3961,178,18,-1,16.833333333327584,0.0,15,0
3961,179,22,-1,15.899999999994176,0.0,16,0
3961,180,21,-1,13.266666666660791,0.0,19,0
3961,182,24,-1,11.399999999994007,0.0,21,0
3961,183,26,1,11.666666666660612,0.0,20,0
3961,184,16,-1,10.73333333332722,0.0,21,0
3961,185,20,1,9.799999999993828,0.0,22,0
3961,186,16,1,8.866666666660437,0.0,23,0
3961,188,20,-1,4.599999999993662,0.0,27,0
