time_step,passenger_sequence,target_x,target_y,current_x,current_y,current_cell,state
3925,169,32,-1,28.133333333328306,0.0,4,0
3925,175,31,-1,16.933333333327777,0.0,15,0
3925,176,27,-1,15.99999999999436,0.0,16,0
3925,178,18,-1,14.933333333327575,0.0,17,0
3925,179,22,-1,13.999999999994182,0.0,18,0
3925,180,21,-1,11.366666666660798,0.0,21,0
3925,182,24,-1,9.499999999994014,0.0,23,0
3925,183,26,1,9.766666666660619,0.0,22,0
3925,184,16,-1,7.133333333327233,0.0,25,0
3925,185,20,1,7.899999999993835,0.0,24,0
3925,186,16,1,6.966666666660444,0.0,25,0
3925,187,6,1,4.333333333327058,0.0,28,0
3925,188,20,-1,3.399999999993663,0.0,29,0
