time_step,passenger_sequence,target_x,target_y,current_x,current_y,current_cell,state
3377,146,32,1,26.699999999996383,0.0,5,0
3377,147,26,-1,25.166666666662977,0.0,7,0
3377,149,29,-1,21.599999999996133,0.0,10,0
3377,153,23,-1,16.266666666662477,0.0,16,0
3377,154,17,1,16.133333333329084,0.0,16,0
3377,156,11,-1,10.566666666662307,0.0,21,2
3377,157,13,-1,9.533333333328919,0.0,22,1
3377,158,28,-1,8.59999999999552,0.0,23,1
3377,160,30,1,5.033333333328736,0.0,27,1
3377,161,7,-1,4.099999999995347,0.0,28,1
3377,162,3,-1,2.5666666666619524,0.0,29,2
3377,163,12,-1,1.53333333332856,0.0,30,1
3377,164,15,1,0.5999999999951571,0.0,31,1
3377,165,9,1,-0.40000000000490354,0.0,32,1
3377,166,25,-1,-1.4000000000049728,0.0,33,1
3377,167,14,1,-2.400000000005036,0.0,34,1
3377,168,29,1,-3.400000000005094,0.0,35,1
3377,169,32,-1,-4.4000000000051624,0.0,36,1
3377,170,3,1,-5.400000000005221,0.0,37,1
3377,171,21,1,-6.400000000005278,0.0,38,1
3377,172,5,1,-7.4000000000053365,0.0,39,1
3377,173,13,1,-8.400000000005395,0.0,40,1
3377,174,15,-1,-9.400000000005452,0.0,41,1
3377,175,31,-1,-10.40000000000551,0.0,42,1
3377,176,27,-1,-11.400000000005576,0.0,43,1
3377,177,4,-1,-12.400000000005633,0.0,44,1
3377,178,18,-1,-13.400000000005692,0.0,45,1
3377,179,22,-1,-14.40000000000575,0.0,46,1
3377,180,21,-1,-15.400000000005807,0.0,47,1
3377,181,4,1,-16.40000000000587,0.0,48,1
3377,182,24,-1,-17.400000000005946,0.0,49,1
3377,183,26,1,-18.40000000000602,0.0,50,1
3377,184,16,-1,-19.400000000006095,0.0,51,1
3377,185,20,1,-20.40000000000617,0.0,52,1
3377,186,16,1,-21.400000000006244,0.0,53,1
3377,187,6,1,-22.40000000000632,0.0,54,1
3377,188,20,-1,-23.400000000006393,0.0,55,1
