time_step,passenger_sequence,target_x,target_y,current_x,current_y,current_cell,state
3061,136,28,1,19.0333333333302,0.0,13,0
3061,137,31,1,17.899999999996794,0.0,14,0
3061,138,24,1,15.266666666663385,0.0,17,0
3061,139,30,-1,16.033333333329992,0.0,16,0
3061,141,22,1,11.46666666666322,0.0,21,0
3061,143,23,1,7.999999999996442,0.0,24,0
3061,145,19,1,4.533333333329669,0.0,27,0
3061,146,32,1,3.5999999999962746,0.0,28,0
3061,147,26,-1,2.666666666662887,0.0,29,0
3061,148,19,-1,1.7333333333294874,0.0,30,0
3061,149,29,-1,0.799999999996095,0.0,31,0
3061,150,6,-1,-0.13333333333730252,0.0,32,0
3061,151,8,-1,-1.133333333337361,0.0,33,0
3061,152,5,-1,-2.1333333333374274,0.0,34,0
3061,153,23,-1,-3.133333333337489,0.0,35,0
3061,154,17,1,-4.133333333337548,0.0,36,0
3061,155,10,1,-5.133333333337603,0.0,37,0
3061,156,11,-1,-6.133333333337667,0.0,38,0
3061,157,13,-1,-7.133333333337722,0.0,39,0
3061,158,28,-1,-8.133333333337788,0.0,40,0
3061,159,1,-1,-9.133333333337841,0.0,41,0
3061,160,30,1,-10.13333333333791,0.0,42,0
3061,161,7,-1,-11.133333333337966,0.0,43,0
3061,162,3,-1,-12.133333333338022,0.0,44,0
3061,163,12,-1,-13.133333333338078,0.0,45,0
3061,164,15,1,-14.133333333338143,0.0,46,0
3061,165,9,1,-15.1333333333382,0.0,47,0
3061,166,25,-1,-16.133333333338268,0.0,48,0
3061,167,14,1,-17.133333333338342,0.0,49,0
3061,168,29,1,-18.133333333338413,0.0,50,0
3061,169,32,-1,-19.133333333338495,0.0,51,0
3061,170,3,1,-20.13333333333857,0.0,52,0
3061,171,21,1,-21.133333333338644,0.0,53,0
3061,172,5,1,-22.13333333333872,0.0,54,0
3061,173,13,1,-23.133333333338793,0.0,55,0
3061,174,15,-1,-24.133333333338868,0.0,56,0
3061,175,31,-1,-25.133333333338943,0.0,57,0
3061,176,27,-1,-26.133333333339024,0.0,58,0
3061,177,4,-1,-27.1333333333391,0.0,59,0
3061,178,18,-1,-28.133333333339174,0.0,60,0
3061,179,22,-1,-29.133333333339248,0.0,61,0
3061,180,21,-1,-30.133333333339323,0.0,62,0
3061,181,4,1,-31.133333333339397,0.0,63,0
3061,182,24,-1,-32.13333333333947,0.0,64,0
3061,183,26,1,-33.13333333333955,0.0,65,0
3061,184,16,-1,-34.13333333333963,0.0,66,0
3061,185,20,1,-35.133333333339706,0.0,67,0
3061,186,16,1,-36.133333333339785,0.0,68,0
3061,187,6,1,-37.13333333333986,0.0,69,0
3061,188,20,-1,-38.13333333333994,0.0,70,0
