time_step,passenger_sequence,target_x,target_y,current_x,current_y,current_cell,state
3084,136,28,1,21.333333333330234,0.0,11,0
3084,137,31,1,20.199999999996827,0.0,12,0
3084,138,24,1,17.566666666663405,0.0,14,0
3084,139,30,-1,18.333333333330025,0.0,14,0
3084,141,22,1,13.766666666663212,0.0,18,0
3084,143,23,1,10.299999999996434,0.0,22,0
3084,145,19,1,6.83333333332966,0.0,25,0
3084,146,32,1,5.899999999996268,0.0,26,0
3084,147,26,-1,4.966666666662885,0.0,27,0
3084,148,19,-1,4.033333333329489,0.0,28,0
3084,149,29,-1,3.0999999999960965,0.0,29,0
3084,150,6,-1,2.166666666662698,0.0,30,0
3084,151,8,-1,1.2333333333293057,0.0,31,0
3084,152,5,-1,0.2999999999959067,0.0,32,0
3084,153,23,-1,-0.7000000000041539,0.0,33,0
3084,154,17,1,-1.7000000000042128,0.0,34,0
3084,155,10,1,-2.7000000000042723,0.0,35,0
3084,156,11,-1,-3.700000000004341,0.0,36,0
3084,157,13,-1,-4.7000000000043975,0.0,37,0
3084,158,28,-1,-5.700000000004463,0.0,38,0
3084,159,1,-1,-6.700000000004517,0.0,39,0
3084,160,30,1,-7.700000000004586,0.0,40,0
3084,161,7,-1,-8.700000000004641,0.0,41,0
3084,162,3,-1,-9.700000000004698,0.0,42,0
3084,163,12,-1,-10.700000000004753,0.0,43,0
3084,164,15,1,-11.700000000004819,0.0,44,0
3084,165,9,1,-12.700000000004875,0.0,45,0
3084,166,25,-1,-13.700000000004941,0.0,46,0
3084,167,14,1,-14.700000000005,0.0,47,0
3084,168,29,1,-15.700000000005053,0.0,48,0
3084,169,32,-1,-16.70000000000513,0.0,49,0
3084,170,3,1,-17.700000000005204,0.0,50,0
3084,171,21,1,-18.70000000000528,0.0,51,0
3084,172,5,1,-19.700000000005353,0.0,52,0
3084,173,13,1,-20.700000000005428,0.0,53,0
3084,174,15,-1,-21.700000000005502,0.0,54,0
3084,175,31,-1,-22.700000000005577,0.0,55,0
3084,176,27,-1,-23.70000000000566,0.0,56,0
3084,177,4,-1,-24.700000000005733,0.0,57,0
3084,178,18,-1,-25.700000000005808,0.0,58,0
3084,179,22,-1,-26.700000000005883,0.0,59,0
3084,180,21,-1,-27.700000000005957,0.0,60,0
3084,181,4,1,-28.700000000006032,0.0,61,0
3084,182,24,-1,-29.700000000006106,0.0,62,0
3084,183,26,1,-30.70000000000618,0.0,63,0
3084,184,16,-1,-31.700000000006256,0.0,64,0
3084,185,20,1,-32.700000000006334,0.0,65,0
3084,186,16,1,-33.70000000000641,0.0,66,0
3084,187,6,1,-34.70000000000649,0.0,67,0
3084,188,20,-1,-35.70000000000657,0.0,68,0
