time_step,passenger_sequence,target_x,target_y,current_x,current_y,current_cell,state
3080,136,28,1,20.93333333333023,0.0,11,0
3080,137,31,1,19.79999999999682,0.0,12,0
3080,138,24,1,17.1666666666634,0.0,15,0
3080,139,30,-1,17.93333333333002,0.0,14,0
3080,141,22,1,13.366666666663214,0.0,19,0
3080,143,23,1,9.899999999996435,0.0,22,0
3080,145,19,1,6.433333333329662,0.0,26,0
3080,146,32,1,5.49999999999627,0.0,27,0
3080,147,26,-1,4.566666666662886,0.0,27,0
3080,148,19,-1,3.633333333329489,0.0,28,0
3080,149,29,-1,2.699999999996096,0.0,29,0
3080,150,6,-1,1.766666666662698,0.0,30,0
3080,151,8,-1,0.8333333333293056,0.0,31,0
3080,152,5,-1,-0.10000000000409331,0.0,32,0
3080,153,23,-1,-1.1000000000041539,0.0,33,0
3080,154,17,1,-2.100000000004213,0.0,34,0
3080,155,10,1,-3.1000000000042727,0.0,35,0
3080,156,11,-1,-4.100000000004341,0.0,36,0
3080,157,13,-1,-5.100000000004396,0.0,37,0
3080,158,28,-1,-6.100000000004462,0.0,38,0
3080,159,1,-1,-7.100000000004515,0.0,39,0
3080,160,30,1,-8.100000000004584,0.0,40,0
3080,161,7,-1,-9.10000000000464,0.0,41,0
3080,162,3,-1,-10.100000000004696,0.0,42,0
3080,163,12,-1,-11.100000000004751,0.0,43,0
3080,164,15,1,-12.100000000004817,0.0,44,0
3080,165,9,1,-13.100000000004874,0.0,45,0
3080,166,25,-1,-14.10000000000494,0.0,46,0
3080,167,14,1,-15.100000000004998,0.0,47,0
3080,168,29,1,-16.100000000005053,0.0,48,0
3080,169,32,-1,-17.100000000005135,0.0,49,0
3080,170,3,1,-18.10000000000521,0.0,50,0
3080,171,21,1,-19.100000000005284,0.0,51,0
3080,172,5,1,-20.10000000000536,0.0,52,0
3080,173,13,1,-21.100000000005434,0.0,53,0
3080,174,15,-1,-22.100000000005508,0.0,54,0
3080,175,31,-1,-23.100000000005583,0.0,55,0
3080,176,27,-1,-24.100000000005664,0.0,56,0
3080,177,4,-1,-25.10000000000574,0.0,57,0
3080,178,18,-1,-26.100000000005814,0.0,58,0
3080,179,22,-1,-27.10000000000589,0.0,59,0
3080,180,21,-1,-28.100000000005963,0.0,60,0
3080,181,4,1,-29.100000000006037,0.0,61,0
3080,182,24,-1,-30.100000000006112,0.0,62,0
3080,183,26,1,-31.100000000006187,0.0,63,0
3080,184,16,-1,-32.10000000000626,0.0,64,0
3080,185,20,1,-33.10000000000634,0.0,65,0
3080,186,16,1,-34.10000000000642,0.0,66,0
3080,187,6,1,-35.100000000006496,0.0,67,0
3080,188,20,-1,-36.100000000006574,0.0,68,0
