time_step,passenger_sequence,target_x,target_y,current_x,current_y,current_cell,state
3911,168,29,1,28.566666666661714,0.0,3,2
3911,169,32,-1,27.533333333328297,0.0,4,1
3911,175,31,-1,16.33333333332777,0.0,16,1
3911,176,27,-1,15.399999999994362,0.0,17,1
3911,178,18,-1,13.53333333332758,0.0,18,0
3911,179,22,-1,13.399999999994185,0.0,19,1
3911,180,21,-1,10.7666666666608,0.0,21,1
3911,182,24,-1,8.899999999994016,0.0,23,1
3911,183,26,1,8.366666666660624,0.0,24,0
3911,184,16,-1,6.533333333327235,0.0,25,1
3911,185,20,1,6.49999999999384,0.0,26,0
3911,186,16,1,6.366666666660446,0.0,26,1
3911,187,6,1,3.733333333327059,0.0,28,1
3911,188,20,-1,2.7999999999936627,0.0,29,1
