time_step,passenger_sequence,target_x,target_y,current_x,current_y,current_cell,state
4148,182,24,-1,23.599999999994097,0.0,8,2
4148,183,26,1,22.066666666660684,0.0,10,0
4148,188,20,-1,11.699999999993636,0.0,20,0
