time_step,passenger_sequence,target_x,target_y,current_x,current_y,current_cell,state
4114,182,24,-1,21.79999999999407,0.0,10,0
4114,183,26,1,20.36666666666066,0.0,12,0
4114,185,20,1,18.49999999999384,0.0,14,0
4114,186,16,1,15.566666666660414,0.0,16,2
4114,188,20,-1,11.199999999993638,0.0,21,1
