time_step,passenger_sequence,target_x,target_y,current_x,current_y,current_cell,state
4044,175,31,-1,27.133333333327922,0.0,5,0
4044,176,27,-1,26.199999999994503,0.0,6,0
4044,179,22,-1,21.599999999994253,0.0,10,2
4044,180,21,-1,19.866666666660837,0.0,12,0
4044,182,24,-1,18.699999999994027,0.0,13,1
4044,183,26,1,17.266666666660615,0.0,15,1
4044,184,16,-1,15.533333333327203,0.0,499,3
4044,185,20,1,15.399999999993808,0.0,17,1
4044,186,16,1,13.56666666666042,0.0,18,1
4044,188,20,-1,9.299999999993645,0.0,23,1
