time_step,passenger_sequence,target_x,target_y,current_x,current_y,current_cell,state
4022,175,31,-1,24.93333333332789,0.0,7,0
4022,176,27,-1,23.999999999994472,0.0,8,0
4022,179,22,-1,20.299999999994235,0.0,12,0
4022,180,21,-1,17.666666666660806,0.0,14,0
4022,182,24,-1,17.49999999999401,0.0,15,0
4022,183,26,1,16.0666666666606,0.0,16,0
4022,184,16,-1,15.133333333327204,0.0,17,0
4022,185,20,1,14.199999999993812,0.0,18,0
4022,186,16,1,13.266666666660422,0.0,19,0
4022,188,20,-1,8.999999999993646,0.0,23,0
