time_step,passenger_sequence,target_x,target_y,current_x,current_y,current_cell,state
4099,182,24,-1,20.29999999999405,0.0,12,0
4099,183,26,1,18.866666666660638,0.0,13,0
4099,185,20,1,16.99999999999382,0.0,15,0
4099,186,16,1,15.166666666660415,0.0,17,0
4099,188,20,-1,10.89999999999364,0.0,21,0
