time_step,passenger_sequence,target_x,target_y,current_x,current_y,current_cell,state
3826,160,25,-3,24.56666666666202,0.0,7,2
3826,161,29,1,21.833333333328586,0.0,10,0
3826,163,21,3,18.66666666666175,0.0,13,0
3826,166,22,1,14.266666666661541,0.0,18,0
3826,167,17,1,13.333333333328149,0.0,19,0
3826,168,22,2,12.399999999994757,0.0,20,0
3826,169,24,3,9.766666666661372,0.0,22,0
3826,172,22,-2,4.866666666661212,0.0,27,0
3826,174,19,-1,2.999999999994423,0.0,29,0
3826,175,25,-2,1.5666666666610352,0.0,30,0
3826,176,27,2,0.6333333333276394,0.0,31,0
3826,177,2,-2,-0.300000000005756,0.0,32,0
3826,178,28,2,-1.3000000000058167,0.0,33,0
3826,179,6,-3,-2.3000000000058725,0.0,34,0
3826,180,32,3,-3.3000000000059355,0.0,35,0
3826,181,15,3,-4.300000000005989,0.0,36,0
3826,182,29,2,-5.300000000006047,0.0,37,0
3826,183,2,3,-6.300000000006106,0.0,38,0
3826,184,18,3,-7.300000000006156,0.0,39,0
3826,185,15,-3,-8.300000000006214,0.0,40,0
3826,186,11,-3,-9.300000000006266,0.0,41,0
3826,187,3,-2,-10.300000000006323,0.0,42,0
3826,188,18,1,-11.300000000006374,0.0,43,0
