time_step,passenger_sequence,target_x,target_y,current_x,current_y,current_cell,state
3860,161,29,1,25.233333333328634,0.0,7,0
3860,163,21,3,20.566666666661778,0.0,11,2
3860,166,22,1,16.066666666661536,0.0,16,1
3860,167,17,1,15.133333333328142,0.0,17,1
3860,168,22,2,14.19999999999475,0.0,18,1
3860,169,24,3,11.566666666661366,0.0,20,1
3860,172,22,-2,6.6666666666612056,0.0,25,1
3860,174,19,-1,4.799999999994421,0.0,27,1
3860,175,25,-2,3.3666666666610365,0.0,29,1
3860,176,27,2,2.4333333333276403,0.0,30,1
3860,177,2,-2,1.5999999999942445,0.0,30,2
3860,178,28,2,0.5666666666608501,0.0,31,1
3860,179,6,-3,-0.4333333333392049,0.0,32,1
3860,180,32,3,-1.433333333339267,0.0,33,1
3860,181,15,3,-2.4333333333393217,0.0,34,1
3860,182,29,2,-3.4333333333393847,0.0,35,1
3860,183,2,3,-4.433333333339446,0.0,36,1
3860,184,18,3,-5.433333333339496,0.0,37,1
3860,185,15,-3,-6.433333333339554,0.0,38,1
3860,186,11,-3,-7.433333333339606,0.0,39,1
3860,187,3,-2,-8.433333333339663,0.0,40,1
3860,188,18,1,-9.433333333339714,0.0,41,1
