time_step,passenger_sequence,target_x,target_y,current_x,current_y,current_cell,state
3799,160,25,-3,23.466666666662004,0.0,9,0
3799,161,29,1,20.83333333332857,0.0,11,0
3799,163,21,3,17.666666666661737,0.0,14,0
3799,165,17,-2,16.599999999994928,0.0,15,2
3799,166,22,1,14.266666666661541,0.0,18,1
3799,167,17,1,13.333333333328149,0.0,19,1
3799,168,22,2,12.399999999994757,0.0,20,1
3799,169,24,3,9.766666666661372,0.0,22,1
3799,170,9,2,8.533333333327981,0.0,23,2
3799,172,22,-2,4.866666666661212,0.0,27,1
3799,173,4,-2,3.533333333327819,0.0,28,2
3799,174,19,-1,2.999999999994423,0.0,29,1
3799,175,25,-2,1.5666666666610352,0.0,30,1
3799,176,27,2,0.6333333333276394,0.0,31,1
3799,177,2,-2,-0.300000000005756,0.0,32,1
3799,178,28,2,-1.3000000000058167,0.0,33,1
3799,179,6,-3,-2.3000000000058725,0.0,34,1
3799,180,32,3,-3.3000000000059355,0.0,35,1
3799,181,15,3,-4.300000000005989,0.0,36,1
3799,182,29,2,-5.300000000006047,0.0,37,1
3799,183,2,3,-6.300000000006106,0.0,38,1
3799,184,18,3,-7.300000000006156,0.0,39,1
3799,185,15,-3,-8.300000000006214,0.0,40,1
3799,186,11,-3,-9.300000000006266,0.0,41,1
3799,187,3,-2,-10.300000000006323,0.0,42,1
3799,188,18,1,-11.300000000006374,0.0,43,1
