time_step,passenger_sequence,target_x,target_y,current_x,current_y,current_cell,state
3969,168,22,2,19.899999999994797,0.0,12,0
3969,169,24,3,17.26666666666137,0.0,15,0
3969,172,22,-2,12.366666666661185,0.0,20,0
3969,174,19,-1,10.499999999994401,0.0,22,0
3969,175,25,-2,9.06666666666102,0.0,23,0
3969,176,27,2,8.133333333327627,0.0,24,0
3969,178,28,2,6.266666666660845,0.0,26,0
3969,179,6,-3,5.3333333333274595,0.0,27,0
3969,180,32,3,4.399999999994067,0.0,28,0
3969,181,15,3,5.166666666660678,0.0,27,0
3969,182,29,2,2.533333333327285,0.0,29,0
3969,183,2,3,1.5999999999938892,0.0,30,2
3969,184,18,3,0.5666666666605019,0.0,31,1
3969,185,15,-3,-0.43333333333956014,0.0,32,1
3969,186,11,-3,-1.4333333333396152,0.0,33,1
3969,187,3,-2,-2.433333333339677,0.0,34,1
3969,188,18,1,-3.433333333339733,0.0,35,1
