time_step,passenger_sequence,target_x,target_y,current_x,current_y,current_cell,state
3912,166,22,1,19.466666666661585,0.0,13,0
3912,168,22,2,15.899999999994744,0.0,16,0
3912,169,24,3,13.26666666666136,0.0,19,0
3912,172,22,-2,8.3666666666612,0.0,24,0
3912,174,19,-1,6.499999999994415,0.0,26,0
3912,175,25,-2,5.066666666661034,0.0,27,0
3912,176,27,2,4.133333333327641,0.0,28,0
3912,178,28,2,2.266666666660851,0.0,30,0
3912,179,6,-3,1.333333333327462,0.0,31,0
3912,180,32,3,0.39999999999406644,0.0,32,0
3912,181,15,3,-0.6000000000059871,0.0,33,0
3912,182,29,2,-1.6000000000060495,0.0,34,0
3912,183,2,3,-2.6000000000061125,0.0,35,0
3912,184,18,3,-3.600000000006167,0.0,36,0
3912,185,15,-3,-4.6000000000062276,0.0,37,0
3912,186,11,-3,-5.600000000006279,0.0,38,0
3912,187,3,-2,-6.600000000006336,0.0,39,0
3912,188,18,1,-7.600000000006387,0.0,40,0
