time_step,passenger_sequence,target_x,target_y,current_x,current_y,current_cell,state
3616,149,32,-3,30.266666666662786,0.0,2,0
3616,156,29,-2,15.699999999995484,0.0,16,0
3616,159,18,-3,11.299999999995308,0.0,21,0
3616,160,25,-3,10.266666666661918,0.0,22,0
3616,161,29,1,7.633333333328531,0.0,24,0
3616,162,17,-1,6.699999999995139,0.0,25,0
3616,163,21,3,5.766666666661749,0.0,26,0
3616,164,13,-1,4.833333333328357,0.0,27,0
3616,165,17,-2,3.899999999994964,0.0,28,0
3616,166,22,1,2.966666666661576,0.0,29,0
3616,167,17,1,2.03333333332818,0.0,30,0
3616,168,22,2,1.099999999994784,0.0,31,0
3616,169,24,3,0.1666666666613901,0.0,32,0
3616,170,9,2,-0.8333333333386719,0.0,33,0
3616,171,3,2,-1.8333333333387345,0.0,34,0
3616,172,22,-2,-2.833333333338789,0.0,35,0
3616,173,4,-2,-3.833333333338852,0.0,36,0
3616,174,19,-1,-4.833333333338912,0.0,37,0
3616,175,25,-2,-5.833333333338961,0.0,38,0
3616,176,27,2,-6.83333333333902,0.0,39,0
3616,177,2,-2,-7.833333333339079,0.0,40,0
3616,178,28,2,-8.833333333339136,0.0,41,0
3616,179,6,-3,-9.833333333339187,0.0,42,0
3616,180,32,3,-10.833333333339246,0.0,43,0
3616,181,15,3,-11.833333333339295,0.0,44,0
3616,182,29,2,-12.833333333339354,0.0,45,0
3616,183,2,3,-13.833333333339413,0.0,46,0
3616,184,18,3,-14.833333333339462,0.0,47,0
3616,185,15,-3,-15.833333333339521,0.0,48,0
3616,186,11,-3,-16.833333333339585,0.0,49,0
3616,187,3,-2,-17.83333333333966,0.0,50,0
3616,188,18,1,-18.833333333339727,0.0,51,0
