time_step,passenger_sequence,target_x,target_y,current_x,current_y,current_cell,state
3921,166,22,1,20.366666666661597,0.0,12,0
3921,168,22,2,16.799999999994753,0.0,15,0
3921,169,24,3,14.166666666661357,0.0,18,0
3921,172,22,-2,9.266666666661196,0.0,23,0
3921,174,19,-1,7.399999999994412,0.0,25,0
3921,175,25,-2,5.96666666666103,0.0,26,0
3921,176,27,2,5.033333333327638,0.0,27,0
3921,178,28,2,3.1666666666608516,0.0,29,0
3921,179,6,-3,2.2333333333274625,0.0,30,0
3921,180,32,3,1.2999999999940666,0.0,31,0
3921,181,15,3,0.3666666666606796,0.0,32,0
3921,182,29,2,-0.6333333333393825,0.0,33,0
3921,183,2,3,-1.6333333333394449,0.0,34,0
3921,184,18,3,-2.6333333333394995,0.0,35,0
3921,185,15,-3,-3.6333333333395625,0.0,36,0
3921,186,11,-3,-4.633333333339616,0.0,37,0
3921,187,3,-2,-5.633333333339673,0.0,38,0
3921,188,18,1,-6.633333333339724,0.0,39,0
