time_step,passenger_sequence,target_x,target_y,current_x,current_y,current_cell,state
3966,168,22,2,19.599999999994793,0.0,12,0
3966,169,24,3,16.966666666661364,0.0,15,0
3966,172,22,-2,12.066666666661186,0.0,20,0
3966,174,19,-1,10.199999999994402,0.0,22,0
3966,175,25,-2,8.76666666666102,0.0,23,0
3966,176,27,2,7.833333333327628,0.0,24,0
3966,178,28,2,5.966666666660846,0.0,26,0
3966,179,6,-3,5.033333333327461,0.0,27,0
3966,180,32,3,4.099999999994068,0.0,28,0
3966,181,15,3,4.866666666660679,0.0,27,0
3966,182,29,2,2.233333333327285,0.0,30,0
3966,183,2,3,1.299999999993889,0.0,31,0
3966,184,18,3,0.36666666666050196,0.0,32,0
3966,185,15,-3,-0.6333333333395601,0.0,33,0
3966,186,11,-3,-1.6333333333396154,0.0,34,0
3966,187,3,-2,-2.633333333339677,0.0,35,0
3966,188,18,1,-3.633333333339733,0.0,36,0
