time_step,passenger_sequence,target_x,target_y,current_x,current_y,current_cell,state
3347,142,31,1,21.23333333332978,0.0,11,0
3347,144,26,1,16.79999999999626,0.0,15,0
3347,146,18,2,13.233333333329464,0.0,19,0
3347,147,16,1,12.299999999996064,0.0,20,0
3347,148,20,-3,11.366666666662674,0.0,21,0
3347,149,32,-3,10.433333333329282,0.0,22,0
3347,151,24,-3,6.866666666662498,0.0,25,0
3347,152,8,2,5.933333333329106,0.0,26,0
3347,154,19,-2,3.4666666666623156,0.0,29,0
3347,155,8,1,2.5333333333289194,0.0,29,0
3347,156,29,-2,1.5999999999955234,0.0,30,0
3347,157,11,2,0.666666666662129,0.0,31,0
3347,158,5,-3,-0.2666666666712735,0.0,32,0
3347,159,18,-3,-1.2666666666713355,0.0,33,0
3347,160,25,-3,-2.266666666671397,0.0,34,0
3347,161,29,1,-3.26666666667146,0.0,35,0
3347,162,17,-1,-4.266666666671522,0.0,36,0
3347,163,21,3,-5.266666666671579,0.0,37,0
3347,164,13,-1,-6.266666666671638,0.0,38,0
3347,165,17,-2,-7.266666666671696,0.0,39,0
3347,166,22,1,-8.266666666671746,0.0,40,0
3347,167,17,1,-9.266666666671805,0.0,41,0
3347,168,22,2,-10.266666666671863,0.0,42,0
3347,169,24,3,-11.26666666667192,0.0,43,0
3347,170,9,2,-12.266666666671979,0.0,44,0
3347,171,3,2,-13.266666666672037,0.0,45,0
3347,172,22,-2,-14.266666666672087,0.0,46,0
3347,173,4,-2,-15.266666666672146,0.0,47,0
3347,174,19,-1,-16.266666666672208,0.0,48,0
3347,175,25,-2,-17.266666666672275,0.0,49,0
3347,176,27,2,-18.26666666667235,0.0,50,0
3347,177,2,-2,-19.266666666672425,0.0,51,0
3347,178,28,2,-20.2666666666725,0.0,52,0
3347,179,6,-3,-21.266666666672567,0.0,53,0
3347,180,32,3,-22.26666666667264,0.0,54,0
3347,181,15,3,-23.26666666667271,0.0,55,0
3347,182,29,2,-24.266666666672783,0.0,56,0
3347,183,2,3,-25.266666666672858,0.0,57,0
3347,184,18,3,-26.266666666672926,0.0,58,0
3347,185,15,-3,-27.266666666673,0.0,59,0
3347,186,11,-3,-28.266666666673068,0.0,60,0
3347,187,3,-2,-29.266666666673142,0.0,61,0
3347,188,18,1,-30.26666666667321,0.0,62,0
