time_step,passenger_sequence,target_x,target_y,current_x,current_y,current_cell,state
4115,175,25,-2,17.466666666661016,0.0,15,0
4115,176,27,2,16.533333333327608,0.0,15,0
4115,178,28,2,14.666666666660815,0.0,17,0
4115,180,32,3,11.299999999994043,0.0,21,0
4115,181,15,3,12.066666666660653,0.0,20,0
4115,182,29,2,9.433333333327267,0.0,23,0
4115,184,18,3,7.3666666666604925,0.0,25,0
4115,185,15,-3,6.4333333333271,0.0,26,0
4115,186,11,-3,5.499999999993715,0.0,27,0
4115,188,18,1,1.9333333333269367,0.0,30,0
