time_step,passenger_sequence,target_x,target_y,current_x,current_y,current_cell,state
4111,172,22,-2,21.566666666661252,0.0,10,2
4111,175,25,-2,17.06666666666101,0.0,15,0
4111,176,27,2,16.133333333327602,0.0,16,0
4111,178,28,2,14.266666666660816,0.0,18,0
4111,180,32,3,10.899999999994044,0.0,21,0
4111,181,15,3,11.666666666660655,0.0,20,0
4111,182,29,2,9.033333333327269,0.0,23,0
4111,184,18,3,6.966666666660494,0.0,25,0
4111,185,15,-3,6.033333333327102,0.0,26,0
4111,186,11,-3,5.099999999993717,0.0,27,0
4111,188,18,1,1.5333333333269363,0.0,30,0
