time_step,passenger_sequence,target_x,target_y,current_x,current_y,current_cell,state
4346,180,32,3,29.699999999994212,0.0,2,0
4346,182,29,2,25.733333333327383,0.0,6,0
4346,188,18,1,16.733333333326907,0.0,15,0
