time_step,passenger_sequence,target_x,target_y,current_x,current_y,current_cell,state
4045,169,24,3,23.166666666661452,0.0,9,0
4045,172,22,-2,18.266666666661205,0.0,14,0
4045,174,19,-1,16.399999999994385,0.0,16,0
4045,175,25,-2,14.966666666660998,0.0,17,0
4045,176,27,2,14.033333333327606,0.0,18,0
4045,178,28,2,12.166666666660824,0.0,20,0
4045,180,32,3,8.799999999994052,0.0,23,0
4045,181,15,3,9.566666666660662,0.0,22,0
4045,182,29,2,6.933333333327276,0.0,25,0
4045,184,18,3,4.866666666660501,0.0,27,0
4045,185,15,-3,3.9333333333271088,0.0,28,0
4045,186,11,-3,2.9999999999937197,0.0,29,0
4045,187,3,-2,2.066666666660325,0.0,30,0
4045,188,18,1,1.133333333326936,0.0,31,0
