time_step,passenger_sequence,target_x,target_y,current_x,current_y,current_cell,state
4225,176,27,2,25.83333333332774,0.0,6,0
4225,178,28,2,23.966666666660924,0.0,8,0
4225,180,32,3,20.59999999999409,0.0,11,0
4225,182,29,2,17.03333333332726,0.0,15,0
4225,184,18,3,14.966666666660466,0.0,17,0
4225,185,15,-3,14.033333333327073,0.0,18,0
4225,188,18,1,9.23333333332692,0.0,23,0
