time_step,passenger_sequence,target_x,target_y,current_x,current_y,current_cell,state
4134,175,25,-2,19.366666666661043,0.0,13,0
4134,176,27,2,18.433333333327635,0.0,14,0
4134,178,28,2,16.56666666666082,0.0,15,0
4134,180,32,3,13.199999999994036,0.0,19,0
4134,181,15,3,13.966666666660647,0.0,18,0
4134,182,29,2,11.33333333332726,0.0,21,0
4134,184,18,3,9.266666666660486,0.0,23,0
4134,185,15,-3,8.333333333327094,0.0,24,0
4134,186,11,-3,7.3999999999937085,0.0,25,0
4134,188,18,1,3.833333333326938,0.0,28,0
