time_step,passenger_sequence,target_x,target_y,current_x,current_y,current_cell,state
4168,175,25,-2,22.76666666666109,0.0,9,0
4168,176,27,2,21.833333333327683,0.0,10,0
4168,178,28,2,19.966666666660867,0.0,12,0
4168,180,32,3,16.599999999994033,0.0,15,0
4168,182,29,2,13.033333333327255,0.0,19,0
4168,184,18,3,10.96666666666048,0.0,21,0
4168,185,15,-3,10.033333333327088,0.0,22,0
4168,186,11,-3,9.099999999993702,0.0,23,0
4168,188,18,1,5.533333333326933,0.0,26,0
