time_step,passenger_sequence,target_x,target_y,current_x,current_y,current_cell,state
4034,169,24,3,22.066666666661437,0.0,10,0
4034,172,22,-2,17.16666666666119,0.0,15,0
4034,174,19,-1,15.299999999994384,0.0,17,0
4034,175,25,-2,13.866666666661002,0.0,18,0
4034,176,27,2,12.93333333332761,0.0,19,0
4034,178,28,2,11.066666666660828,0.0,21,0
4034,180,32,3,7.699999999994056,0.0,24,0
4034,181,15,3,8.466666666660666,0.0,24,0
4034,182,29,2,5.83333333332728,0.0,26,0
4034,184,18,3,3.766666666660504,0.0,28,0
4034,185,15,-3,2.833333333327108,0.0,29,0
4034,186,11,-3,1.899999999993719,0.0,30,0
4034,187,3,-2,0.9666666666603242,0.0,31,0
4034,188,18,1,0.03333333332693597,0.0,32,0
