time_step,passenger_sequence,target_x,target_y,current_x,current_y,current_cell,state
4031,169,24,3,21.766666666661433,0.0,10,0
4031,172,22,-2,16.866666666661185,0.0,15,0
4031,174,19,-1,14.999999999994385,0.0,17,0
4031,175,25,-2,13.566666666661003,0.0,18,0
4031,176,27,2,12.633333333327611,0.0,19,0
4031,178,28,2,10.766666666660829,0.0,21,0
4031,180,32,3,7.399999999994057,0.0,25,0
4031,181,15,3,8.166666666660667,0.0,24,0
4031,182,29,2,5.533333333327281,0.0,26,0
4031,184,18,3,3.4666666666605037,0.0,29,0
4031,185,15,-3,2.5333333333271075,0.0,29,0
4031,186,11,-3,1.5999999999937187,0.0,30,0
4031,187,3,-2,0.6666666666603243,0.0,31,0
4031,188,18,1,-0.26666666667306405,0.0,32,0
