time_step,passenger_sequence,target_x,target_y,current_x,current_y,current_cell,state
4140,175,25,-2,19.96666666666105,0.0,12,0
4140,176,27,2,19.033333333327644,0.0,13,0
4140,178,28,2,17.166666666660827,0.0,15,0
4140,180,32,3,13.799999999994034,0.0,18,0
4140,181,15,3,14.566666666660645,0.0,17,2
4140,182,29,2,11.833333333327259,0.0,20,1
4140,184,18,3,9.766666666660484,0.0,22,1
4140,185,15,-3,8.833333333327092,0.0,23,1
4140,186,11,-3,7.899999999993707,0.0,24,1
4140,188,18,1,4.333333333326937,0.0,28,1
