time_step,passenger_sequence,target_x,target_y,current_x,current_y,current_cell,state
4135,175,25,-2,19.466666666661045,0.0,13,0
4135,176,27,2,18.533333333327636,0.0,13,0
4135,178,28,2,16.66666666666082,0.0,15,0
4135,180,32,3,13.299999999994036,0.0,19,0
4135,181,15,3,14.066666666660646,0.0,18,0
4135,182,29,2,11.43333333332726,0.0,21,0
4135,184,18,3,9.366666666660485,0.0,23,0
4135,185,15,-3,8.433333333327093,0.0,24,0
4135,186,11,-3,7.499999999993708,0.0,25,0
4135,188,18,1,3.9333333333269382,0.0,28,0
