time_step,passenger_sequence,target_x,target_y,current_x,current_y,current_cell,state
4246,176,27,2,26.53333333332775,0.0,5,2
4246,178,28,2,24.566666666660932,0.0,7,1
4246,180,32,3,21.1999999999941,0.0,11,1
4246,182,29,2,17.63333333332727,0.0,14,1
4246,184,18,3,15.566666666660463,0.0,16,1
4246,185,15,-3,14.533333333327072,0.0,17,2
4246,188,18,1,9.633333333326918,0.0,22,1
