time_step,passenger_sequence,target_x,target_y,current_x,current_y,current_cell,state
4014,169,24,3,20.06666666666141,0.0,12,0
4014,172,22,-2,15.166666666661175,0.0,17,0
4014,174,19,-1,13.299999999994391,0.0,19,0
4014,175,25,-2,11.86666666666101,0.0,20,0
4014,176,27,2,10.933333333327617,0.0,21,0
4014,178,28,2,9.066666666660835,0.0,23,0
4014,180,32,3,5.699999999994063,0.0,26,0
4014,181,15,3,6.466666666660673,0.0,26,0
4014,182,29,2,3.8333333333272863,0.0,28,0
4014,184,18,3,1.7666666666605024,0.0,30,0
4014,185,15,-3,0.8333333333271065,0.0,31,0
4014,186,11,-3,-0.10000000000628179,0.0,32,0
4014,187,3,-2,-1.1000000000063423,0.0,33,0
4014,188,18,1,-2.100000000006398,0.0,34,0
