time_step,passenger_sequence,target_x,target_y,current_x,current_y,current_cell,state
4250,176,27,2,26.53333333332775,0.0,499,3
4250,178,28,2,24.766666666660935,0.0,7,0
4250,180,32,3,21.3999999999941,0.0,11,0
4250,182,29,2,17.83333333332727,0.0,14,0
4250,184,18,3,15.766666666660463,0.0,16,0
4250,188,18,1,9.833333333326918,0.0,22,0
