time_step,passenger_sequence,target_x,target_y,current_x,current_y,current_cell,state
4372,180,32,3,31.766666666660885,0.0,499,3
4372,182,29,2,26.633333333327396,0.0,5,0
4372,188,18,1,17.53333333332692,0.0,14,2
