time_step,passenger_sequence,target_x,target_y,current_x,current_y,current_cell,state
4312,180,32,3,25.899999999994165,0.0,6,0
4312,182,29,2,22.333333333327335,0.0,10,0
4312,188,18,1,13.333333333326905,0.0,19,0
