time_step,passenger_sequence,target_x,target_y,current_x,current_y,current_cell,state
1553,90,19,6,11.799999999999974,7,{L},0
1553,92,18,6,4.899999999999999,7,{L},0
1553,93,2,1,1.5333333333333332,3,{L},2
1553,94,17,6,2.500000000000001,7,{L},0
1553,95,2,2,0.7333333333333333,3,{L},1
1553,96,16,6,0.1,7,{L},0
1553,97,19,4,0.1,3,{L},0
1553,98,13,6,0,0.3999999999998065,{L},0
1553,99,18,4,0,-2.133333333333505,{L},0
1553,100,12,6,0,-4.533333333333465,{L},0
1553,101,17,4,0,-6.933333333333428,{L},0
1553,102,11,6,0,-9.33333333333341,{L},0
1553,103,16,4,0,-11.53333333333336,{L},0
1553,104,10,6,0,-13.599999999999973,{L},0
1553,105,13,4,0,-15.599999999999952,{L},0
1553,106,9,6,0,-17.199999999999918,{L},0
1553,107,12,4,0,-18.733333333333192,{L},0
1553,108,8,6,0,-20.46666666666649,{L},0
1553,109,11,4,0,-22.066666666666457,{L},0
1553,110,7,6,0,-23.599999999999753,{L},0
1553,111,10,4,0,-25.33333333333305,{L},0
1553,112,6,6,0,-26.933333333333003,{L},0
1553,113,9,4,0,-28.466666666666292,{L},0
1553,114,5,6,0,-30.199999999999605,{L},0
1553,115,8,4,0,-31.799999999999557,{L},0
1553,116,4,6,0,-33.33333333333284,{L},0
1553,117,7,4,0,-35.06666666666615,{L},0
1553,118,3,6,0,-36.66666666666612,{L},0
1553,119,6,4,0,-38.19999999999939,{L},0
1553,120,2,6,0,-39.93333333333269,{L},0
1553,121,5,4,0,-41.533333333332656,{L},0
1553,122,1,6,0,-43.06666666666595,{L},0
1553,123,4,4,0,-44.79999999999925,{L},0
1553,124,3,4,0,-46.3999999999992,{L},0
1553,125,2,4,0,-47.93333333333249,{L},0
1553,126,1,4,0,-49.666666666665805,{L},0
