time_step,passenger_sequence,target_x,target_y,current_x,current_y,current_cell,state
1990,117,7,4,6.5999999999999925,3,{L},2
1990,119,6,4,5.599999999999996,3,{L},2
1990,121,5,4,3.600000000000002,3,{L},1
1990,123,4,4,2.700000000000001,3,{L},1
1990,124,3,4,1.8000000000000005,3,{L},1
1990,125,2,4,0.6,3,{L},1
1990,126,1,4,0.4,3,{L},0
