time_step,passenger_sequence,target_x,target_y,current_x,current_y,current_cell,state
1956,115,8,4,7.499999999999989,3,{L},0
1956,116,4,6,3.5000000000000018,7,{L},2
1956,117,7,4,5.599999999999996,3,{L},0
1956,119,6,4,4.799999999999999,3,{L},0
1956,121,5,4,2.700000000000001,3,{L},0
1956,122,1,6,0.5,7,{L},2
1956,123,4,4,2.0000000000000004,3,{L},0
1956,124,3,4,0,1.200000000000666,{L},1
1956,125,2,4,0,-1.5333333333326278,{L},1
1956,126,1,4,0,-3.933333333332615,{L},1
