time_step,passenger_sequence,target_x,target_y,current_x,current_y,current_cell,state
178,12,1,9,0,7,{L},0
178,13,1,8,0,2.733333333333329,{L},0
178,14,1,6,0,0.46666666666665796,{L},0
178,15,1,1,0,-2.0666666666666793,{L},0
178,16,1,2,0,-4.066666666666685,{L},0
178,17,1,4,0,-6.000000000000026,{L},0
