time_step,passenger_sequence,target_x,target_y,current_x,current_y,current_cell,state
2992,131,30,-1,19.399999999997082,0.0,13,0
2992,132,17,1,16.566666666663654,0.0,15,2
2992,134,32,-1,14.199999999996853,0.0,18,0
2992,135,27,-1,11.566666666663469,0.0,20,0
2992,136,11,-1,10.53333333333008,0.0,499,3
2992,137,23,1,9.499999999996682,0.0,23,0
2992,138,12,1,10.266666666663285,0.0,22,0
2992,139,14,-1,7.633333333329896,0.0,24,0
2992,141,20,1,5.0666666666631155,0.0,27,0
2992,142,32,1,4.133333333329716,0.0,28,0
2992,143,5,-1,3.1999999999963205,0.0,29,0
2992,144,31,-1,2.2666666666629256,0.0,30,0
2992,145,4,-1,1.3333333333295225,0.0,31,0
2992,146,15,-1,0.399999999996127,0.0,32,0
2992,147,16,-1,-0.6000000000039407,0.0,33,0
2992,148,19,1,-1.600000000003996,0.0,34,0
2992,149,7,-1,-2.600000000004066,0.0,35,0
2992,150,13,1,-3.600000000004128,0.0,36,0
2992,151,26,-1,-4.600000000004188,0.0,37,0
2992,152,2,-1,-5.600000000004247,0.0,38,0
2992,153,26,1,-6.600000000004304,0.0,39,0
2992,154,23,-1,-7.600000000004362,0.0,40,0
2992,155,31,1,-8.600000000004421,0.0,41,0
2992,156,12,-1,-9.600000000004478,0.0,42,0
2992,157,24,1,-10.600000000004536,0.0,43,0
2992,158,1,-1,-11.600000000004595,0.0,44,0
2992,159,16,1,-12.600000000004652,0.0,45,0
2992,160,25,1,-13.60000000000471,0.0,46,0
2992,161,5,1,-14.60000000000477,0.0,47,0
2992,162,19,-1,-15.600000000004826,0.0,48,0
2992,163,8,1,-16.600000000004894,0.0,49,0
2992,164,18,1,-17.600000000004968,0.0,50,0
2992,165,28,-1,-18.600000000005036,0.0,51,0
2992,166,9,-1,-19.60000000000511,0.0,52,0
2992,167,29,1,-20.600000000005185,0.0,53,0
2992,168,21,-1,-21.600000000005252,0.0,54,0
2992,169,29,-1,-22.600000000005327,0.0,55,0
2992,170,9,1,-23.6000000000054,0.0,56,0
2992,171,28,1,-24.600000000005476,0.0,57,0
2992,172,22,1,-25.600000000005544,0.0,58,0
2992,173,21,1,-26.60000000000562,0.0,59,0
2992,174,22,-1,-27.600000000005693,0.0,60,0
2992,175,18,-1,-28.60000000000576,0.0,61,0
2992,176,6,-1,-29.600000000005835,0.0,62,0
2992,177,30,1,-30.60000000000591,0.0,63,0
2992,178,17,-1,-31.600000000005977,0.0,64,0
2992,179,3,1,-32.600000000006055,0.0,65,0
2992,180,27,1,-33.60000000000613,0.0,66,0
2992,181,3,-1,-34.600000000006204,0.0,67,0
2992,182,14,1,-35.60000000000628,0.0,68,0
2992,183,10,-1,-36.600000000006354,0.0,69,0
2992,184,20,-1,-37.60000000000643,0.0,70,0
2992,185,25,-1,-38.6000000000065,0.0,71,0
2992,186,6,1,-39.60000000000658,0.0,72,0
2992,187,11,1,-40.60000000000665,0.0,73,0
2992,188,10,1,-41.60000000000672,0.0,74,0
