time_step,passenger_sequence,target_x,target_y,current_x,current_y,current_cell,state
3488,151,26,-1,20.833333333329175,0.0,11,0
3488,153,26,1,18.96666666666236,0.0,13,0
3488,154,23,-1,16.333333333328927,0.0,16,0
3488,155,31,1,15.399999999995527,0.0,17,0
3488,157,24,1,11.833333333328751,0.0,20,0
3488,159,16,1,8.266666666661974,0.0,24,0
3488,160,25,1,7.333333333328582,0.0,25,0
3488,162,19,-1,4.866666666661802,0.0,27,0
3488,163,8,1,3.933333333328409,0.0,28,0
3488,164,18,1,2.999999999995013,0.0,29,0
3488,165,28,-1,2.066666666661625,0.0,30,0
3488,166,9,-1,1.1333333333282292,0.0,31,0
3488,167,29,1,0.19999999999483378,0.0,32,0
3488,168,21,-1,-0.8000000000052196,0.0,33,0
3488,169,29,-1,-1.8000000000052823,0.0,34,0
3488,170,9,1,-2.8000000000053453,0.0,35,0
3488,171,28,1,-3.800000000005407,0.0,36,0
3488,172,22,1,-4.8000000000054595,0.0,37,0
3488,173,21,1,-5.800000000005518,0.0,38,0
3488,174,22,-1,-6.800000000005575,0.0,39,0
3488,175,18,-1,-7.800000000005626,0.0,40,0
3488,176,6,-1,-8.800000000005685,0.0,41,0
3488,177,30,1,-9.800000000005742,0.0,42,0
3488,178,17,-1,-10.800000000005793,0.0,43,0
3488,179,3,1,-11.800000000005852,0.0,44,0
3488,180,27,1,-12.800000000005909,0.0,45,0
3488,181,3,-1,-13.80000000000596,0.0,46,0
3488,182,14,1,-14.800000000006019,0.0,47,0
3488,183,10,-1,-15.800000000006069,0.0,48,0
3488,184,20,-1,-16.80000000000614,0.0,49,0
3488,185,25,-1,-17.800000000006207,0.0,50,0
3488,186,6,1,-18.800000000006282,0.0,51,0
3488,187,11,1,-19.80000000000635,0.0,52,0
3488,188,10,1,-20.800000000006417,0.0,53,0
