time_step,passenger_sequence,target_x,target_y,current_x,current_y,current_cell,state
3913,167,29,1,26.699999999994944,0.0,5,0
3913,169,29,-1,23.333333333328117,0.0,9,0
3913,171,28,1,21.566666666661302,0.0,10,0
3913,172,22,1,20.233333333327895,0.0,12,0
3913,173,21,1,18.499999999994472,0.0,14,0
3913,174,22,-1,17.566666666661067,0.0,14,0
3913,175,18,-1,16.033333333327658,0.0,16,0
3913,177,30,1,13.066666666660877,0.0,19,0
3913,178,17,-1,12.93333333332749,0.0,19,0
3913,180,27,1,11.066666666660707,0.0,21,0
3913,182,14,1,5.799999999993942,0.0,26,0
3913,183,10,-1,4.166666666660561,0.0,28,0
3913,184,20,-1,3.233333333327165,0.0,29,0
3913,185,25,-1,2.299999999993776,0.0,30,0
3913,186,6,1,1.3666666666603813,0.0,31,0
3913,187,11,1,0.43333333332699286,0.0,32,0
3913,188,10,1,-0.5666666666730621,0.0,33,0
