time_step,passenger_sequence,target_x,target_y,current_x,current_y,current_cell,state
3691,160,25,1,18.73333333332859,0.0,13,0
3691,162,19,-1,16.266666666661767,0.0,16,0
3691,164,18,1,14.399999999994977,0.0,18,0
3691,165,28,-1,12.366666666661597,0.0,20,0
3691,167,29,1,10.499999999994813,0.0,22,0
3691,168,21,-1,9.56666666666143,0.0,22,0
3691,169,29,-1,8.833333333328037,0.0,23,0
3691,170,9,1,6.599999999994649,0.0,25,0
3691,171,28,1,5.666666666661259,0.0,26,0
3691,172,22,1,4.333333333327875,0.0,28,0
3691,173,21,1,3.3999999999944803,0.0,29,0
3691,174,22,-1,2.4666666666610855,0.0,30,0
3691,175,18,-1,1.5333333333276966,0.0,30,0
3691,176,6,-1,0.5999999999943009,0.0,31,0
3691,177,30,1,-0.40000000000575975,0.0,32,0
3691,178,17,-1,-1.4000000000058148,0.0,33,0
3691,179,3,1,-2.400000000005878,0.0,34,0
3691,180,27,1,-3.4000000000059396,0.0,35,0
3691,181,3,-1,-4.400000000005994,0.0,36,0
3691,182,14,1,-5.400000000006052,0.0,37,0
3691,183,10,-1,-6.400000000006102,0.0,38,0
3691,184,20,-1,-7.400000000006161,0.0,39,0
3691,185,25,-1,-8.400000000006212,0.0,40,0
3691,186,6,1,-9.40000000000627,0.0,41,0
3691,187,11,1,-10.40000000000632,0.0,42,0
3691,188,10,1,-11.400000000006372,0.0,43,0
