time_step,passenger_sequence,target_x,target_y,current_x,current_y,current_cell,state
3975,169,29,-1,27.83333333332818,0.0,4,0
3975,171,28,1,26.066666666661366,0.0,6,0
3975,173,21,1,20.599999999994502,0.0,499,3
3975,174,22,-1,19.7666666666611,0.0,12,0
3975,177,30,1,15.26666666666087,0.0,17,0
3975,178,17,-1,14.533333333327484,0.0,17,0
3975,180,27,1,12.666666666660701,0.0,19,0
3975,182,14,1,7.399999999993936,0.0,25,0
3975,183,10,-1,5.766666666660555,0.0,26,0
3975,184,20,-1,5.433333333327161,0.0,27,0
3975,185,25,-1,4.499999999993776,0.0,28,0
3975,186,6,1,2.9666666666603825,0.0,29,0
3975,187,11,1,2.0333333333269934,0.0,30,0
3975,188,10,1,1.0999999999936045,0.0,31,0
