time_step,passenger_sequence,target_x,target_y,current_x,current_y,current_cell,state
3948,167,29,1,28.59999999999497,0.0,3,2
3948,169,29,-1,25.133333333328142,0.0,7,0
3948,171,28,1,23.366666666661327,0.0,9,0
3948,173,21,1,19.69999999999449,0.0,12,0
3948,174,22,-1,18.766666666661084,0.0,13,0
3948,175,18,-1,17.233333333327675,0.0,15,0
3948,177,30,1,14.86666666666087,0.0,17,0
3948,178,17,-1,14.133333333327485,0.0,18,0
3948,180,27,1,12.266666666660702,0.0,20,0
3948,182,14,1,6.999999999993937,0.0,25,0
3948,183,10,-1,5.3666666666605565,0.0,27,0
3948,184,20,-1,5.033333333327162,0.0,27,0
3948,185,25,-1,4.099999999993777,0.0,28,0
3948,186,6,1,2.566666666660382,0.0,29,0
3948,187,11,1,1.6333333333269933,0.0,30,0
3948,188,10,1,0.6999999999936045,0.0,31,0
