time_step,passenger_sequence,target_x,target_y,current_x,current_y,current_cell,state
3811,165,28,-1,20.066666666661643,0.0,12,0
3811,167,29,1,18.199999999994823,0.0,14,0
3811,168,21,-1,17.266666666661425,0.0,15,0
3811,169,29,-1,16.53333333332802,0.0,15,0
3811,171,28,1,13.066666666661233,0.0,19,0
3811,172,22,1,11.733333333327849,0.0,20,0
3811,173,21,1,11.699999999994454,0.0,20,0
3811,174,22,-1,10.766666666661063,0.0,21,0
3811,175,18,-1,9.23333333332768,0.0,23,0
3811,177,30,1,6.266666666660901,0.0,26,0
3811,178,17,-1,4.4333333333275196,0.0,28,0
3811,179,3,1,2.5999999999941243,0.0,29,2
3811,180,27,1,4.266666666660731,0.0,28,0
3811,181,3,-1,0.633333333327341,0.0,31,1
3811,182,14,1,-0.3000000000060544,0.0,32,1
3811,183,10,-1,-1.300000000006108,0.0,33,1
3811,184,20,-1,-2.300000000006171,0.0,34,1
3811,185,25,-1,-3.300000000006227,0.0,35,1
3811,186,6,1,-4.300000000006287,0.0,36,1
3811,187,11,1,-5.300000000006339,0.0,37,1
3811,188,10,1,-6.30000000000639,0.0,38,1
