time_step,passenger_sequence,target_x,target_y,current_x,current_y,current_cell,state
3790,165,28,-1,17.966666666661613,0.0,14,0
3790,167,29,1,16.099999999994793,0.0,16,0
3790,168,21,-1,15.16666666666141,0.0,17,0
3790,169,29,-1,14.433333333328017,0.0,18,0
3790,171,28,1,10.96666666666124,0.0,21,0
3790,172,22,1,9.633333333327856,0.0,22,0
3790,173,21,1,9.599999999994461,0.0,22,0
3790,174,22,-1,8.66666666666107,0.0,23,0
3790,175,18,-1,7.133333333327688,0.0,25,0
3790,176,6,-1,5.5999999999942975,0.0,26,2
3790,177,30,1,5.166666666660905,0.0,27,1
3790,178,17,-1,3.3333333333275204,0.0,29,1
3790,179,3,1,2.399999999994124,0.0,30,1
3790,180,27,1,2.16666666666073,0.0,30,0
3790,181,3,-1,0.533333333327341,0.0,31,1
3790,182,14,1,-0.46666666667272105,0.0,32,1
3790,183,10,-1,-1.4666666666727748,0.0,33,1
3790,184,20,-1,-2.466666666672838,0.0,34,1
3790,185,25,-1,-3.466666666672894,0.0,35,1
3790,186,6,1,-4.466666666672953,0.0,36,1
3790,187,11,1,-5.466666666673005,0.0,37,1
3790,188,10,1,-6.466666666673056,0.0,38,1
