time_step,passenger_sequence,target_x,target_y,current_x,current_y,current_cell,state
3448,151,26,-1,16.83333333332912,0.0,15,0
3448,153,26,1,14.96666666666232,0.0,17,0
3448,154,23,-1,12.333333333328934,0.0,20,0
3448,155,31,1,11.399999999995542,0.0,21,0
3448,156,12,-1,10.466666666662151,0.0,22,0
3448,157,24,1,9.533333333328759,0.0,22,0
3448,159,16,1,5.9666666666619825,0.0,26,0
3448,160,25,1,5.03333333332859,0.0,27,0
3448,161,5,1,4.099999999995198,0.0,28,0
3448,162,19,-1,3.1666666666618037,0.0,29,0
3448,163,8,1,2.2333333333284076,0.0,30,0
3448,164,18,1,1.2999999999950116,0.0,31,0
3448,165,28,-1,0.3666666666616246,0.0,32,0
3448,166,9,-1,-0.6333333333384374,0.0,33,0
3448,167,29,1,-1.6333333333384998,0.0,34,0
3448,168,21,-1,-2.6333333333385545,0.0,35,0
3448,169,29,-1,-3.6333333333386175,0.0,36,0
3448,170,9,1,-4.633333333338678,0.0,37,0
3448,171,28,1,-5.633333333338735,0.0,38,0
3448,172,22,1,-6.633333333338786,0.0,39,0
3448,173,21,1,-7.633333333338845,0.0,40,0
3448,174,22,-1,-8.633333333338902,0.0,41,0
3448,175,18,-1,-9.633333333338953,0.0,42,0
3448,176,6,-1,-10.633333333339012,0.0,43,0
3448,177,30,1,-11.633333333339069,0.0,44,0
3448,178,17,-1,-12.63333333333912,0.0,45,0
3448,179,3,1,-13.633333333339179,0.0,46,0
3448,180,27,1,-14.633333333339236,0.0,47,0
3448,181,3,-1,-15.633333333339287,0.0,48,0
3448,182,14,1,-16.633333333339355,0.0,49,0
3448,183,10,-1,-17.633333333339422,0.0,50,0
3448,184,20,-1,-18.633333333339497,0.0,51,0
3448,185,25,-1,-19.633333333339564,0.0,52,0
3448,186,6,1,-20.63333333333964,0.0,53,0
3448,187,11,1,-21.633333333339706,0.0,54,0
3448,188,10,1,-22.633333333339774,0.0,55,0
