time_step,passenger_sequence,target_x,target_y,current_x,current_y,current_cell,state
3425,151,26,-1,14.53333333332911,0.0,17,0
3425,153,26,1,12.666666666662328,0.0,19,0
3425,154,23,-1,10.033333333328942,0.0,22,0
3425,155,31,1,9.09999999999555,0.0,23,0
3425,156,12,-1,8.16666666666216,0.0,24,0
3425,157,24,1,7.233333333328767,0.0,25,0
3425,159,16,1,3.666666666661989,0.0,28,0
3425,160,25,1,2.7333333333285927,0.0,29,0
3425,161,5,1,1.7999999999951968,0.0,30,0
3425,162,19,-1,0.8666666666618021,0.0,31,0
3425,163,8,1,-0.06666666667159321,0.0,32,0
3425,164,18,1,-1.066666666671655,0.0,33,0
3425,165,28,-1,-2.0666666666717095,0.0,34,0
3425,166,9,-1,-3.0666666666717726,0.0,35,0
3425,167,29,1,-4.066666666671836,0.0,36,0
3425,168,21,-1,-5.066666666671885,0.0,37,0
3425,169,29,-1,-6.066666666671944,0.0,38,0
3425,170,9,1,-7.066666666672003,0.0,39,0
3425,171,28,1,-8.06666666667206,0.0,40,0
3425,172,22,1,-9.066666666672111,0.0,41,0
3425,173,21,1,-10.06666666667217,0.0,42,0
3425,174,22,-1,-11.066666666672226,0.0,43,0
3425,175,18,-1,-12.066666666672278,0.0,44,0
3425,176,6,-1,-13.066666666672337,0.0,45,0
3425,177,30,1,-14.066666666672393,0.0,46,0
3425,178,17,-1,-15.066666666672445,0.0,47,0
3425,179,3,1,-16.066666666672504,0.0,48,0
3425,180,27,1,-17.066666666672578,0.0,49,0
3425,181,3,-1,-18.066666666672646,0.0,50,0
3425,182,14,1,-19.06666666667272,0.0,51,0
3425,183,10,-1,-20.066666666672788,0.0,52,0
3425,184,20,-1,-21.066666666672862,0.0,53,0
3425,185,25,-1,-22.06666666667293,0.0,54,0
3425,186,6,1,-23.066666666673004,0.0,55,0
3425,187,11,1,-24.066666666673072,0.0,56,0
3425,188,10,1,-25.06666666667314,0.0,57,0
