time_step,passenger_sequence,target_x,target_y,current_x,current_y,current_cell,state
3134,134,32,-1,26.699999999996997,0.0,5,0
3134,135,27,-1,24.06666666666357,0.0,8,0
3134,137,23,1,21.999999999996742,0.0,10,0
3134,141,20,1,14.166666666663083,0.0,18,0
3134,142,32,1,14.933333333329678,0.0,17,0
3134,144,31,-1,13.066666666662895,0.0,19,0
3134,146,15,-1,7.799999999996116,0.0,24,0
3134,147,16,-1,5.166666666662724,0.0,27,0
3134,148,19,1,4.233333333329339,0.0,28,0
3134,149,7,-1,3.299999999995937,0.0,29,0
3134,150,13,1,2.366666666662542,0.0,30,0
3134,151,26,-1,1.433333333329146,0.0,31,0
3134,152,2,-1,0.4999999999957504,0.0,32,0
3134,153,26,1,-0.5000000000043102,0.0,33,0
3134,154,23,-1,-1.5000000000043725,0.0,34,0
3134,155,31,1,-2.5000000000044356,0.0,35,0
3134,156,12,-1,-3.5000000000044973,0.0,36,0
3134,157,24,1,-4.500000000004558,0.0,37,0
3134,158,1,-1,-5.500000000004617,0.0,38,0
3134,159,16,1,-6.500000000004674,0.0,39,0
3134,160,25,1,-7.500000000004732,0.0,40,0
3134,161,5,1,-8.50000000000479,0.0,41,0
3134,162,19,-1,-9.500000000004848,0.0,42,0
3134,163,8,1,-10.500000000004906,0.0,43,0
3134,164,18,1,-11.500000000004965,0.0,44,0
3134,165,28,-1,-12.500000000005015,0.0,45,0
3134,166,9,-1,-13.500000000005073,0.0,46,0
3134,167,29,1,-14.500000000005132,0.0,47,0
3134,168,21,-1,-15.500000000005182,0.0,48,0
3134,169,29,-1,-16.500000000005247,0.0,49,0
3134,170,9,1,-17.500000000005322,0.0,50,0
3134,171,28,1,-18.500000000005397,0.0,51,0
3134,172,22,1,-19.500000000005464,0.0,52,0
3134,173,21,1,-20.50000000000554,0.0,53,0
3134,174,22,-1,-21.500000000005613,0.0,54,0
3134,175,18,-1,-22.50000000000568,0.0,55,0
3134,176,6,-1,-23.500000000005755,0.0,56,0
3134,177,30,1,-24.50000000000583,0.0,57,0
3134,178,17,-1,-25.500000000005898,0.0,58,0
3134,179,3,1,-26.500000000005972,0.0,59,0
3134,180,27,1,-27.500000000006047,0.0,60,0
3134,181,3,-1,-28.500000000006114,0.0,61,0
3134,182,14,1,-29.50000000000619,0.0,62,0
3134,183,10,-1,-30.500000000006256,0.0,63,0
3134,184,20,-1,-31.50000000000633,0.0,64,0
3134,185,25,-1,-32.5000000000064,0.0,65,0
3134,186,6,1,-33.50000000000648,0.0,66,0
3134,187,11,1,-34.50000000000655,0.0,67,0
3134,188,10,1,-35.50000000000662,0.0,68,0
