time_step,passenger_sequence,target_x,target_y,current_x,current_y,current_cell,state
3313,142,32,1,26.83333333332983,0.0,5,0
3313,144,31,-1,24.966666666663013,0.0,7,0
3313,147,16,-1,15.366666666662688,0.0,17,0
3313,148,19,1,14.433333333329303,0.0,18,0
3313,150,13,1,12.166666666662515,0.0,20,0
3313,151,26,-1,11.233333333329123,0.0,21,0
3313,153,26,1,7.666666666662346,0.0,24,0
3313,154,23,-1,6.733333333328954,0.0,25,0
3313,155,31,1,5.799999999995562,0.0,26,0
3313,156,12,-1,4.866666666662171,0.0,27,0
3313,157,24,1,3.9333333333287785,0.0,28,0
3313,159,16,1,0.366666666661987,0.0,32,0
3313,160,25,1,-0.6333333333380751,0.0,33,0
3313,161,5,1,-1.6333333333381375,0.0,34,0
3313,162,19,-1,-2.633333333338199,0.0,35,0
3313,163,8,1,-3.6333333333382622,0.0,36,0
3313,164,18,1,-4.633333333338323,0.0,37,0
3313,165,28,-1,-5.633333333338372,0.0,38,0
3313,166,9,-1,-6.633333333338431,0.0,39,0
3313,167,29,1,-7.63333333333849,0.0,40,0
3313,168,21,-1,-8.63333333333854,0.0,41,0
3313,169,29,-1,-9.633333333338598,0.0,42,0
3313,170,9,1,-10.633333333338657,0.0,43,0
3313,171,28,1,-11.633333333338713,0.0,44,0
3313,172,22,1,-12.633333333338765,0.0,45,0
3313,173,21,1,-13.633333333338824,0.0,46,0
3313,174,22,-1,-14.63333333333888,0.0,47,0
3313,175,18,-1,-15.633333333338932,0.0,48,0
3313,176,6,-1,-16.633333333339,0.0,49,0
3313,177,30,1,-17.633333333339074,0.0,50,0
3313,178,17,-1,-18.63333333333914,0.0,51,0
3313,179,3,1,-19.633333333339216,0.0,52,0
3313,180,27,1,-20.63333333333929,0.0,53,0
3313,181,3,-1,-21.63333333333936,0.0,54,0
3313,182,14,1,-22.633333333339433,0.0,55,0
3313,183,10,-1,-23.6333333333395,0.0,56,0
3313,184,20,-1,-24.633333333339575,0.0,57,0
3313,185,25,-1,-25.633333333339642,0.0,58,0
3313,186,6,1,-26.633333333339717,0.0,59,0
3313,187,11,1,-27.633333333339785,0.0,60,0
3313,188,10,1,-28.633333333339852,0.0,61,0
