time_step,passenger_sequence,target_x,target_y,current_x,current_y,current_cell,state
3779,165,28,-1,16.866666666661597,0.0,15,0
3779,167,29,1,14.999999999994797,0.0,17,0
3779,168,21,-1,14.066666666661414,0.0,18,0
3779,169,29,-1,13.33333333332802,0.0,19,0
3779,171,28,1,9.866666666661244,0.0,22,0
3779,172,22,1,8.53333333332786,0.0,23,0
3779,173,21,1,8.499999999994465,0.0,24,0
3779,174,22,-1,7.5666666666610745,0.0,24,0
3779,175,18,-1,6.0333333333276915,0.0,26,0
3779,176,6,-1,5.099999999994299,0.0,27,0
3779,177,30,1,4.766666666660907,0.0,27,0
3779,178,17,-1,2.93333333332752,0.0,29,0
3779,179,3,1,1.999999999994124,0.0,30,0
3779,180,27,1,1.0666666666607292,0.0,31,0
3779,181,3,-1,0.13333333332734099,0.0,32,0
3779,182,14,1,-0.866666666672721,0.0,33,0
3779,183,10,-1,-1.8666666666727751,0.0,34,0
3779,184,20,-1,-2.866666666672838,0.0,35,0
3779,185,25,-1,-3.866666666672894,0.0,36,0
3779,186,6,1,-4.866666666672952,0.0,37,0
3779,187,11,1,-5.866666666673003,0.0,38,0
3779,188,10,1,-6.866666666673055,0.0,39,0
