time_step,passenger_sequence,target_x,target_y,current_x,current_y,current_cell,state
3910,167,29,1,26.39999999999494,0.0,6,0
3910,169,29,-1,23.033333333328113,0.0,9,0
3910,171,28,1,21.266666666661298,0.0,11,0
3910,172,22,1,19.93333333332789,0.0,12,0
3910,173,21,1,18.199999999994468,0.0,14,0
3910,174,22,-1,17.266666666661063,0.0,15,0
3910,175,18,-1,15.733333333327657,0.0,16,0
3910,177,30,1,12.766666666660878,0.0,19,0
3910,178,17,-1,12.63333333332749,0.0,19,0
3910,180,27,1,10.766666666660708,0.0,21,0
3910,182,14,1,5.499999999993943,0.0,27,0
3910,183,10,-1,3.866666666660561,0.0,28,0
3910,184,20,-1,2.9333333333271647,0.0,29,0
3910,185,25,-1,1.9999999999937759,0.0,30,0
3910,186,6,1,1.066666666660381,0.0,31,0
3910,187,11,1,0.13333333332699282,0.0,32,0
3910,188,10,1,-0.866666666673062,0.0,33,0
