time_step,passenger_sequence,target_x,target_y,current_x,current_y,current_cell,state
3442,151,26,-1,16.23333333332911,0.0,16,0
3442,153,26,1,14.366666666662322,0.0,18,0
3442,154,23,-1,11.733333333328936,0.0,20,0
3442,155,31,1,10.799999999995544,0.0,21,0
3442,156,12,-1,9.866666666662153,0.0,22,0
3442,157,24,1,8.933333333328761,0.0,23,0
3442,159,16,1,5.366666666661985,0.0,27,0
3442,160,25,1,4.4333333333285925,0.0,28,0
3442,161,5,1,3.499999999995198,0.0,29,0
3442,162,19,-1,2.566666666661803,0.0,29,0
3442,163,8,1,1.6333333333284072,0.0,30,0
3442,164,18,1,0.6999999999950114,0.0,31,0
3442,165,28,-1,-0.23333333333837544,0.0,32,0
3442,166,9,-1,-1.2333333333384375,0.0,33,0
3442,167,29,1,-2.2333333333385004,0.0,34,0
3442,168,21,-1,-3.233333333338555,0.0,35,0
3442,169,29,-1,-4.233333333338617,0.0,36,0
3442,170,9,1,-5.233333333338676,0.0,37,0
3442,171,28,1,-6.233333333338733,0.0,38,0
3442,172,22,1,-7.233333333338784,0.0,39,0
3442,173,21,1,-8.233333333338843,0.0,40,0
3442,174,22,-1,-9.2333333333389,0.0,41,0
3442,175,18,-1,-10.233333333338951,0.0,42,0
3442,176,6,-1,-11.23333333333901,0.0,43,0
3442,177,30,1,-12.233333333339067,0.0,44,0
3442,178,17,-1,-13.233333333339118,0.0,45,0
3442,179,3,1,-14.233333333339177,0.0,46,0
3442,180,27,1,-15.233333333339234,0.0,47,0
3442,181,3,-1,-16.23333333333929,0.0,48,0
3442,182,14,1,-17.233333333339363,0.0,49,0
3442,183,10,-1,-18.23333333333943,0.0,50,0
3442,184,20,-1,-19.233333333339505,0.0,51,0
3442,185,25,-1,-20.233333333339573,0.0,52,0
3442,186,6,1,-21.233333333339647,0.0,53,0
3442,187,11,1,-22.233333333339715,0.0,54,0
3442,188,10,1,-23.233333333339782,0.0,55,0
