time_step,passenger_sequence,target_x,target_y,current_x,current_y,current_cell,state
3908,167,29,1,26.199999999994937,0.0,6,0
3908,169,29,-1,22.83333333332811,0.0,9,0
3908,171,28,1,21.066666666661295,0.0,11,0
3908,172,22,1,19.733333333327888,0.0,12,0
3908,173,21,1,17.999999999994465,0.0,14,0
3908,174,22,-1,17.06666666666106,0.0,15,0
3908,175,18,-1,15.533333333327658,0.0,16,0
3908,177,30,1,12.566666666660879,0.0,19,0
3908,178,17,-1,12.433333333327491,0.0,20,0
3908,180,27,1,10.566666666660709,0.0,21,0
3908,182,14,1,5.299999999993943,0.0,27,0
3908,183,10,-1,3.6666666666605607,0.0,28,0
3908,184,20,-1,2.7333333333271645,0.0,29,0
3908,185,25,-1,1.7999999999937757,0.0,30,0
3908,186,6,1,0.8666666666603811,0.0,31,0
3908,187,11,1,-0.06666666667300719,0.0,32,0
3908,188,10,1,-1.066666666673062,0.0,33,0
