time_step,passenger_sequence,target_x,target_y,current_x,current_y,current_cell,state
3121,134,32,-1,25.39999999999698,0.0,7,0
3121,135,27,-1,22.76666666666355,0.0,9,0
3121,137,23,1,20.699999999996724,0.0,11,0
3121,141,20,1,12.866666666663088,0.0,19,0
3121,142,32,1,13.633333333329682,0.0,18,0
3121,144,31,-1,11.7666666666629,0.0,20,0
3121,146,15,-1,6.49999999999612,0.0,26,0
3121,147,16,-1,3.866666666662728,0.0,28,0
3121,148,19,1,2.933333333329339,0.0,29,0
3121,149,7,-1,1.999999999995936,0.0,30,0
3121,150,13,1,1.066666666662541,0.0,31,0
3121,151,26,-1,0.13333333332914576,0.0,32,0
3121,152,2,-1,-0.8666666666709162,0.0,33,0
3121,153,26,1,-1.8666666666709775,0.0,34,0
3121,154,23,-1,-2.8666666666710405,0.0,35,0
3121,155,31,1,-3.8666666666711036,0.0,36,0
3121,156,12,-1,-4.866666666671161,0.0,37,0
3121,157,24,1,-5.86666666667122,0.0,38,0
3121,158,1,-1,-6.866666666671279,0.0,39,0
3121,159,16,1,-7.866666666671335,0.0,40,0
3121,160,25,1,-8.866666666671394,0.0,41,0
3121,161,5,1,-9.866666666671453,0.0,42,0
3121,162,19,-1,-10.86666666667151,0.0,43,0
3121,163,8,1,-11.866666666671568,0.0,44,0
3121,164,18,1,-12.866666666671627,0.0,45,0
3121,165,28,-1,-13.866666666671676,0.0,46,0
3121,166,9,-1,-14.866666666671735,0.0,47,0
3121,167,29,1,-15.866666666671794,0.0,48,0
3121,168,21,-1,-16.866666666671858,0.0,49,0
3121,169,29,-1,-17.866666666671932,0.0,50,0
3121,170,9,1,-18.866666666672007,0.0,51,0
3121,171,28,1,-19.86666666667208,0.0,52,0
3121,172,22,1,-20.86666666667215,0.0,53,0
3121,173,21,1,-21.866666666672224,0.0,54,0
3121,174,22,-1,-22.866666666672298,0.0,55,0
3121,175,18,-1,-23.866666666672366,0.0,56,0
3121,176,6,-1,-24.86666666667244,0.0,57,0
3121,177,30,1,-25.866666666672515,0.0,58,0
3121,178,17,-1,-26.866666666672582,0.0,59,0
3121,179,3,1,-27.866666666672657,0.0,60,0
3121,180,27,1,-28.86666666667273,0.0,61,0
3121,181,3,-1,-29.8666666666728,0.0,62,0
3121,182,14,1,-30.866666666672874,0.0,63,0
3121,183,10,-1,-31.86666666667294,0.0,64,0
3121,184,20,-1,-32.86666666667302,0.0,65,0
3121,185,25,-1,-33.86666666667309,0.0,66,0
3121,186,6,1,-34.86666666667317,0.0,67,0
3121,187,11,1,-35.86666666667324,0.0,68,0
3121,188,10,1,-36.86666666667331,0.0,69,0
