time_step,passenger_sequence,target_x,target_y,current_x,current_y,current_cell,state
3373,144,31,-1,29.666666666663073,0.0,2,0
3373,148,19,1,17.033333333329313,0.0,15,0
3373,151,26,-1,12.733333333329117,0.0,19,0
3373,153,26,1,9.16666666666234,0.0,23,0
3373,154,23,-1,8.233333333328948,0.0,24,0
3373,155,31,1,7.299999999995556,0.0,25,0
3373,156,12,-1,6.366666666662166,0.0,26,0
3373,157,24,1,5.433333333328774,0.0,27,0
3373,159,16,1,1.8666666666619876,0.0,30,0
3373,160,25,1,0.9333333333285915,0.0,31,0
3373,161,5,1,-4.8038517608262055e-12,0.0,32,0
3373,162,19,-1,-1.0000000000048643,0.0,33,0
3373,163,8,1,-2.000000000004927,0.0,34,0
3373,164,18,1,-3.0000000000049902,0.0,35,0
3373,165,28,-1,-4.000000000005045,0.0,36,0
3373,166,9,-1,-5.0000000000051035,0.0,37,0
3373,167,29,1,-6.000000000005162,0.0,38,0
3373,168,21,-1,-7.000000000005212,0.0,39,0
3373,169,29,-1,-8.00000000000527,0.0,40,0
3373,170,9,1,-9.000000000005329,0.0,41,0
3373,171,28,1,-10.000000000005386,0.0,42,0
3373,172,22,1,-11.000000000005437,0.0,43,0
3373,173,21,1,-12.000000000005496,0.0,44,0
3373,174,22,-1,-13.000000000005553,0.0,45,0
3373,175,18,-1,-14.000000000005604,0.0,46,0
3373,176,6,-1,-15.000000000005663,0.0,47,0
3373,177,30,1,-16.00000000000572,0.0,48,0
3373,178,17,-1,-17.000000000005787,0.0,49,0
3373,179,3,1,-18.000000000005862,0.0,50,0
3373,180,27,1,-19.000000000005937,0.0,51,0
3373,181,3,-1,-20.000000000006004,0.0,52,0
3373,182,14,1,-21.00000000000608,0.0,53,0
3373,183,10,-1,-22.000000000006146,0.0,54,0
3373,184,20,-1,-23.00000000000622,0.0,55,0
3373,185,25,-1,-24.00000000000629,0.0,56,0
3373,186,6,1,-25.000000000006363,0.0,57,0
3373,187,11,1,-26.00000000000643,0.0,58,0
3373,188,10,1,-27.000000000006498,0.0,59,0
