time_step,passenger_sequence,target_x,target_y,current_x,current_y,current_cell,state
3907,167,29,1,26.099999999994935,0.0,6,0
3907,169,29,-1,22.73333333332811,0.0,9,0
3907,171,28,1,20.966666666661293,0.0,11,0
3907,172,22,1,19.633333333327887,0.0,12,0
3907,173,21,1,17.899999999994463,0.0,14,0
3907,174,22,-1,16.96666666666106,0.0,15,0
3907,175,18,-1,15.433333333327658,0.0,17,0
3907,177,30,1,12.46666666666088,0.0,20,0
3907,178,17,-1,12.333333333327491,0.0,20,0
3907,180,27,1,10.466666666660709,0.0,22,0
3907,182,14,1,5.199999999993944,0.0,27,0
3907,183,10,-1,3.5666666666605606,0.0,28,0
3907,184,20,-1,2.6333333333271645,0.0,29,0
3907,185,25,-1,1.6999999999937756,0.0,30,0
3907,186,6,1,0.7666666666603811,0.0,31,0
3907,187,11,1,-0.1666666666730072,0.0,32,0
3907,188,10,1,-1.166666666673062,0.0,33,0
