time_step,passenger_sequence,target_x,target_y,current_x,current_y,current_cell,state
3433,151,26,-1,15.333333333329108,0.0,17,0
3433,153,26,1,13.466666666662325,0.0,19,0
3433,154,23,-1,10.83333333332894,0.0,21,0
3433,155,31,1,9.899999999995547,0.0,22,0
3433,156,12,-1,8.966666666662157,0.0,23,0
3433,157,24,1,8.033333333328764,0.0,24,0
3433,159,16,1,4.466666666661988,0.0,28,0
3433,160,25,1,3.5333333333285935,0.0,28,0
3433,161,5,1,2.5999999999951973,0.0,29,0
3433,162,19,-1,1.6666666666618026,0.0,30,0
3433,163,8,1,0.7333333333284068,0.0,31,0
3433,164,18,1,-0.2000000000049886,0.0,32,0
3433,165,28,-1,-1.2000000000050421,0.0,33,0
3433,166,9,-1,-2.200000000005105,0.0,34,0
3433,167,29,1,-3.200000000005168,0.0,35,0
3433,168,21,-1,-4.200000000005222,0.0,36,0
3433,169,29,-1,-5.20000000000528,0.0,37,0
3433,170,9,1,-6.200000000005339,0.0,38,0
3433,171,28,1,-7.200000000005396,0.0,39,0
3433,172,22,1,-8.200000000005447,0.0,40,0
3433,173,21,1,-9.200000000005506,0.0,41,0
3433,174,22,-1,-10.200000000005563,0.0,42,0
3433,175,18,-1,-11.200000000005614,0.0,43,0
3433,176,6,-1,-12.200000000005673,0.0,44,0
3433,177,30,1,-13.20000000000573,0.0,45,0
3433,178,17,-1,-14.200000000005781,0.0,46,0
3433,179,3,1,-15.20000000000584,0.0,47,0
3433,180,27,1,-16.2000000000059,0.0,48,0
3433,181,3,-1,-17.200000000005968,0.0,49,0
3433,182,14,1,-18.200000000006042,0.0,50,0
3433,183,10,-1,-19.20000000000611,0.0,51,0
3433,184,20,-1,-20.200000000006185,0.0,52,0
3433,185,25,-1,-21.200000000006252,0.0,53,0
3433,186,6,1,-22.200000000006327,0.0,54,0
3433,187,11,1,-23.200000000006394,0.0,55,0
3433,188,10,1,-24.20000000000646,0.0,56,0
