time_step,passenger_sequence,target_x,target_y,current_x,current_y,current_cell,state
3399,148,19,1,17.933333333329326,0.0,14,0
3399,151,26,-1,13.633333333329114,0.0,18,0
3399,153,26,1,11.766666666662331,0.0,20,0
3399,154,23,-1,9.133333333328945,0.0,23,0
3399,155,31,1,8.199999999995553,0.0,24,0
3399,156,12,-1,7.266666666662163,0.0,25,0
3399,157,24,1,6.3333333333287705,0.0,26,0
3399,159,16,1,2.766666666661988,0.0,29,0
3399,160,25,1,1.8333333333285922,0.0,30,0
3399,161,5,1,0.8999999999951961,0.0,31,0
3399,162,19,-1,-0.033333333338197796,0.0,32,0
3399,163,8,1,-1.0333333333382597,0.0,33,0
3399,164,18,1,-2.0333333333383226,0.0,34,0
3399,165,28,-1,-3.033333333338377,0.0,35,0
3399,166,9,-1,-4.03333333333844,0.0,36,0
3399,167,29,1,-5.033333333338499,0.0,37,0
3399,168,21,-1,-6.033333333338549,0.0,38,0
3399,169,29,-1,-7.033333333338607,0.0,39,0
3399,170,9,1,-8.033333333338666,0.0,40,0
3399,171,28,1,-9.033333333338723,0.0,41,0
3399,172,22,1,-10.033333333338774,0.0,42,0
3399,173,21,1,-11.033333333338833,0.0,43,0
3399,174,22,-1,-12.03333333333889,0.0,44,0
3399,175,18,-1,-13.033333333338941,0.0,45,0
3399,176,6,-1,-14.033333333339,0.0,46,0
3399,177,30,1,-15.033333333339057,0.0,47,0
3399,178,17,-1,-16.033333333339108,0.0,48,0
3399,179,3,1,-17.033333333339183,0.0,49,0
3399,180,27,1,-18.033333333339257,0.0,50,0
3399,181,3,-1,-19.033333333339325,0.0,51,0
3399,182,14,1,-20.0333333333394,0.0,52,0
3399,183,10,-1,-21.033333333339467,0.0,53,0
3399,184,20,-1,-22.03333333333954,0.0,54,0
3399,185,25,-1,-23.03333333333961,0.0,55,0
3399,186,6,1,-24.033333333339684,0.0,56,0
3399,187,11,1,-25.03333333333975,0.0,57,0
3399,188,10,1,-26.03333333333982,0.0,58,0
