time_step,passenger_sequence,target_x,target_y,current_x,current_y,current_cell,state
3780,165,28,-1,16.9666666666616,0.0,15,0
3780,167,29,1,15.099999999994797,0.0,17,0
3780,168,21,-1,14.166666666661413,0.0,18,0
3780,169,29,-1,13.43333333332802,0.0,19,0
3780,171,28,1,9.966666666661244,0.0,22,0
3780,172,22,1,8.63333333332786,0.0,23,0
3780,173,21,1,8.599999999994465,0.0,23,0
3780,174,22,-1,7.666666666661074,0.0,24,0
3780,175,18,-1,6.133333333327691,0.0,26,0
3780,176,6,-1,5.199999999994299,0.0,27,0
3780,177,30,1,4.866666666660906,0.0,27,0
3780,178,17,-1,3.03333333332752,0.0,29,0
3780,179,3,1,2.099999999994124,0.0,30,0
3780,180,27,1,1.1666666666607293,0.0,31,0
3780,181,3,-1,0.233333333327341,0.0,32,0
3780,182,14,1,-0.766666666672721,0.0,33,0
3780,183,10,-1,-1.766666666672775,0.0,34,0
3780,184,20,-1,-2.766666666672838,0.0,35,0
3780,185,25,-1,-3.766666666672894,0.0,36,0
3780,186,6,1,-4.766666666672952,0.0,37,0
3780,187,11,1,-5.766666666673004,0.0,38,0
3780,188,10,1,-6.766666666673055,0.0,39,0
