time_step,passenger_sequence,target_x,target_y,current_x,current_y,current_cell,state
3801,165,28,-1,19.06666666666163,0.0,13,0
3801,167,29,1,17.19999999999481,0.0,15,0
3801,168,21,-1,16.26666666666141,0.0,16,0
3801,169,29,-1,15.533333333328013,0.0,16,0
3801,171,28,1,12.066666666661236,0.0,20,0
3801,172,22,1,10.733333333327852,0.0,21,0
3801,173,21,1,10.699999999994457,0.0,21,0
3801,174,22,-1,9.766666666661067,0.0,22,0
3801,175,18,-1,8.233333333327684,0.0,24,0
3801,176,6,-1,5.5999999999942975,0.0,26,3
3801,177,30,1,5.266666666660905,0.0,27,0
3801,178,17,-1,3.4333333333275204,0.0,29,0
3801,179,3,1,2.4999999999941243,0.0,30,0
3801,180,27,1,3.266666666660731,0.0,29,0
3801,181,3,-1,0.633333333327341,0.0,31,0
3801,182,14,1,-0.3000000000060544,0.0,32,0
3801,183,10,-1,-1.300000000006108,0.0,33,0
3801,184,20,-1,-2.300000000006171,0.0,34,0
3801,185,25,-1,-3.300000000006227,0.0,35,0
3801,186,6,1,-4.300000000006287,0.0,36,0
3801,187,11,1,-5.300000000006339,0.0,37,0
3801,188,10,1,-6.30000000000639,0.0,38,0
