time_step,passenger_sequence,target_x,target_y,current_x,current_y,current_cell,state
3688,160,25,1,18.433333333328587,0.0,14,0
3688,162,19,-1,15.966666666661762,0.0,16,0
3688,164,18,1,14.099999999994978,0.0,18,0
3688,165,28,-1,12.066666666661598,0.0,20,0
3688,167,29,1,10.199999999994814,0.0,22,0
3688,168,21,-1,9.26666666666143,0.0,23,0
3688,169,29,-1,8.533333333328038,0.0,23,0
3688,170,9,1,6.29999999999465,0.0,26,0
3688,171,28,1,5.36666666666126,0.0,27,0
3688,172,22,1,4.033333333327876,0.0,28,0
3688,173,21,1,3.09999999999448,0.0,29,0
3688,174,22,-1,2.166666666661085,0.0,30,0
3688,175,18,-1,1.2333333333276963,0.0,31,0
3688,176,6,-1,0.2999999999943009,0.0,32,0
3688,177,30,1,-0.7000000000057597,0.0,33,0
3688,178,17,-1,-1.700000000005815,0.0,34,0
3688,179,3,1,-2.700000000005878,0.0,35,0
3688,180,27,1,-3.70000000000594,0.0,36,0
3688,181,3,-1,-4.700000000005993,0.0,37,0
3688,182,14,1,-5.700000000006051,0.0,38,0
3688,183,10,-1,-6.700000000006101,0.0,39,0
3688,184,20,-1,-7.70000000000616,0.0,40,0
3688,185,25,-1,-8.700000000006211,0.0,41,0
3688,186,6,1,-9.700000000006268,0.0,42,0
3688,187,11,1,-10.70000000000632,0.0,43,0
3688,188,10,1,-11.700000000006371,0.0,44,0
