time_step,passenger_sequence,target_x,target_y,current_x,current_y,current_cell,state
3766,160,25,1,24.533333333328674,0.0,7,3
3766,165,28,-1,15.566666666661586,0.0,16,0
3766,167,29,1,13.699999999994802,0.0,18,0
3766,168,21,-1,12.766666666661418,0.0,19,0
3766,169,29,-1,12.033333333328025,0.0,20,0
3766,171,28,1,8.566666666661249,0.0,23,0
3766,172,22,1,7.233333333327865,0.0,25,0
3766,173,21,1,7.1999999999944695,0.0,25,0
3766,174,22,-1,6.266666666661079,0.0,26,0
3766,175,18,-1,4.733333333327696,0.0,27,0
3766,176,6,-1,3.799999999994303,0.0,28,0
3766,177,30,1,3.4666666666609087,0.0,29,0
3766,178,17,-1,1.633333333327519,0.0,30,0
3766,179,3,1,0.6999999999941232,0.0,31,0
3766,180,27,1,-0.23333333333927073,0.0,32,0
3766,181,3,-1,-1.2333333333393257,0.0,33,0
3766,182,14,1,-2.2333333333393885,0.0,34,0
3766,183,10,-1,-3.233333333339443,0.0,35,0
3766,184,20,-1,-4.233333333339505,0.0,36,0
3766,185,25,-1,-5.233333333339557,0.0,37,0
3766,186,6,1,-6.233333333339614,0.0,38,0
3766,187,11,1,-7.233333333339665,0.0,39,0
3766,188,10,1,-8.233333333339717,0.0,40,0
