time_step,passenger_sequence,target_x,target_y,current_x,current_y,current_cell,state
3597,155,31,1,22.499999999995616,0.0,10,0
3597,157,24,1,18.93333333332878,0.0,13,0
3597,159,16,1,15.36666666666195,0.0,17,0
3597,160,25,1,14.433333333328557,0.0,18,0
3597,162,19,-1,11.966666666661776,0.0,20,0
3597,164,18,1,10.099999999994992,0.0,22,0
3597,165,28,-1,8.066666666661613,0.0,24,0
3597,166,9,-1,7.1333333333282205,0.0,25,0
3597,167,29,1,6.199999999994828,0.0,26,0
3597,168,21,-1,5.266666666661445,0.0,27,0
3597,169,29,-1,4.333333333328053,0.0,28,0
3597,170,9,1,3.7999999999946583,0.0,28,0
3597,171,28,1,2.8666666666612635,0.0,29,0
3597,172,22,1,1.5333333333278742,0.0,30,0
3597,173,21,1,0.5999999999944785,0.0,31,0
3597,174,22,-1,-0.4000000000055821,0.0,32,0
3597,175,18,-1,-1.4000000000056372,0.0,33,0
3597,176,6,-1,-2.4000000000057002,0.0,34,0
3597,177,30,1,-3.400000000005762,0.0,35,0
3597,178,17,-1,-4.400000000005816,0.0,36,0
3597,179,3,1,-5.400000000005875,0.0,37,0
3597,180,27,1,-6.400000000005932,0.0,38,0
3597,181,3,-1,-7.400000000005983,0.0,39,0
3597,182,14,1,-8.400000000006042,0.0,40,0
3597,183,10,-1,-9.400000000006091,0.0,41,0
3597,184,20,-1,-10.40000000000615,0.0,42,0
3597,185,25,-1,-11.400000000006202,0.0,43,0
3597,186,6,1,-12.400000000006258,0.0,44,0
3597,187,11,1,-13.40000000000631,0.0,45,0
3597,188,10,1,-14.400000000006361,0.0,46,0
