time_step,passenger_sequence,target_x,target_y,current_x,current_y,current_cell,state
3957,169,29,-1,26.033333333328155,0.0,6,0
3957,171,28,1,24.26666666666134,0.0,8,0
3957,173,21,1,20.599999999994502,0.0,11,2
3957,174,22,-1,19.566666666661096,0.0,12,1
3957,175,18,-1,17.53333333332768,0.0,14,2
3957,177,30,1,15.06666666666087,0.0,17,1
3957,178,17,-1,14.333333333327484,0.0,18,1
3957,180,27,1,12.466666666660702,0.0,20,1
3957,182,14,1,7.199999999993937,0.0,25,1
3957,183,10,-1,5.566666666660556,0.0,26,1
3957,184,20,-1,5.233333333327161,0.0,27,1
3957,185,25,-1,4.299999999993776,0.0,28,1
3957,186,6,1,2.7666666666603823,0.0,29,1
3957,187,11,1,1.8333333333269934,0.0,30,1
3957,188,10,1,0.8999999999936045,0.0,31,1
