time_step,passenger_sequence,target_x,target_y,current_x,current_y,current_cell,state
3508,151,26,-1,22.833333333329204,0.0,9,0
3508,153,26,1,20.966666666662388,0.0,11,0
3508,154,23,-1,18.333333333328955,0.0,14,0
3508,155,31,1,17.399999999995543,0.0,15,0
3508,157,24,1,13.833333333328744,0.0,18,0
3508,159,16,1,10.266666666661967,0.0,22,0
3508,160,25,1,9.333333333328575,0.0,23,0
3508,162,19,-1,6.866666666661795,0.0,25,0
3508,163,8,1,5.933333333328402,0.0,26,0
3508,164,18,1,4.99999999999501,0.0,27,0
3508,165,28,-1,4.066666666661627,0.0,28,0
3508,166,9,-1,3.1333333333282307,0.0,29,0
3508,167,29,1,2.1999999999948345,0.0,30,0
3508,168,21,-1,1.266666666661447,0.0,31,0
3508,169,29,-1,0.33333333332805154,0.0,32,0
3508,170,9,1,-0.6666666666720105,0.0,33,0
3508,171,28,1,-1.6666666666720715,0.0,34,0
3508,172,22,1,-2.6666666666721275,0.0,35,0
3508,173,21,1,-3.6666666666721905,0.0,36,0
3508,174,22,-1,-4.666666666672249,0.0,37,0
3508,175,18,-1,-5.666666666672301,0.0,38,0
3508,176,6,-1,-6.666666666672359,0.0,39,0
3508,177,30,1,-7.666666666672416,0.0,40,0
3508,178,17,-1,-8.666666666672468,0.0,41,0
3508,179,3,1,-9.666666666672526,0.0,42,0
3508,180,27,1,-10.666666666672583,0.0,43,0
3508,181,3,-1,-11.666666666672635,0.0,44,0
3508,182,14,1,-12.666666666672693,0.0,45,0
3508,183,10,-1,-13.666666666672743,0.0,46,0
3508,184,20,-1,-14.666666666672802,0.0,47,0
3508,185,25,-1,-15.666666666672853,0.0,48,0
3508,186,6,1,-16.66666666667292,0.0,49,0
3508,187,11,1,-17.666666666672988,0.0,50,0
3508,188,10,1,-18.666666666673056,0.0,51,0
