time_step,passenger_sequence,target_x,target_y,current_x,current_y,current_cell,state
3787,165,28,-1,17.66666666666161,0.0,14,0
3787,167,29,1,15.799999999994794,0.0,16,0
3787,168,21,-1,14.866666666661411,0.0,17,0
3787,169,29,-1,14.133333333328018,0.0,18,0
3787,171,28,1,10.666666666661241,0.0,21,0
3787,172,22,1,9.333333333327857,0.0,23,0
3787,173,21,1,9.299999999994462,0.0,23,0
3787,174,22,-1,8.366666666661072,0.0,24,0
3787,175,18,-1,6.833333333327689,0.0,25,0
3787,176,6,-1,5.5999999999942975,0.0,26,2
3787,177,30,1,5.166666666660905,0.0,27,1
3787,178,17,-1,3.3333333333275204,0.0,29,1
3787,179,3,1,2.399999999994124,0.0,30,1
3787,180,27,1,1.86666666666073,0.0,30,0
3787,181,3,-1,0.533333333327341,0.0,31,1
3787,182,14,1,-0.46666666667272105,0.0,32,1
3787,183,10,-1,-1.4666666666727748,0.0,33,1
3787,184,20,-1,-2.466666666672838,0.0,34,1
3787,185,25,-1,-3.466666666672894,0.0,35,1
3787,186,6,1,-4.466666666672953,0.0,36,1
3787,187,11,1,-5.466666666673005,0.0,37,1
3787,188,10,1,-6.466666666673056,0.0,38,1
