time_step,passenger_sequence,target_x,target_y,current_x,current_y,current_cell,state
3204,141,20,1,18.566666666663114,0.0,13,0
3204,142,32,1,17.6333333333297,0.0,14,0
3204,144,31,-1,15.766666666662886,0.0,16,0
3204,146,15,-1,10.499999999996106,0.0,22,0
3204,147,16,-1,7.866666666662715,0.0,24,0
3204,148,19,1,6.93333333332933,0.0,25,0
3204,149,7,-1,5.99999999999593,0.0,26,0
3204,150,13,1,5.06666666666254,0.0,27,0
3204,151,26,-1,4.133333333329148,0.0,28,0
3204,152,2,-1,1.5999999999957508,0.0,30,2
3204,153,26,1,0.5666666666623564,0.0,31,0
3204,154,23,-1,-0.43333333333770563,0.0,32,0
3204,155,31,1,-1.4333333333377678,0.0,33,0
3204,156,12,-1,-2.4333333333378295,0.0,34,0
3204,157,24,1,-3.4333333333378926,0.0,35,0
3204,158,1,-1,-4.433333333337954,0.0,36,0
3204,159,16,1,-5.433333333338011,0.0,37,0
3204,160,25,1,-6.433333333338069,0.0,38,0
3204,161,5,1,-7.433333333338128,0.0,39,0
3204,162,19,-1,-8.433333333338185,0.0,40,0
3204,163,8,1,-9.433333333338243,0.0,41,0
3204,164,18,1,-10.433333333338302,0.0,42,0
3204,165,28,-1,-11.433333333338352,0.0,43,0
3204,166,9,-1,-12.43333333333841,0.0,44,0
3204,167,29,1,-13.433333333338469,0.0,45,0
3204,168,21,-1,-14.433333333338519,0.0,46,0
3204,169,29,-1,-15.433333333338577,0.0,47,0
3204,170,9,1,-16.43333333333864,0.0,48,0
3204,171,28,1,-17.433333333338716,0.0,49,0
3204,172,22,1,-18.433333333338783,0.0,50,0
3204,173,21,1,-19.433333333338858,0.0,51,0
3204,174,22,-1,-20.433333333338933,0.0,52,0
3204,175,18,-1,-21.433333333339,0.0,53,0
3204,176,6,-1,-22.433333333339075,0.0,54,0
3204,177,30,1,-23.43333333333915,0.0,55,0
3204,178,17,-1,-24.433333333339217,0.0,56,0
3204,179,3,1,-25.43333333333929,0.0,57,0
3204,180,27,1,-26.433333333339366,0.0,58,0
3204,181,3,-1,-27.433333333339434,0.0,59,0
3204,182,14,1,-28.433333333339508,0.0,60,0
3204,183,10,-1,-29.433333333339576,0.0,61,0
3204,184,20,-1,-30.43333333333965,0.0,62,0
3204,185,25,-1,-31.433333333339718,0.0,63,0
3204,186,6,1,-32.433333333339796,0.0,64,0
3204,187,11,1,-33.43333333333987,0.0,65,0
3204,188,10,1,-34.43333333333994,0.0,66,0
