time_step,passenger_sequence,target_x,target_y,current_x,current_y,current_cell,state
3871,165,28,-1,26.066666666661728,0.0,6,0
3871,167,29,1,24.19999999999491,0.0,8,0
3871,169,29,-1,20.83333333332808,0.0,11,0
3871,171,28,1,17.366666666661242,0.0,15,0
3871,172,22,1,17.73333333332786,0.0,14,0
3871,173,21,1,15.999999999994438,0.0,16,0
3871,174,22,-1,15.066666666661048,0.0,17,0
3871,175,18,-1,13.533333333327665,0.0,18,0
3871,177,30,1,10.566666666660886,0.0,21,0
3871,178,17,-1,8.733333333327504,0.0,23,0
3871,180,27,1,8.566666666660716,0.0,23,0
3871,182,14,1,3.2999999999939473,0.0,29,0
3871,183,10,-1,1.6666666666605592,0.0,30,0
3871,184,20,-1,0.7333333333271633,0.0,31,0
3871,185,25,-1,-0.20000000000622495,0.0,32,0
3871,186,6,1,-1.2000000000062856,0.0,33,0
3871,187,11,1,-2.2000000000063413,0.0,34,0
3871,188,10,1,-3.2000000000063973,0.0,35,0
