time_step,passenger_sequence,target_x,target_y,current_x,current_y,current_cell,state
4113,177,30,1,23.96666666666098,0.0,8,0
4113,180,27,1,19.666666666660742,0.0,12,0
4113,184,20,-1,9.033333333327148,0.0,23,0
4113,185,25,-1,8.099999999993763,0.0,24,0
4113,187,11,1,5.43333333332699,0.0,27,0
4113,188,10,1,4.499999999993605,0.0,28,0
