time_step,passenger_sequence,target_x,target_y,current_x,current_y,current_cell,state
4109,177,30,1,23.566666666660975,0.0,8,0
4109,180,27,1,19.266666666660736,0.0,13,0
4109,184,20,-1,8.63333333332715,0.0,23,0
4109,185,25,-1,7.699999999993764,0.0,24,0
4109,187,11,1,5.033333333326992,0.0,27,0
4109,188,10,1,4.0999999999936065,0.0,28,0
