time_step,passenger_sequence,target_x,target_y,current_x,current_y,current_cell,state
4077,177,30,1,20.36666666666093,0.0,12,0
4077,180,27,1,16.06666666666069,0.0,16,0
4077,182,14,1,12.499999999993918,0.0,20,0
4077,183,10,-1,9.566666666660542,0.0,22,2
4077,184,20,-1,7.433333333327154,0.0,25,1
4077,185,25,-1,6.4999999999937685,0.0,26,1
4077,186,6,1,4.96666666666038,0.0,27,1
4077,187,11,1,4.033333333326995,0.0,28,1
4077,188,10,1,3.099999999993606,0.0,29,1
