time_step,passenger_sequence,target_x,target_y,current_x,current_y,current_cell,state
4141,177,30,1,26.76666666666102,0.0,5,0
4141,180,27,1,22.46666666666078,0.0,10,0
4141,184,20,-1,11.833333333327138,0.0,20,0
4141,185,25,-1,10.899999999993753,0.0,21,0
4141,187,11,1,8.23333333332698,0.0,24,0
4141,188,10,1,7.299999999993595,0.0,25,0
