time_step,passenger_sequence,target_x,target_y,current_x,current_y,current_cell,state
4135,177,30,1,26.166666666661012,0.0,6,0
4135,180,27,1,21.866666666660773,0.0,10,0
4135,184,20,-1,11.23333333332714,0.0,21,0
4135,185,25,-1,10.299999999993755,0.0,22,0
4135,187,11,1,7.633333333326982,0.0,24,0
4135,188,10,1,6.699999999993597,0.0,25,0
