time_step,passenger_sequence,target_x,target_y,current_x,current_y,current_cell,state
4024,171,28,1,27.566666666661387,0.0,4,3
4024,174,22,-1,21.26666666666112,0.0,11,0
4024,177,30,1,16.76666666666088,0.0,15,0
4024,178,17,-1,16.03333333332748,0.0,16,0
4024,180,27,1,14.166666666660696,0.0,18,0
4024,182,14,1,10.599999999993925,0.0,21,0
4024,183,10,-1,8.966666666660544,0.0,23,0
4024,184,20,-1,6.933333333327155,0.0,25,0
4024,185,25,-1,5.99999999999377,0.0,26,0
4024,186,6,1,4.466666666660382,0.0,28,0
4024,187,11,1,3.5333333333269947,0.0,28,0
4024,188,10,1,2.5999999999936056,0.0,29,0
