time_step,passenger_sequence,target_x,target_y,current_x,current_y,current_cell,state
2928,135,11,-2,9.533333333330242,0.0,22,0
2928,136,8,-1,6.533333333330183,0.0,25,0
2928,137,6,2,4.466666666663461,0.0,28,0
2928,138,5,-2,2.8666666666634,0.0,29,0
2928,139,8,-3,1.8666666666633434,0.0,30,0
2928,140,9,3,0.933333333329947,0.0,31,0
2928,141,9,-3,-0.06666666667010962,0.0,32,0
2928,142,4,-1,-1.0666666666701716,0.0,33,0
2928,143,8,1,-2.0666666666702347,0.0,34,0
2928,144,10,-2,-3.0666666666703,0.0,35,0
2928,145,7,-2,-4.133333333337022,0.0,36,0
2928,146,6,-1,-5.200000000003751,0.0,37,0
2928,147,1,-2,-6.2000000000038025,0.0,38,0
2928,148,8,3,-7.200000000003865,0.0,39,0
2928,149,7,3,-8.200000000003925,0.0,40,0
2928,150,7,-3,-9.333333333337317,0.0,41,0
2928,151,4,1,-10.400000000004045,0.0,42,0
2928,152,3,-2,-11.400000000004113,0.0,43,0
2928,153,9,-1,-12.40000000000417,0.0,44,0
2928,154,10,-1,-13.60000000000423,0.0,46,0
2928,155,11,1,-14.600000000004282,0.0,47,0
2928,156,5,2,-15.666666666671016,0.0,48,0
2928,157,8,2,-16.666666666671084,0.0,49,0
2928,158,5,1,-17.66666666667116,0.0,50,0
2928,159,1,-3,-18.800000000004573,0.0,51,0
2928,160,10,3,-19.80000000000465,0.0,52,0
2928,161,7,1,-20.866666666671392,0.0,53,0
2928,162,7,2,-21.86666666667146,0.0,54,0
2928,163,10,-3,-22.866666666671538,0.0,55,0
2928,164,5,3,-24.000000000004945,0.0,56,0
2928,165,2,1,-25.00000000000502,0.0,57,0
2928,166,5,-1,-26.06666666667176,0.0,58,0
2928,167,6,-3,-27.066666666671836,0.0,59,0
2928,168,6,3,-28.066666666671914,0.0,60,0
2928,169,11,-3,-29.13333333333865,0.0,61,0
2928,170,4,-2,-30.133333333338726,0.0,62,0
2928,171,2,-2,-31.200000000005467,0.0,63,0
2928,172,10,2,-32.20000000000554,0.0,64,0
2928,173,3,2,-33.200000000005616,0.0,65,0
2928,174,2,-3,-34.266666666672364,0.0,66,0
2928,175,7,-1,-35.26666666667244,0.0,67,0
2928,176,4,-3,-36.26666666667252,0.0,68,0
2928,177,1,-1,-37.33333333333927,0.0,69,0
2928,178,11,-1,-38.40000000000602,0.0,70,0
2928,179,10,1,-39.400000000006095,0.0,71,0
2928,180,11,2,-40.40000000000618,0.0,72,0
2928,181,8,-2,-41.46666666667292,0.0,73,0
2928,182,9,2,-42.466666666673,0.0,74,0
2928,183,2,-1,-43.46666666667308,0.0,75,0
2928,184,2,3,-44.466666666673156,0.0,76,0
2928,185,11,3,-45.533333333339904,0.0,78,0
2928,186,3,-3,-46.600000000006645,0.0,79,0
2928,187,3,1,-47.60000000000672,0.0,80,0
2928,188,4,3,-48.6000000000068,0.0,81,0
