time_step,passenger_sequence,target_x,target_y,current_x,current_y,current_cell,state
2880,134,6,1,3.8333333333303026,0.0,28,0
2880,135,11,-2,2.499999999996914,0.0,30,0
2880,136,8,-1,1.566666666663518,0.0,30,0
2880,137,6,2,0.499999999996792,0.0,32,0
2880,138,5,-2,-0.5000000000032684,0.0,33,0
2880,139,8,-3,-1.5666666666699909,0.0,34,0
2880,140,9,3,-2.5666666666700544,0.0,35,0
2880,141,9,-3,-3.566666666670112,0.0,36,0
2880,142,4,-1,-4.700000000003506,0.0,37,0
2880,143,8,1,-5.700000000003564,0.0,38,0
2880,144,10,-2,-6.700000000003625,0.0,39,0
2880,145,7,-2,-7.766666666670343,0.0,40,0
2880,146,6,-1,-8.900000000003738,0.0,41,0
2880,147,1,-2,-9.90000000000379,0.0,42,0
2880,148,8,3,-10.966666666670518,0.0,43,0
2880,149,7,3,-11.966666666670578,0.0,44,0
2880,150,7,-3,-13.033333333337303,0.0,45,0
2880,151,4,1,-14.100000000004032,0.0,46,0
2880,152,3,-2,-15.1000000000041,0.0,47,0
2880,153,9,-1,-16.166666666670825,0.0,48,0
2880,154,10,-1,-17.1666666666709,0.0,49,0
2880,155,11,1,-18.233333333337637,0.0,50,0
2880,156,5,2,-19.36666666667105,0.0,51,0
2880,157,8,2,-20.366666666671126,0.0,52,0
2880,158,5,1,-21.500000000004533,0.0,54,0
2880,159,1,-3,-22.500000000004615,0.0,55,0
2880,160,10,3,-23.56666666667136,0.0,56,0
2880,161,7,1,-24.566666666671434,0.0,57,0
2880,162,7,2,-25.633333333338168,0.0,58,0
2880,163,10,-3,-26.633333333338246,0.0,59,0
2880,164,5,3,-27.63333333333832,0.0,60,0
2880,165,2,1,-28.700000000005062,0.0,61,0
2880,166,5,-1,-29.700000000005137,0.0,62,0
2880,167,6,-3,-30.70000000000521,0.0,63,0
2880,168,6,3,-31.70000000000529,0.0,64,0
2880,169,11,-3,-32.70000000000537,0.0,65,0
2880,170,4,-2,-33.700000000005446,0.0,66,0
2880,171,2,-2,-34.766666666672194,0.0,67,0
2880,172,10,2,-35.76666666667227,0.0,68,0
2880,173,3,2,-36.76666666667235,0.0,69,0
2880,174,2,-3,-37.76666666667243,0.0,70,0
2880,175,7,-1,-38.766666666672506,0.0,71,0
2880,176,4,-3,-39.833333333339255,0.0,72,0
2880,177,1,-1,-40.83333333333933,0.0,73,0
2880,178,11,-1,-41.90000000000608,0.0,74,0
2880,179,10,1,-42.90000000000616,0.0,75,0
2880,180,11,2,-43.900000000006244,0.0,76,0
2880,181,8,-2,-44.900000000006315,0.0,77,0
2880,182,9,2,-45.90000000000639,0.0,78,0
2880,183,2,-1,-46.90000000000647,0.0,79,0
2880,184,2,3,-47.90000000000655,0.0,80,0
2880,185,11,3,-48.9666666666733,0.0,81,0
2880,186,3,-3,-49.96666666667337,0.0,82,0
2880,187,3,1,-50.96666666667345,0.0,83,0
2880,188,4,3,-51.966666666673525,0.0,84,0
