time_step,passenger_sequence,target_x,target_y,current_x,current_y,current_cell,state
2910,135,11,-2,4.8666666666635825,0.0,27,0
2910,136,8,-1,2.9999999999968527,0.0,29,0
2910,137,6,2,1.9333333333301261,0.0,30,0
2910,138,5,-2,0.9999999999967315,0.0,31,0
2910,139,8,-3,-3.3240354913033343e-12,0.0,32,0
2910,140,9,3,-1.0000000000033862,0.0,33,0
2910,141,9,-3,-2.0666666666701103,0.0,34,0
2910,142,4,-1,-3.0666666666701734,0.0,35,0
2910,143,8,1,-4.133333333336903,0.0,36,0
2910,144,10,-2,-5.133333333336964,0.0,37,0
2910,145,7,-2,-6.133333333337015,0.0,38,0
2910,146,6,-1,-7.26666666667041,0.0,39,0
2910,147,1,-2,-8.266666666670462,0.0,40,0
2910,148,8,3,-9.33333333333719,0.0,41,0
2910,149,7,3,-10.33333333333725,0.0,42,0
2910,150,7,-3,-11.533333333337309,0.0,44,0
2910,151,4,1,-12.53333333333737,0.0,45,0
2910,152,3,-2,-13.600000000004105,0.0,46,0
2910,153,9,-1,-14.666666666670828,0.0,47,0
2910,154,10,-1,-15.666666666670888,0.0,48,0
2910,155,11,1,-16.800000000004285,0.0,49,0
2910,156,5,2,-17.800000000004367,0.0,50,0
2910,157,8,2,-18.866666666671108,0.0,51,0
2910,158,5,1,-19.866666666671183,0.0,52,0
2910,159,1,-3,-20.866666666671264,0.0,53,0
2910,160,10,3,-22.000000000004675,0.0,54,0
2910,161,7,1,-23.00000000000475,0.0,55,0
2910,162,7,2,-24.066666666671484,0.0,56,0
2910,163,10,-3,-25.066666666671562,0.0,57,0
2910,164,5,3,-26.066666666671637,0.0,58,0
2910,165,2,1,-27.06666666667171,0.0,59,0
2910,166,5,-1,-28.133333333338452,0.0,60,0
2910,167,6,-3,-29.133333333338527,0.0,61,0
2910,168,6,3,-30.133333333338605,0.0,62,0
2910,169,11,-3,-31.200000000005343,0.0,63,0
2910,170,4,-2,-32.20000000000542,0.0,64,0
2910,171,2,-2,-33.266666666672165,0.0,65,0
2910,172,10,2,-34.26666666667224,0.0,66,0
2910,173,3,2,-35.26666666667232,0.0,67,0
2910,174,2,-3,-36.33333333333907,0.0,68,0
2910,175,7,-1,-37.33333333333915,0.0,69,0
2910,176,4,-3,-38.333333333339226,0.0,70,0
2910,177,1,-1,-39.333333333339304,0.0,71,0
2910,178,11,-1,-40.46666666667272,0.0,72,0
2910,179,10,1,-41.4666666666728,0.0,73,0
2910,180,11,2,-42.466666666672886,0.0,74,0
2910,181,8,-2,-43.46666666667296,0.0,75,0
2910,182,9,2,-44.466666666673035,0.0,76,0
2910,183,2,-1,-45.46666666667311,0.0,77,0
2910,184,2,3,-46.53333333333986,0.0,79,0
2910,185,11,3,-47.60000000000661,0.0,80,0
2910,186,3,-3,-48.60000000000668,0.0,81,0
2910,187,3,1,-49.60000000000676,0.0,82,0
2910,188,4,3,-50.60000000000684,0.0,83,0
