time_step,passenger_sequence,target_x,target_y,current_x,current_y,current_cell,state
2851,132,9,-2,5.866666666663749,0.0,26,0
2851,134,6,1,2.2333333333303003,0.0,30,0
2851,135,11,-2,1.2999999999969132,0.0,31,0
2851,136,8,-1,0.29999999999685095,0.0,32,0
2851,137,6,2,-0.7666666666698746,0.0,33,0
2851,138,5,-2,-1.7666666666699355,0.0,34,0
2851,139,8,-3,-2.9000000000033257,0.0,35,0
2851,140,9,3,-3.900000000003389,0.0,36,0
2851,141,9,-3,-4.966666666670109,0.0,37,0
2851,142,4,-1,-6.100000000003501,0.0,38,0
2851,143,8,1,-7.1000000000035595,0.0,39,0
2851,144,10,-2,-8.10000000000362,0.0,40,0
2851,145,7,-2,-9.166666666670338,0.0,41,0
2851,146,6,-1,-10.300000000003733,0.0,42,0
2851,147,1,-2,-11.300000000003784,0.0,43,0
2851,148,8,3,-12.43333333333718,0.0,44,0
2851,149,7,3,-13.43333333333724,0.0,45,0
2851,150,7,-3,-14.566666666670631,0.0,47,0
2851,151,4,1,-15.63333333333736,0.0,48,0
2851,152,3,-2,-16.700000000004103,0.0,49,0
2851,153,9,-1,-17.700000000004174,0.0,50,0
2851,154,10,-1,-18.766666666670915,0.0,51,0
2851,155,11,1,-19.766666666670986,0.0,52,0
2851,156,5,2,-20.833333333337734,0.0,53,0
2851,157,8,2,-21.83333333333781,0.0,54,0
2851,158,5,1,-22.90000000000455,0.0,55,0
2851,159,1,-3,-23.90000000000463,0.0,56,0
2851,160,10,3,-24.90000000000471,0.0,57,0
2851,161,7,1,-25.96666666667145,0.0,58,0
2851,162,7,2,-26.966666666671518,0.0,59,0
2851,163,10,-3,-27.966666666671596,0.0,60,0
2851,164,5,3,-28.96666666667167,0.0,61,0
2851,165,2,1,-29.966666666671745,0.0,62,0
2851,166,5,-1,-30.96666666667182,0.0,63,0
2851,167,6,-3,-32.03333333333856,0.0,64,0
2851,168,6,3,-33.033333333338646,0.0,65,0
2851,169,11,-3,-34.033333333338724,0.0,66,0
2851,170,4,-2,-35.0333333333388,0.0,67,0
2851,171,2,-2,-36.03333333333888,0.0,68,0
2851,172,10,2,-37.10000000000563,0.0,69,0
2851,173,3,2,-38.10000000000571,0.0,70,0
2851,174,2,-3,-39.100000000005785,0.0,71,0
2851,175,7,-1,-40.10000000000586,0.0,72,0
2851,176,4,-3,-41.10000000000594,0.0,73,0
2851,177,1,-1,-42.10000000000602,0.0,74,0
2851,178,11,-1,-43.16666666667277,0.0,75,0
2851,179,10,1,-44.166666666672846,0.0,76,0
2851,180,11,2,-45.16666666667293,0.0,77,0
2851,181,8,-2,-46.166666666673,0.0,78,0
2851,182,9,2,-47.16666666667308,0.0,79,0
2851,183,2,-1,-48.16666666667316,0.0,80,0
2851,184,2,3,-49.16666666667324,0.0,81,0
2851,185,11,3,-50.300000000006655,0.0,82,0
2851,186,3,-3,-51.300000000006726,0.0,83,0
2851,187,3,1,-52.300000000006804,0.0,84,0
2851,188,4,3,-53.36666666667355,0.0,85,0
