time_step,passenger_sequence,target_x,target_y,current_x,current_y,current_cell,state
2906,134,6,1,5.69999999999697,0.0,499,3
2906,135,11,-2,3.9333333333302494,0.0,28,0
2906,136,8,-1,2.4666666666635186,0.0,30,0
2906,137,6,2,1.5333333333301258,0.0,30,0
2906,138,5,-2,0.5333333333300649,0.0,31,0
2906,139,8,-3,-0.5333333333366573,0.0,33,0
2906,140,9,3,-1.5333333333367198,0.0,34,0
2906,141,9,-3,-2.6000000000034444,0.0,35,0
2906,142,4,-1,-3.6666666666701744,0.0,36,0
2906,143,8,1,-4.666666666670235,0.0,37,0
2906,144,10,-2,-5.666666666670295,0.0,38,0
2906,145,7,-2,-6.666666666670347,0.0,39,0
2906,146,6,-1,-7.800000000003742,0.0,40,0
2906,147,1,-2,-8.800000000003793,0.0,41,0
2906,148,8,3,-9.866666666670522,0.0,42,0
2906,149,7,3,-10.866666666670582,0.0,43,0
2906,150,7,-3,-12.000000000003974,0.0,44,0
2906,151,4,1,-13.000000000004036,0.0,45,0
2906,152,3,-2,-14.000000000004103,0.0,46,0
2906,153,9,-1,-15.066666666670827,0.0,47,0
2906,154,10,-1,-16.066666666670887,0.0,48,0
2906,155,11,1,-17.20000000000429,0.0,49,0
2906,156,5,2,-18.200000000004373,0.0,50,0
2906,157,8,2,-19.266666666671114,0.0,51,0
2906,158,5,1,-20.333333333337855,0.0,52,0
2906,159,1,-3,-21.333333333337936,0.0,53,0
2906,160,10,3,-22.466666666671347,0.0,54,0
2906,161,7,1,-23.466666666671422,0.0,55,0
2906,162,7,2,-24.600000000004822,0.0,57,0
2906,163,10,-3,-25.6000000000049,0.0,58,0
2906,164,5,3,-26.600000000004975,0.0,59,0
2906,165,2,1,-27.666666666671716,0.0,60,0
2906,166,5,-1,-28.66666666667179,0.0,61,0
2906,167,6,-3,-29.666666666671865,0.0,62,0
2906,168,6,3,-30.666666666671944,0.0,63,0
2906,169,11,-3,-31.666666666672015,0.0,64,0
2906,170,4,-2,-32.73333333333876,0.0,65,0
2906,171,2,-2,-33.80000000000551,0.0,66,0
2906,172,10,2,-34.80000000000559,0.0,67,0
2906,173,3,2,-35.80000000000567,0.0,68,0
2906,174,2,-3,-36.800000000005745,0.0,69,0
2906,175,7,-1,-37.800000000005824,0.0,70,0
2906,176,4,-3,-38.8000000000059,0.0,71,0
2906,177,1,-1,-39.80000000000598,0.0,72,0
2906,178,11,-1,-40.86666666667273,0.0,73,0
2906,179,10,1,-41.866666666672806,0.0,74,0
2906,180,11,2,-42.86666666667289,0.0,75,0
2906,181,8,-2,-43.86666666667296,0.0,76,0
2906,182,9,2,-44.86666666667304,0.0,77,0
2906,183,2,-1,-45.86666666667312,0.0,78,0
2906,184,2,3,-46.93333333333987,0.0,79,0
2906,185,11,3,-48.000000000006615,0.0,80,0
2906,186,3,-3,-49.000000000006686,0.0,81,0
2906,187,3,1,-50.000000000006764,0.0,82,0
2906,188,4,3,-51.00000000000684,0.0,83,0
