time_step,passenger_sequence,target_x,target_y,current_x,current_y,current_cell,state
2881,134,6,1,4.066666666663636,0.0,28,0
2881,135,11,-2,2.599999999996914,0.0,29,0
2881,136,8,-1,1.6666666666635181,0.0,30,0
2881,137,6,2,0.6666666666634586,0.0,31,0
2881,138,5,-2,-0.33333333333660176,0.0,32,0
2881,139,8,-3,-1.4000000000033241,0.0,33,0
2881,140,9,3,-2.4000000000033874,0.0,34,0
2881,141,9,-3,-3.466666666670112,0.0,35,0
2881,142,4,-1,-4.600000000003506,0.0,37,0
2881,143,8,1,-5.600000000003565,0.0,38,0
2881,144,10,-2,-6.600000000003625,0.0,39,0
2881,145,7,-2,-7.666666666670343,0.0,40,0
2881,146,6,-1,-8.800000000003738,0.0,41,0
2881,147,1,-2,-9.80000000000379,0.0,42,0
2881,148,8,3,-10.866666666670518,0.0,43,0
2881,149,7,3,-11.866666666670579,0.0,44,0
2881,150,7,-3,-12.933333333337304,0.0,45,0
2881,151,4,1,-14.000000000004032,0.0,46,0
2881,152,3,-2,-15.0000000000041,0.0,47,0
2881,153,9,-1,-16.066666666670823,0.0,48,0
2881,154,10,-1,-17.066666666670898,0.0,49,0
2881,155,11,1,-18.133333333337635,0.0,50,0
2881,156,5,2,-19.200000000004383,0.0,51,0
2881,157,8,2,-20.200000000004458,0.0,52,0
2881,158,5,1,-21.333333333337865,0.0,53,0
2881,159,1,-3,-22.333333333337947,0.0,54,0
2881,160,10,3,-23.40000000000469,0.0,55,0
2881,161,7,1,-24.400000000004766,0.0,56,0
2881,162,7,2,-25.533333333338167,0.0,58,0
2881,163,10,-3,-26.533333333338245,0.0,59,0
2881,164,5,3,-27.53333333333832,0.0,60,0
2881,165,2,1,-28.60000000000506,0.0,61,0
2881,166,5,-1,-29.600000000005135,0.0,62,0
2881,167,6,-3,-30.60000000000521,0.0,63,0
2881,168,6,3,-31.600000000005288,0.0,64,0
2881,169,11,-3,-32.600000000005366,0.0,65,0
2881,170,4,-2,-33.600000000005444,0.0,66,0
2881,171,2,-2,-34.66666666667219,0.0,67,0
2881,172,10,2,-35.66666666667227,0.0,68,0
2881,173,3,2,-36.66666666667235,0.0,69,0
2881,174,2,-3,-37.66666666667243,0.0,70,0
2881,175,7,-1,-38.666666666672505,0.0,71,0
2881,176,4,-3,-39.73333333333925,0.0,72,0
2881,177,1,-1,-40.73333333333933,0.0,73,0
2881,178,11,-1,-41.80000000000608,0.0,74,0
2881,179,10,1,-42.80000000000616,0.0,75,0
2881,180,11,2,-43.80000000000624,0.0,76,0
2881,181,8,-2,-44.800000000006314,0.0,77,0
2881,182,9,2,-45.80000000000639,0.0,78,0
2881,183,2,-1,-46.80000000000647,0.0,79,0
2881,184,2,3,-47.80000000000655,0.0,80,0
2881,185,11,3,-48.8666666666733,0.0,81,0
2881,186,3,-3,-49.86666666667337,0.0,82,0
2881,187,3,1,-50.866666666673446,0.0,83,0
2881,188,4,3,-51.866666666673524,0.0,84,0
