time_step,passenger_sequence,target_x,target_y,current_x,current_y,current_cell,state
3008,140,9,3,3.2999999999966163,0.0,29,0
3008,141,9,-3,2.099999999996558,0.0,30,0
3008,142,4,-1,1.1666666666631615,0.0,31,0
3008,143,8,1,0.1666666666630994,0.0,32,0
3008,144,10,-2,-0.8333333333369648,0.0,33,0
3008,145,7,-2,-1.8333333333370203,0.0,34,0
3008,146,6,-1,-2.900000000003754,0.0,35,0
3008,147,1,-2,-3.90000000000381,0.0,36,0
3008,148,8,3,-4.900000000003873,0.0,37,0
3008,149,7,3,-5.900000000003933,0.0,38,0
3008,150,7,-3,-6.900000000003992,0.0,39,0
3008,151,4,1,-7.96666666667072,0.0,40,0
3008,152,3,-2,-8.966666666670788,0.0,41,0
3008,153,9,-1,-9.966666666670845,0.0,42,0
3008,154,10,-1,-11.033333333337572,0.0,43,0
3008,155,11,1,-12.033333333337625,0.0,44,0
3008,156,5,2,-13.033333333337692,0.0,45,0
3008,157,8,2,-14.10000000000442,0.0,46,0
3008,158,5,1,-15.166666666671142,0.0,47,0
3008,159,1,-3,-16.16666666667121,0.0,48,0
3008,160,10,3,-17.16666666667129,0.0,49,0
3008,161,7,1,-18.166666666671365,0.0,50,0
3008,162,7,2,-19.300000000004765,0.0,51,0
3008,163,10,-3,-20.433333333338176,0.0,52,0
3008,164,5,3,-21.500000000004917,0.0,54,0
3008,165,2,1,-22.50000000000499,0.0,55,0
3008,166,5,-1,-23.500000000005066,0.0,56,0
3008,167,6,-3,-24.566666666671807,0.0,57,0
3008,168,6,3,-25.70000000000522,0.0,58,0
3008,169,11,-3,-26.766666666671956,0.0,59,0
3008,170,4,-2,-27.76666666667203,0.0,60,0
3008,171,2,-2,-28.766666666672105,0.0,61,0
3008,172,10,2,-29.766666666672176,0.0,62,0
3008,173,3,2,-30.833333333338913,0.0,63,0
3008,174,2,-3,-31.900000000005654,0.0,64,0
3008,175,7,-1,-32.90000000000573,0.0,65,0
3008,176,4,-3,-33.90000000000581,0.0,66,0
3008,177,1,-1,-34.90000000000589,0.0,67,0
3008,178,11,-1,-35.96666666667264,0.0,68,0
3008,179,10,1,-36.966666666672715,0.0,69,0
3008,180,11,2,-37.9666666666728,0.0,70,0
3008,181,8,-2,-39.03333333333954,0.0,71,0
3008,182,9,2,-40.03333333333962,0.0,72,0
3008,183,2,-1,-41.10000000000637,0.0,73,0
3008,184,2,3,-42.100000000006446,0.0,74,0
3008,185,11,3,-43.100000000006524,0.0,75,0
3008,186,3,-3,-44.166666666673265,0.0,76,0
3008,187,3,1,-45.16666666667334,0.0,77,0
3008,188,4,3,-46.16666666667342,0.0,78,0
