time_step,passenger_sequence,target_x,target_y,current_x,current_y,current_cell,state
3574,163,10,-3,9.099999999995152,0.0,23,0
3574,166,5,-1,3.1999999999949846,0.0,29,0
3574,167,6,-3,2.2666666666615862,0.0,30,0
3574,168,6,3,1.3333333333281885,0.0,31,0
3574,169,11,-3,0.3999999999947965,0.0,32,0
3574,170,4,-2,-0.6000000000052659,0.0,33,0
3574,171,2,-2,-1.6000000000053265,0.0,34,0
3574,172,10,2,-2.600000000005388,0.0,35,0
3574,173,3,2,-3.600000000005446,0.0,36,0
3574,174,2,-3,-4.600000000005506,0.0,37,0
3574,175,7,-1,-5.600000000005561,0.0,38,0
3574,176,4,-3,-6.600000000005615,0.0,39,0
3574,177,1,-1,-7.60000000000567,0.0,40,0
3574,178,11,-1,-8.600000000005725,0.0,41,0
3574,179,10,1,-9.600000000005778,0.0,42,0
3574,180,11,2,-10.600000000005844,0.0,43,0
3574,181,8,-2,-11.600000000005888,0.0,44,0
3574,182,9,2,-12.600000000005945,0.0,45,0
3574,183,2,-1,-13.600000000006,0.0,46,0
3574,184,2,3,-14.600000000006055,0.0,47,0
3574,185,11,3,-15.600000000006109,0.0,48,0
3574,186,3,-3,-16.60000000000617,0.0,49,0
3574,187,3,1,-17.600000000006244,0.0,50,0
3574,188,4,3,-18.600000000006315,0.0,51,0
