time_step,passenger_sequence,target_x,target_y,current_x,current_y,current_cell,state
3809,175,7,-1,5.8999999999944315,0.0,26,0
3809,178,11,-1,0.8999999999942617,0.0,31,0
3809,179,10,1,-0.03333333333912861,0.0,32,0
3809,180,11,2,-1.0333333333391976,0.0,33,0
3809,181,8,-2,-2.0333333333392463,0.0,34,0
3809,182,9,2,-3.033333333339308,0.0,35,0
3809,183,2,-1,-4.0333333333393675,0.0,36,0
3809,184,2,3,-5.033333333339423,0.0,37,0
3809,185,11,3,-6.033333333339476,0.0,38,0
3809,186,3,-3,-7.033333333339527,0.0,39,0
3809,187,3,1,-8.033333333339586,0.0,40,0
3809,188,4,3,-9.03333333333964,0.0,41,0
