time_step,passenger_sequence,target_x,target_y,current_x,current_y,current_cell,state
3812,175,7,-1,6.19999999999443,0.0,26,0
3812,178,11,-1,1.1999999999942619,0.0,31,0
3812,179,10,1,0.2666666666608714,0.0,32,0
3812,180,11,2,-0.7333333333391977,0.0,33,0
3812,181,8,-2,-1.733333333339246,0.0,34,0
3812,182,9,2,-2.7333333333393077,0.0,35,0
3812,183,2,-1,-3.7333333333393672,0.0,36,0
3812,184,2,3,-4.733333333339424,0.0,37,0
3812,185,11,3,-5.733333333339477,0.0,38,0
3812,186,3,-3,-6.733333333339528,0.0,39,0
3812,187,3,1,-7.733333333339587,0.0,40,0
3812,188,4,3,-8.73333333333964,0.0,41,0
