time_step,passenger_sequence,target_x,target_y,current_x,current_y,current_cell,state
3018,140,9,3,4.966666666663281,0.0,27,0
3018,141,9,-3,3.3666666666632263,0.0,29,0
3018,142,4,-1,2.166666666663162,0.0,30,0
3018,143,8,1,1.2333333333297662,0.0,31,0
3018,144,10,-2,0.23333333332970177,0.0,32,0
3018,145,7,-2,-0.7666666666703531,0.0,33,0
3018,146,6,-1,-1.7666666666704192,0.0,34,0
3018,147,1,-2,-2.7666666666704756,0.0,35,0
3018,148,8,3,-3.766666666670542,0.0,36,0
3018,149,7,3,-4.766666666670604,0.0,37,0
3018,150,7,-3,-5.833333333337329,0.0,38,0
3018,151,4,1,-6.9000000000040576,0.0,39,0
3018,152,3,-2,-7.900000000004125,0.0,40,0
3018,153,9,-1,-8.900000000004182,0.0,41,0
3018,154,10,-1,-9.900000000004242,0.0,42,0
3018,155,11,1,-10.900000000004296,0.0,43,0
3018,156,5,2,-11.900000000004363,0.0,44,0
3018,157,8,2,-12.96666666667109,0.0,45,0
3018,158,5,1,-14.033333333337813,0.0,46,0
3018,159,1,-3,-15.03333333333788,0.0,47,0
3018,160,10,3,-16.033333333337943,0.0,48,0
3018,161,7,1,-17.033333333338017,0.0,49,0
3018,162,7,2,-18.166666666671418,0.0,50,0
3018,163,10,-3,-19.166666666671496,0.0,51,0
3018,164,5,3,-20.16666666667157,0.0,52,0
3018,165,2,1,-21.166666666671645,0.0,53,0
3018,166,5,-1,-22.233333333338386,0.0,54,0
3018,167,6,-3,-23.366666666671794,0.0,55,0
3018,168,6,3,-24.500000000005205,0.0,57,0
3018,169,11,-3,-25.500000000005276,0.0,58,0
3018,170,4,-2,-26.50000000000535,0.0,59,0
3018,171,2,-2,-27.56666666667209,0.0,60,0
3018,172,10,2,-28.63333333333883,0.0,61,0
3018,173,3,2,-29.700000000005566,0.0,62,0
3018,174,2,-3,-30.766666666672307,0.0,63,0
3018,175,7,-1,-31.76666666667238,0.0,64,0
3018,176,4,-3,-32.76666666667246,0.0,65,0
3018,177,1,-1,-33.766666666672535,0.0,66,0
3018,178,11,-1,-34.83333333333928,0.0,67,0
3018,179,10,1,-35.83333333333936,0.0,68,0
3018,180,11,2,-36.833333333339446,0.0,69,0
3018,181,8,-2,-37.90000000000619,0.0,70,0
3018,182,9,2,-38.900000000006266,0.0,71,0
3018,183,2,-1,-39.966666666673014,0.0,72,0
3018,184,2,3,-40.96666666667309,0.0,73,0
3018,185,11,3,-41.96666666667317,0.0,74,0
3018,186,3,-3,-43.03333333333991,0.0,75,0
3018,187,3,1,-44.03333333333999,0.0,76,0
3018,188,4,3,-45.03333333334007,0.0,77,0
