time_step,passenger_sequence,target_x,target_y,current_x,current_y,current_cell,state
3203,148,8,3,5.499999999996124,0.0,27,0
3203,149,7,3,2.8666666666627307,0.0,29,0
3203,150,7,-3,1.9333333333293348,0.0,30,0
3203,151,4,1,0.999999999995935,0.0,31,0
3203,152,3,-2,0.06666666666253052,0.0,32,0
3203,153,9,-1,-0.9333333333375297,0.0,33,0
3203,154,10,-1,-1.9333333333375942,0.0,34,0
3203,155,11,1,-2.9333333333376523,0.0,35,0
3203,156,5,2,-3.9333333333377243,0.0,36,0
3203,157,8,2,-4.933333333337785,0.0,37,0
3203,158,5,1,-5.933333333337842,0.0,38,0
3203,159,1,-3,-6.9333333333379095,0.0,39,0
3203,160,10,3,-7.933333333337972,0.0,40,0
3203,161,7,1,-8.93333333333803,0.0,41,0
3203,162,7,2,-9.93333333333808,0.0,42,0
3203,163,10,-3,-11.00000000000481,0.0,43,0
3203,164,5,3,-12.000000000004867,0.0,44,0
3203,165,2,1,-13.000000000004928,0.0,45,0
3203,166,5,-1,-14.000000000004984,0.0,46,0
3203,167,6,-3,-15.000000000005045,0.0,47,0
3203,168,6,3,-16.000000000005105,0.0,48,0
3203,169,11,-3,-17.000000000005176,0.0,49,0
3203,170,4,-2,-18.066666666671917,0.0,50,0
3203,171,2,-2,-19.066666666671992,0.0,51,0
3203,172,10,2,-20.066666666672063,0.0,52,0
3203,173,3,2,-21.066666666672134,0.0,53,0
3203,174,2,-3,-22.06666666667221,0.0,54,0
3203,175,7,-1,-23.133333333338946,0.0,55,0
3203,176,4,-3,-24.133333333339017,0.0,56,0
3203,177,1,-1,-25.13333333333909,0.0,57,0
3203,178,11,-1,-26.200000000005826,0.0,58,0
3203,179,10,1,-27.200000000005897,0.0,59,0
3203,180,11,2,-28.20000000000598,0.0,60,0
3203,181,8,-2,-29.266666666672705,0.0,61,0
3203,182,9,2,-30.400000000006113,0.0,62,0
3203,183,2,-1,-31.400000000006184,0.0,63,0
3203,184,2,3,-32.40000000000626,0.0,64,0
3203,185,11,3,-33.40000000000634,0.0,65,0
3203,186,3,-3,-34.53333333333975,0.0,67,0
3203,187,3,1,-35.600000000006496,0.0,68,0
3203,188,4,3,-36.666666666673244,0.0,69,0
