time_step,passenger_sequence,target_x,target_y,current_x,current_y,current_cell,state
3025,140,9,3,6.266666666663278,0.0,26,0
3025,141,9,-3,4.533333333329892,0.0,27,0
3025,142,4,-1,2.9999999999964966,0.0,29,0
3025,143,8,1,1.9333333333297669,0.0,30,0
3025,144,10,-2,0.9999999999963683,0.0,31,0
3025,145,7,-2,-3.686523308843448e-12,0.0,32,0
3025,146,6,-1,-1.0000000000037519,0.0,33,0
3025,147,1,-2,-2.000000000003808,0.0,34,0
3025,148,8,3,-3.0000000000038747,0.0,35,0
3025,149,7,3,-4.00000000000394,0.0,36,0
3025,150,7,-3,-5.000000000003999,0.0,37,0
3025,151,4,1,-6.066666666670727,0.0,38,0
3025,152,3,-2,-7.066666666670795,0.0,39,0
3025,153,9,-1,-8.066666666670852,0.0,40,0
3025,154,10,-1,-9.066666666670912,0.0,41,0
3025,155,11,1,-10.066666666670965,0.0,42,0
3025,156,5,2,-11.066666666671033,0.0,43,0
3025,157,8,2,-12.13333333333776,0.0,44,0
3025,158,5,1,-13.200000000004483,0.0,45,0
3025,159,1,-3,-14.20000000000455,0.0,46,0
3025,160,10,3,-15.200000000004612,0.0,47,0
3025,161,7,1,-16.200000000004675,0.0,48,0
3025,162,7,2,-17.40000000000474,0.0,49,0
3025,163,10,-3,-18.40000000000482,0.0,50,0
3025,164,5,3,-19.400000000004894,0.0,51,0
3025,165,2,1,-20.40000000000497,0.0,52,0
3025,166,5,-1,-21.533333333338376,0.0,54,0
3025,167,6,-3,-22.600000000005117,0.0,55,0
3025,168,6,3,-23.666666666671862,0.0,56,0
3025,169,11,-3,-24.666666666671933,0.0,57,0
3025,170,4,-2,-25.666666666672008,0.0,58,0
3025,171,2,-2,-26.73333333333875,0.0,59,0
3025,172,10,2,-27.800000000005486,0.0,60,0
3025,173,3,2,-28.866666666672224,0.0,61,0
3025,174,2,-3,-29.866666666672298,0.0,62,0
3025,175,7,-1,-30.86666666667237,0.0,63,0
3025,176,4,-3,-31.933333333339107,0.0,64,0
3025,177,1,-1,-32.933333333339185,0.0,65,0
3025,178,11,-1,-34.00000000000593,0.0,66,0
3025,179,10,1,-35.00000000000601,0.0,67,0
3025,180,11,2,-36.0000000000061,0.0,68,0
3025,181,8,-2,-37.06666666667284,0.0,69,0
3025,182,9,2,-38.066666666672916,0.0,70,0
3025,183,2,-1,-39.133333333339664,0.0,71,0
3025,184,2,3,-40.13333333333974,0.0,72,0
3025,185,11,3,-41.13333333333982,0.0,73,0
3025,186,3,-3,-42.20000000000656,0.0,74,0
3025,187,3,1,-43.20000000000664,0.0,75,0
3025,188,4,3,-44.20000000000672,0.0,76,0
