time_step,passenger_sequence,target_x,target_y,current_x,current_y,current_cell,state
3529,160,10,3,9.599999999995333,0.0,22,2
3529,162,7,2,5.933333333328564,0.0,26,1
3529,163,10,-3,4.9999999999951665,0.0,27,1
3529,164,5,3,4.066666666661776,0.0,28,1
3529,166,5,-1,0.8999999999949829,0.0,31,1
3529,167,6,-3,-0.03333333333841451,0.0,32,1
3529,168,6,3,-1.0333333333384782,0.0,33,1
3529,169,11,-3,-2.0333333333385375,0.0,34,1
3529,170,4,-2,-3.033333333338601,0.0,35,1
3529,171,2,-2,-4.033333333338662,0.0,36,1
3529,172,10,2,-5.033333333338719,0.0,37,1
3529,173,3,2,-6.033333333338772,0.0,38,1
3529,174,2,-3,-7.033333333338831,0.0,39,1
3529,175,7,-1,-8.033333333338886,0.0,40,1
3529,176,4,-3,-9.03333333333894,0.0,41,1
3529,177,1,-1,-10.033333333338994,0.0,42,1
3529,178,11,-1,-11.03333333333905,0.0,43,1
3529,179,10,1,-12.033333333339103,0.0,44,1
3529,180,11,2,-13.033333333339169,0.0,45,1
3529,181,8,-2,-14.033333333339213,0.0,46,1
3529,182,9,2,-15.03333333333927,0.0,47,1
3529,183,2,-1,-16.033333333339325,0.0,48,1
3529,184,2,3,-17.033333333339396,0.0,49,1
3529,185,11,3,-18.033333333339467,0.0,50,1
3529,186,3,-3,-19.033333333339534,0.0,51,1
3529,187,3,1,-20.03333333333961,0.0,52,1
3529,188,4,3,-21.03333333333968,0.0,53,1
