time_step,passenger_sequence,target_x,target_y,current_x,current_y,current_cell,state
3444,160,10,3,2.2999999999953515,0.0,30,0
3444,161,7,1,1.3666666666619551,0.0,31,0
3444,162,7,2,0.4333333333285685,0.0,32,0
3444,163,10,-3,-0.5666666666714989,0.0,33,0
3444,164,5,3,-1.5666666666715598,0.0,34,0
3444,165,2,1,-2.5666666666716247,0.0,35,0
3444,166,5,-1,-3.566666666671686,0.0,36,0
3444,167,6,-3,-4.566666666671749,0.0,37,0
3444,168,6,3,-5.566666666671809,0.0,38,0
3444,169,11,-3,-6.566666666671864,0.0,39,0
3444,170,4,-2,-7.566666666671923,0.0,40,0
3444,171,2,-2,-8.56666666667198,0.0,41,0
3444,172,10,2,-9.566666666672036,0.0,42,0
3444,173,3,2,-10.56666666667209,0.0,43,0
3444,174,2,-3,-11.566666666672148,0.0,44,0
3444,175,7,-1,-12.566666666672203,0.0,45,0
3444,176,4,-3,-13.566666666672257,0.0,46,0
3444,177,1,-1,-14.566666666672312,0.0,47,0
3444,178,11,-1,-15.566666666672367,0.0,48,0
3444,179,10,1,-16.56666666667243,0.0,49,0
3444,180,11,2,-17.56666666667251,0.0,50,0
3444,181,8,-2,-18.56666666667257,0.0,51,0
3444,182,9,2,-19.566666666672646,0.0,52,0
3444,183,2,-1,-20.566666666672717,0.0,53,0
3444,184,2,3,-21.566666666672788,0.0,54,0
3444,185,11,3,-22.56666666667286,0.0,55,0
3444,186,3,-3,-23.566666666672926,0.0,56,0
3444,187,3,1,-24.633333333339667,0.0,57,0
3444,188,4,3,-25.63333333333974,0.0,58,0
