time_step,passenger_sequence,target_x,target_y,current_x,current_y,current_cell,state
3961,180,11,2,9.133333333327453,0.0,23,0
3961,182,9,2,7.166666666660685,0.0,25,0
3961,185,11,3,2.6666666666605208,0.0,29,0
3961,186,3,-3,1.733333333327132,0.0,30,0
3961,187,3,1,0.7999999999937359,0.0,31,0
3961,188,4,3,-0.13333333333965441,0.0,32,0
