time_step,passenger_sequence,target_x,target_y,current_x,current_y,current_cell,state
3633,167,6,-3,4.766666666661585,0.0,27,0
3633,168,6,3,3.8333333333281905,0.0,28,0
3633,169,11,-3,2.899999999994798,0.0,29,0
3633,170,4,-2,1.9666666666614014,0.0,30,0
3633,171,2,-2,1.033333333328007,0.0,31,0
3633,172,10,2,0.09999999999461351,0.0,32,0
3633,173,3,2,-0.9000000000054434,0.0,33,0
3633,174,2,-3,-1.9000000000055062,0.0,34,0
3633,175,7,-1,-2.9000000000055657,0.0,35,0
3633,176,4,-3,-3.900000000005624,0.0,36,0
3633,177,1,-1,-4.900000000005679,0.0,37,0
3633,178,11,-1,-5.900000000005734,0.0,38,0
3633,179,10,1,-6.900000000005788,0.0,39,0
3633,180,11,2,-7.9000000000058535,0.0,40,0
3633,181,8,-2,-8.900000000005898,0.0,41,0
3633,182,9,2,-9.900000000005955,0.0,42,0
3633,183,2,-1,-10.90000000000601,0.0,43,0
3633,184,2,3,-11.900000000006065,0.0,44,0
3633,185,11,3,-12.900000000006118,0.0,45,0
3633,186,3,-3,-13.90000000000617,0.0,46,0
3633,187,3,1,-14.900000000006228,0.0,47,0
3633,188,4,3,-15.900000000006282,0.0,48,0
