time_step,passenger_sequence,target_x,target_y,current_x,current_y,current_cell,state
3813,175,7,-1,6.29999999999443,0.0,26,0
3813,178,11,-1,1.299999999994262,0.0,31,0
3813,179,10,1,0.36666666666087144,0.0,32,0
3813,180,11,2,-0.6333333333391977,0.0,33,0
3813,181,8,-2,-1.633333333339246,0.0,34,0
3813,182,9,2,-2.6333333333393076,0.0,35,0
3813,183,2,-1,-3.633333333339367,0.0,36,0
3813,184,2,3,-4.633333333339424,0.0,37,0
3813,185,11,3,-5.633333333339477,0.0,38,0
3813,186,3,-3,-6.633333333339529,0.0,39,0
3813,187,3,1,-7.633333333339587,0.0,40,0
3813,188,4,3,-8.63333333333964,0.0,41,0
