time_step,passenger_sequence,target_x,target_y,current_x,current_y,current_cell,state
3892,178,11,-1,9.199999999994246,0.0,23,0
3892,179,10,1,6.566666666660865,0.0,25,0
3892,180,11,2,5.6333333333274656,0.0,26,0
3892,181,8,-2,4.699999999994088,0.0,27,0
3892,182,9,2,3.766666666660696,0.0,28,0
3892,183,2,-1,1.5333333333273023,0.0,30,2
3892,184,2,3,0.4999999999939101,0.0,32,1
3892,185,11,3,-0.500000000006147,0.0,33,1
3892,186,3,-3,-1.5000000000062021,0.0,34,1
3892,187,3,1,-2.500000000006265,0.0,35,1
3892,188,4,3,-3.5000000000063234,0.0,36,1
