time_step,passenger_sequence,target_x,target_y,current_x,current_y,current_cell,state
3389,155,11,1,7.566666666662339,0.0,24,0
3389,157,8,2,5.699999999995544,0.0,26,0
3389,158,5,1,3.566666666662156,0.0,28,0
3389,160,10,3,0.4999999999953507,0.0,32,0
3389,161,7,1,-0.5000000000047117,0.0,33,0
3389,162,7,2,-1.500000000004765,0.0,34,0
3389,163,10,-3,-2.5000000000048335,0.0,35,0
3389,164,5,3,-3.500000000004895,0.0,36,0
3389,165,2,1,-4.500000000004958,0.0,37,0
3389,166,5,-1,-5.500000000005015,0.0,38,0
3389,167,6,-3,-6.500000000005075,0.0,39,0
3389,168,6,3,-7.5000000000051354,0.0,40,0
3389,169,11,-3,-8.50000000000519,0.0,41,0
3389,170,4,-2,-9.50000000000525,0.0,42,0
3389,171,2,-2,-10.500000000005306,0.0,43,0
3389,172,10,2,-11.500000000005363,0.0,44,0
3389,173,3,2,-12.500000000005416,0.0,45,0
3389,174,2,-3,-13.500000000005475,0.0,46,0
3389,175,7,-1,-14.50000000000553,0.0,47,0
3389,176,4,-3,-15.500000000005583,0.0,48,0
3389,177,1,-1,-16.500000000005645,0.0,49,0
3389,178,11,-1,-17.500000000005716,0.0,50,0
3389,179,10,1,-18.500000000005787,0.0,51,0
3389,180,11,2,-19.50000000000587,0.0,52,0
3389,181,8,-2,-20.50000000000593,0.0,53,0
3389,182,9,2,-21.500000000006004,0.0,54,0
3389,183,2,-1,-22.56666666667274,0.0,55,0
3389,184,2,3,-23.566666666672813,0.0,56,0
3389,185,11,3,-24.566666666672884,0.0,57,0
3389,186,3,-3,-25.56666666667295,0.0,58,0
3389,187,3,1,-26.566666666673026,0.0,59,0
3389,188,4,3,-27.566666666673097,0.0,60,0
