time_step,passenger_sequence,target_x,target_y,current_x,current_y,current_cell,state
3204,148,8,3,5.599999999996124,0.0,26,0
3204,149,7,3,2.966666666662731,0.0,29,0
3204,150,7,-3,2.0333333333293346,0.0,30,0
3204,151,4,1,1.0999999999959351,0.0,31,0
3204,152,3,-2,0.16666666666253052,0.0,32,0
3204,153,9,-1,-0.8333333333375297,0.0,33,0
3204,154,10,-1,-1.833333333337594,0.0,34,0
3204,155,11,1,-2.8333333333376522,0.0,35,0
3204,156,5,2,-3.833333333337724,0.0,36,0
3204,157,8,2,-4.8333333333377855,0.0,37,0
3204,158,5,1,-5.833333333337842,0.0,38,0
3204,159,1,-3,-6.83333333333791,0.0,39,0
3204,160,10,3,-7.833333333337972,0.0,40,0
3204,161,7,1,-8.83333333333803,0.0,41,0
3204,162,7,2,-9.83333333333808,0.0,42,0
3204,163,10,-3,-10.90000000000481,0.0,43,0
3204,164,5,3,-11.900000000004868,0.0,44,0
3204,165,2,1,-12.900000000004928,0.0,45,0
3204,166,5,-1,-13.900000000004985,0.0,46,0
3204,167,6,-3,-14.900000000005045,0.0,47,0
3204,168,6,3,-15.900000000005106,0.0,48,0
3204,169,11,-3,-16.900000000005175,0.0,49,0
3204,170,4,-2,-17.966666666671916,0.0,50,0
3204,171,2,-2,-18.96666666667199,0.0,51,0
3204,172,10,2,-19.96666666667206,0.0,52,0
3204,173,3,2,-20.966666666672133,0.0,53,0
3204,174,2,-3,-21.966666666672207,0.0,54,0
3204,175,7,-1,-23.033333333338945,0.0,55,0
3204,176,4,-3,-24.033333333339016,0.0,56,0
3204,177,1,-1,-25.033333333339087,0.0,57,0
3204,178,11,-1,-26.100000000005824,0.0,58,0
3204,179,10,1,-27.100000000005895,0.0,59,0
3204,180,11,2,-28.100000000005977,0.0,60,0
3204,181,8,-2,-29.166666666672704,0.0,61,0
3204,182,9,2,-30.233333333339445,0.0,62,0
3204,183,2,-1,-31.233333333339516,0.0,63,0
3204,184,2,3,-32.23333333333959,0.0,64,0
3204,185,11,3,-33.233333333339665,0.0,65,0
3204,186,3,-3,-34.366666666673076,0.0,66,0
3204,187,3,1,-35.433333333339824,0.0,67,0
3204,188,4,3,-36.50000000000657,0.0,69,0
