time_step,passenger_sequence,target_x,target_y,current_x,current_y,current_cell,state
3877,178,11,-1,7.699999999994251,0.0,24,0
3877,179,10,1,5.06666666666087,0.0,27,0
3877,180,11,2,4.133333333327471,0.0,28,0
3877,181,8,-2,3.1999999999940894,0.0,29,0
3877,182,9,2,2.2666666666606945,0.0,30,0
3877,183,2,-1,1.333333333327302,0.0,31,0
3877,184,2,3,0.3999999999939101,0.0,32,0
3877,185,11,3,-0.600000000006147,0.0,33,0
3877,186,3,-3,-1.6000000000062022,0.0,34,0
3877,187,3,1,-2.6000000000062653,0.0,35,0
3877,188,4,3,-3.6000000000063235,0.0,36,0
