time_step,passenger_sequence,target_x,target_y,current_x,current_y,current_cell,state
3884,178,11,-1,8.399999999994249,0.0,24,0
3884,179,10,1,5.766666666660868,0.0,26,0
3884,180,11,2,4.833333333327468,0.0,27,0
3884,181,8,-2,3.89999999999409,0.0,28,0
3884,182,9,2,2.966666666660695,0.0,29,0
3884,183,2,-1,1.5333333333273023,0.0,30,2
3884,184,2,3,0.4999999999939101,0.0,32,1
3884,185,11,3,-0.500000000006147,0.0,33,1
3884,186,3,-3,-1.5000000000062021,0.0,34,1
3884,187,3,1,-2.500000000006265,0.0,35,1
3884,188,4,3,-3.5000000000063234,0.0,36,1
