time_step,passenger_sequence,target_x,target_y,current_x,current_y,current_cell,state
3197,148,8,3,4.899999999996126,0.0,27,0
3197,149,7,3,2.26666666666273,0.0,30,0
3197,150,7,-3,1.3333333333293342,0.0,31,0
3197,151,4,1,0.39999999999593516,0.0,32,0
3197,152,3,-2,-0.6000000000041361,0.0,33,0
3197,153,9,-1,-1.6000000000041967,0.0,34,0
3197,154,10,-1,-2.6000000000042616,0.0,35,0
3197,155,11,1,-3.6000000000043197,0.0,36,0
3197,156,5,2,-4.600000000004389,0.0,37,0
3197,157,8,2,-5.600000000004449,0.0,38,0
3197,158,5,1,-6.600000000004506,0.0,39,0
3197,159,1,-3,-7.600000000004574,0.0,40,0
3197,160,10,3,-8.600000000004636,0.0,41,0
3197,161,7,1,-9.600000000004695,0.0,42,0
3197,162,7,2,-10.600000000004744,0.0,43,0
3197,163,10,-3,-11.666666666671475,0.0,44,0
3197,164,5,3,-12.666666666671532,0.0,45,0
3197,165,2,1,-13.666666666671592,0.0,46,0
3197,166,5,-1,-14.666666666671649,0.0,47,0
3197,167,6,-3,-15.66666666667171,0.0,48,0
3197,168,6,3,-16.66666666667178,0.0,49,0
3197,169,11,-3,-17.66666666667185,0.0,50,0
3197,170,4,-2,-18.80000000000526,0.0,51,0
3197,171,2,-2,-19.800000000005333,0.0,52,0
3197,172,10,2,-20.800000000005404,0.0,53,0
3197,173,3,2,-21.800000000005475,0.0,54,0
3197,174,2,-3,-22.80000000000555,0.0,55,0
3197,175,7,-1,-23.866666666672288,0.0,56,0
3197,176,4,-3,-24.86666666667236,0.0,57,0
3197,177,1,-1,-25.86666666667243,0.0,58,0
3197,178,11,-1,-26.933333333339167,0.0,59,0
3197,179,10,1,-27.933333333339238,0.0,60,0
3197,180,11,2,-28.93333333333932,0.0,61,0
3197,181,8,-2,-30.000000000006047,0.0,62,0
3197,182,9,2,-31.066666666672788,0.0,63,0
3197,183,2,-1,-32.06666666667286,0.0,64,0
3197,184,2,3,-33.06666666667294,0.0,65,0
3197,185,11,3,-34.066666666673015,0.0,66,0
3197,186,3,-3,-35.133333333339756,0.0,67,0
3197,187,3,1,-36.200000000006504,0.0,68,0
3197,188,4,3,-37.26666666667325,0.0,69,0
