time_step,passenger_sequence,target_x,target_y,current_x,current_y,current_cell,state
3835,178,11,-1,3.4999999999942637,0.0,29,0
3835,179,10,1,0.8666666666608713,0.0,31,0
3835,180,11,2,-0.06666666667253113,0.0,32,0
3835,181,8,-2,-1.0666666666725788,0.0,33,0
3835,182,9,2,-2.0666666666726403,0.0,34,0
3835,183,2,-1,-3.0666666666727,0.0,35,0
3835,184,2,3,-4.066666666672759,0.0,36,0
3835,185,11,3,-5.066666666672813,0.0,37,0
3835,186,3,-3,-6.066666666672864,0.0,38,0
3835,187,3,1,-7.066666666672923,0.0,39,0
3835,188,4,3,-8.066666666672976,0.0,40,0
