time_step,passenger_sequence,target_x,target_y,current_x,current_y,current_cell,state
3902,178,11,-1,10.199999999994242,0.0,22,0
3902,179,10,1,7.566666666660861,0.0,24,0
3902,180,11,2,6.633333333327462,0.0,25,0
3902,181,8,-2,5.699999999994084,0.0,26,0
3902,182,9,2,4.766666666660694,0.0,27,0
3902,184,2,3,1.1999999999939102,0.0,31,0
3902,185,11,3,0.2666666666605197,0.0,32,0
3902,186,3,-3,-0.7333333333395352,0.0,33,0
3902,187,3,1,-1.7333333333395977,0.0,34,0
3902,188,4,3,-2.733333333339656,0.0,35,0
