time_step,passenger_sequence,target_x,target_y,current_x,current_y,current_cell,state
3208,148,8,3,5.999999999996122,0.0,26,0
3208,149,7,3,3.366666666662731,0.0,29,0
3208,150,7,-3,2.433333333329335,0.0,30,0
3208,151,4,1,1.4999999999959355,0.0,31,0
3208,152,3,-2,0.5666666666625305,0.0,31,0
3208,153,9,-1,-0.43333333333752977,0.0,32,0
3208,154,10,-1,-1.4333333333375937,0.0,33,0
3208,155,11,1,-2.433333333337652,0.0,34,0
3208,156,5,2,-3.433333333337724,0.0,35,0
3208,157,8,2,-4.433333333337787,0.0,36,0
3208,158,5,1,-5.433333333337844,0.0,37,0
3208,159,1,-3,-6.433333333337911,0.0,38,0
3208,160,10,3,-7.433333333337973,0.0,39,0
3208,161,7,1,-8.433333333338032,0.0,40,0
3208,162,7,2,-9.433333333338082,0.0,41,0
3208,163,10,-3,-10.500000000004812,0.0,43,0
3208,164,5,3,-11.500000000004869,0.0,44,0
3208,165,2,1,-12.50000000000493,0.0,45,0
3208,166,5,-1,-13.500000000004986,0.0,46,0
3208,167,6,-3,-14.500000000005047,0.0,47,0
3208,168,6,3,-15.500000000005107,0.0,48,0
3208,169,11,-3,-16.50000000000517,0.0,49,0
3208,170,4,-2,-17.56666666667191,0.0,50,0
3208,171,2,-2,-18.566666666671985,0.0,51,0
3208,172,10,2,-19.566666666672056,0.0,52,0
3208,173,3,2,-20.566666666672127,0.0,53,0
3208,174,2,-3,-21.5666666666722,0.0,54,0
3208,175,7,-1,-22.63333333333894,0.0,55,0
3208,176,4,-3,-23.63333333333901,0.0,56,0
3208,177,1,-1,-24.63333333333908,0.0,57,0
3208,178,11,-1,-25.70000000000582,0.0,58,0
3208,179,10,1,-26.70000000000589,0.0,59,0
3208,180,11,2,-27.70000000000597,0.0,60,0
3208,181,8,-2,-28.7666666666727,0.0,61,0
3208,182,9,2,-29.83333333333944,0.0,62,0
3208,183,2,-1,-30.83333333333951,0.0,63,0
3208,184,2,3,-31.83333333333958,0.0,64,0
3208,185,11,3,-32.83333333333966,0.0,65,0
3208,186,3,-3,-33.9000000000064,0.0,66,0
3208,187,3,1,-34.96666666667315,0.0,67,0
3208,188,4,3,-35.96666666667323,0.0,68,0
