time_step,passenger_sequence,target_x,target_y,current_x,current_y,current_cell,state
3993,180,11,2,10.533333333327448,0.0,499,3
3993,182,9,2,8.56666666666068,0.0,23,2
3993,185,11,3,3.966666666660522,0.0,28,1
3993,187,3,1,2.0999999999937367,0.0,30,1
3993,188,4,3,0.5666666666603456,0.0,31,1
