time_step,passenger_sequence,target_x,target_y,current_x,current_y,current_cell,state
2898,158,31,1,2.966666666662024,0.0,29,0
2898,159,31,-1,2.0333333333286276,0.0,30,0
2898,160,29,1,1.0999999999952317,0.0,31,0
2898,161,29,-1,0.16666666666184485,0.0,32,0
2898,162,27,1,-0.8333333333382171,0.0,33,0
2898,163,27,-1,-1.8333333333382797,0.0,34,0
2898,164,25,1,-2.8333333333383415,0.0,35,0
2898,165,25,-1,-3.8333333333383974,0.0,36,0
2898,166,23,1,-4.833333333338457,0.0,37,0
2898,167,23,-1,-5.833333333338514,0.0,38,0
2898,168,21,1,-6.833333333338565,0.0,39,0
2898,169,21,-1,-7.833333333338624,0.0,40,0
2898,170,19,1,-8.83333333333868,0.0,41,0
2898,171,19,-1,-9.833333333338732,0.0,42,0
2898,172,17,1,-10.833333333338791,0.0,43,0
2898,173,17,-1,-11.833333333338848,0.0,44,0
2898,174,15,1,-12.8333333333389,0.0,45,0
2898,175,15,-1,-13.833333333338958,0.0,46,0
2898,176,13,1,-14.833333333339008,0.0,47,0
2898,177,13,-1,-15.833333333339066,0.0,48,0
2898,178,11,1,-16.83333333333913,0.0,49,0
2898,179,11,-1,-17.833333333339205,0.0,50,0
2898,180,9,1,-18.833333333339272,0.0,51,0
2898,181,9,-1,-19.83333333333934,0.0,52,0
2898,182,7,1,-20.833333333339414,0.0,53,0
2898,183,7,-1,-21.833333333339482,0.0,54,0
2898,184,5,1,-22.833333333339557,0.0,55,0
2898,185,5,-1,-23.833333333339624,0.0,56,0
2898,186,3,1,-24.8333333333397,0.0,57,0
2898,187,3,-1,-25.833333333339766,0.0,58,0
2898,188,1,-1,-26.833333333339834,0.0,59,0
