time_step,passenger_sequence,target_x,target_y,current_x,current_y,current_cell,state
2894,158,31,1,2.5666666666620235,0.0,29,0
2894,159,31,-1,1.6333333333286275,0.0,30,0
2894,160,29,1,0.6999999999952317,0.0,31,0
2894,161,29,-1,-0.23333333333815517,0.0,32,0
2894,162,27,1,-1.2333333333382173,0.0,33,0
2894,163,27,-1,-2.23333333333828,0.0,34,0
2894,164,25,1,-3.233333333338342,0.0,35,0
2894,165,25,-1,-4.233333333338397,0.0,36,0
2894,166,23,1,-5.2333333333384555,0.0,37,0
2894,167,23,-1,-6.233333333338512,0.0,38,0
2894,168,21,1,-7.233333333338564,0.0,39,0
2894,169,21,-1,-8.233333333338622,0.0,40,0
2894,170,19,1,-9.23333333333868,0.0,41,0
2894,171,19,-1,-10.23333333333873,0.0,42,0
2894,172,17,1,-11.23333333333879,0.0,43,0
2894,173,17,-1,-12.233333333338846,0.0,44,0
2894,174,15,1,-13.233333333338898,0.0,45,0
2894,175,15,-1,-14.233333333338956,0.0,46,0
2894,176,13,1,-15.233333333339006,0.0,47,0
2894,177,13,-1,-16.23333333333907,0.0,48,0
2894,178,11,1,-17.233333333339136,0.0,49,0
2894,179,11,-1,-18.23333333333921,0.0,50,0
2894,180,9,1,-19.233333333339278,0.0,51,0
2894,181,9,-1,-20.233333333339345,0.0,52,0
2894,182,7,1,-21.23333333333942,0.0,53,0
2894,183,7,-1,-22.233333333339488,0.0,54,0
2894,184,5,1,-23.233333333339562,0.0,55,0
2894,185,5,-1,-24.23333333333963,0.0,56,0
2894,186,3,1,-25.233333333339704,0.0,57,0
2894,187,3,-1,-26.233333333339772,0.0,58,0
2894,188,1,-1,-27.23333333333984,0.0,59,0
