time_step,passenger_sequence,target_x,target_y,current_x,current_y,current_cell,state
2934,158,31,1,6.566666666662016,0.0,25,0
2934,159,31,-1,5.633333333328624,0.0,26,0
2934,160,29,1,4.6999999999952315,0.0,27,0
2934,161,29,-1,3.766666666661847,0.0,28,0
2934,162,27,1,2.8333333333284507,0.0,29,0
2934,163,27,-1,1.8999999999950548,0.0,30,0
2934,164,25,1,0.96666666666166,0.0,31,0
2934,165,25,-1,0.03333333332827179,0.0,32,0
2934,166,23,1,-0.9666666666717901,0.0,33,0
2934,167,23,-1,-1.9666666666718515,0.0,34,0
2934,168,21,1,-2.9666666666719075,0.0,35,0
2934,169,21,-1,-3.9666666666719705,0.0,36,0
2934,170,19,1,-4.966666666672028,0.0,37,0
2934,171,19,-1,-5.966666666672079,0.0,38,0
2934,172,17,1,-6.966666666672138,0.0,39,0
2934,173,17,-1,-7.966666666672195,0.0,40,0
2934,174,15,1,-8.966666666672246,0.0,41,0
2934,175,15,-1,-9.966666666672305,0.0,42,0
2934,176,13,1,-10.966666666672355,0.0,43,0
2934,177,13,-1,-11.966666666672413,0.0,44,0
2934,178,11,1,-12.966666666672465,0.0,45,0
2934,179,11,-1,-13.966666666672522,0.0,46,0
2934,180,9,1,-14.966666666672573,0.0,47,0
2934,181,9,-1,-15.966666666672625,0.0,48,0
2934,182,7,1,-16.966666666672698,0.0,49,0
2934,183,7,-1,-17.966666666672765,0.0,50,0
2934,184,5,1,-18.96666666667284,0.0,51,0
2934,185,5,-1,-19.966666666672907,0.0,52,0
2934,186,3,1,-20.96666666667298,0.0,53,0
2934,187,3,-1,-21.96666666667305,0.0,54,0
2934,188,1,-1,-22.966666666673117,0.0,55,0
