time_step,passenger_sequence,target_x,target_y,current_x,current_y,current_cell,state
2918,158,31,1,4.966666666662022,0.0,27,0
2918,159,31,-1,4.033333333328629,0.0,28,0
2918,160,29,1,3.0999999999952332,0.0,29,0
2918,161,29,-1,2.1666666666618455,0.0,30,0
2918,162,27,1,1.2333333333284495,0.0,31,0
2918,163,27,-1,0.29999999999505406,0.0,32,0
2918,164,25,1,-0.7000000000050065,0.0,33,0
2918,165,25,-1,-1.700000000005062,0.0,34,0
2918,166,23,1,-2.700000000005125,0.0,35,0
2918,167,23,-1,-3.7000000000051867,0.0,36,0
2918,168,21,1,-4.7000000000052395,0.0,37,0
2918,169,21,-1,-5.700000000005298,0.0,38,0
2918,170,19,1,-6.700000000005355,0.0,39,0
2918,171,19,-1,-7.7000000000054065,0.0,40,0
2918,172,17,1,-8.700000000005465,0.0,41,0
2918,173,17,-1,-9.700000000005522,0.0,42,0
2918,174,15,1,-10.700000000005573,0.0,43,0
2918,175,15,-1,-11.700000000005632,0.0,44,0
2918,176,13,1,-12.700000000005682,0.0,45,0
2918,177,13,-1,-13.70000000000574,0.0,46,0
2918,178,11,1,-14.700000000005792,0.0,47,0
2918,179,11,-1,-15.700000000005849,0.0,48,0
2918,180,9,1,-16.70000000000591,0.0,49,0
2918,181,9,-1,-17.70000000000598,0.0,50,0
2918,182,7,1,-18.700000000006053,0.0,51,0
2918,183,7,-1,-19.70000000000612,0.0,52,0
2918,184,5,1,-20.700000000006195,0.0,53,0
2918,185,5,-1,-21.700000000006263,0.0,54,0
2918,186,3,1,-22.700000000006337,0.0,55,0
2918,187,3,-1,-23.700000000006405,0.0,56,0
2918,188,1,-1,-24.700000000006472,0.0,57,0
