time_step,passenger_sequence,target_x,target_y,current_x,current_y,current_cell,state
2892,158,31,1,2.3666666666620233,0.0,30,0
2892,159,31,-1,1.4333333333286273,0.0,31,0
2892,160,29,1,0.4999999999952317,0.0,32,0
2892,161,29,-1,-0.5000000000048218,0.0,33,0
2892,162,27,1,-1.500000000004884,0.0,34,0
2892,163,27,-1,-2.500000000004947,0.0,35,0
2892,164,25,1,-3.500000000005009,0.0,36,0
2892,165,25,-1,-4.500000000005063,0.0,37,0
2892,166,23,1,-5.500000000005121,0.0,38,0
2892,167,23,-1,-6.500000000005178,0.0,39,0
2892,168,21,1,-7.50000000000523,0.0,40,0
2892,169,21,-1,-8.500000000005288,0.0,41,0
2892,170,19,1,-9.500000000005345,0.0,42,0
2892,171,19,-1,-10.500000000005397,0.0,43,0
2892,172,17,1,-11.500000000005455,0.0,44,0
2892,173,17,-1,-12.500000000005512,0.0,45,0
2892,174,15,1,-13.500000000005564,0.0,46,0
2892,175,15,-1,-14.500000000005622,0.0,47,0
2892,176,13,1,-15.500000000005672,0.0,48,0
2892,177,13,-1,-16.500000000005738,0.0,49,0
2892,178,11,1,-17.500000000005805,0.0,50,0
2892,179,11,-1,-18.50000000000588,0.0,51,0
2892,180,9,1,-19.500000000005947,0.0,52,0
2892,181,9,-1,-20.500000000006015,0.0,53,0
2892,182,7,1,-21.50000000000609,0.0,54,0
2892,183,7,-1,-22.500000000006157,0.0,55,0
2892,184,5,1,-23.50000000000623,0.0,56,0
2892,185,5,-1,-24.5000000000063,0.0,57,0
2892,186,3,1,-25.500000000006374,0.0,58,0
2892,187,3,-1,-26.50000000000644,0.0,59,0
2892,188,1,-1,-27.50000000000651,0.0,60,0
