time_step,passenger_sequence,target_x,target_y,current_x,current_y,current_cell,state
2996,158,31,1,12.766666666661994,0.0,19,0
2996,159,31,-1,11.833333333328602,0.0,20,0
2996,160,29,1,10.89999999999521,0.0,21,0
2996,161,29,-1,9.966666666661826,0.0,22,0
2996,162,27,1,9.033333333328434,0.0,23,0
2996,163,27,-1,8.099999999995042,0.0,24,0
2996,164,25,1,7.166666666661651,0.0,25,0
2996,165,25,-1,6.233333333328266,0.0,26,0
2996,166,23,1,5.299999999994874,0.0,27,0
2996,167,23,-1,4.366666666661484,0.0,28,0
2996,168,21,1,3.433333333328096,0.0,29,0
2996,169,21,-1,2.4999999999947,0.0,30,0
2996,170,19,1,1.5666666666613052,0.0,30,0
2996,171,19,-1,0.6333333333279165,0.0,31,0
2996,172,17,1,-0.3000000000054789,0.0,32,0
2996,173,17,-1,-1.3000000000055396,0.0,33,0
2996,174,15,1,-2.3000000000055953,0.0,34,0
2996,175,15,-1,-3.3000000000056584,0.0,35,0
2996,176,13,1,-4.300000000005712,0.0,36,0
2996,177,13,-1,-5.30000000000577,0.0,37,0
2996,178,11,1,-6.300000000005822,0.0,38,0
2996,179,11,-1,-7.300000000005879,0.0,39,0
2996,180,9,1,-8.30000000000593,0.0,40,0
2996,181,9,-1,-9.300000000005982,0.0,41,0
2996,182,7,1,-10.300000000006039,0.0,42,0
2996,183,7,-1,-11.30000000000609,0.0,43,0
2996,184,5,1,-12.300000000006149,0.0,44,0
2996,185,5,-1,-13.300000000006198,0.0,45,0
2996,186,3,1,-14.300000000006257,0.0,46,0
2996,187,3,-1,-15.300000000006309,0.0,47,0
2996,188,1,-1,-16.300000000006364,0.0,48,0
