time_step,passenger_sequence,target_x,target_y,current_x,current_y,current_cell,state
3070,158,31,1,20.166666666662042,0.0,12,0
3070,159,31,-1,19.233333333328634,0.0,13,0
3070,160,29,1,18.299999999995222,0.0,14,0
3070,161,29,-1,17.366666666661825,0.0,15,0
3070,162,27,1,16.433333333328417,0.0,16,0
3070,163,27,-1,15.499999999995016,0.0,17,0
3070,164,25,1,14.566666666661625,0.0,17,0
3070,165,25,-1,13.63333333332824,0.0,18,0
3070,166,23,1,12.699999999994848,0.0,19,0
3070,167,23,-1,11.766666666661457,0.0,20,0
3070,168,21,1,10.833333333328072,0.0,21,0
3070,169,21,-1,9.89999999999468,0.0,22,0
3070,170,19,1,8.96666666666129,0.0,23,0
3070,171,19,-1,8.033333333327905,0.0,24,0
3070,172,17,1,7.0999999999945125,0.0,25,0
3070,173,17,-1,6.166666666661122,0.0,26,0
3070,174,15,1,5.233333333327737,0.0,27,0
3070,175,15,-1,4.299999999994345,0.0,28,0
3070,176,13,1,3.3666666666609584,0.0,29,0
3070,177,13,-1,2.433333333327562,0.0,30,0
3070,178,11,1,1.4999999999941733,0.0,31,0
3070,179,11,-1,0.566666666660779,0.0,31,0
3070,180,9,1,-0.43333333333927593,0.0,32,0
3070,181,9,-1,-1.433333333339331,0.0,33,0
3070,182,7,1,-2.4333333333393927,0.0,34,0
3070,183,7,-1,-3.4333333333394487,0.0,35,0
3070,184,5,1,-4.43333333333951,0.0,36,0
3070,185,5,-1,-5.43333333333956,0.0,37,0
3070,186,3,1,-6.433333333339618,0.0,38,0
3070,187,3,-1,-7.43333333333967,0.0,39,0
3070,188,1,-1,-8.43333333333972,0.0,40,0
