time_step,passenger_sequence,target_x,target_y,current_x,current_y,current_cell,state
3189,159,31,-1,30.033333333328777,0.0,2,0
3189,160,29,1,28.499999999995367,0.0,4,0
3189,161,29,-1,27.56666666666197,0.0,4,0
3189,162,27,1,26.53333333332856,0.0,5,2
3189,163,27,-1,25.69999999999515,0.0,6,0
3189,164,25,1,24.566666666661742,0.0,7,2
3189,165,25,-1,23.53333333332834,0.0,8,1
3189,166,23,1,22.599999999994928,0.0,9,2
3189,167,23,-1,21.566666666661522,0.0,10,1
3189,168,21,1,20.53333333332812,0.0,11,2
3189,169,21,-1,19.69999999999471,0.0,12,1
3189,170,19,1,18.566666666661302,0.0,13,2
3189,171,19,-1,17.5333333333279,0.0,14,1
3189,173,17,-1,15.666666666661088,0.0,16,1
3189,175,15,-1,13.799999999994311,0.0,18,1
3189,177,13,-1,11.633333333327537,0.0,20,1
3189,179,11,-1,9.666666666660761,0.0,22,1
3189,181,9,-1,7.799999999993991,0.0,24,1
3189,183,7,-1,5.633333333327217,0.0,26,1
3189,185,5,-1,3.66666666666044,0.0,28,1
3189,187,3,-1,1.799999999993655,0.0,30,1
