time_step,passenger_sequence,target_x,target_y,current_x,current_y,current_cell,state
3117,158,31,1,24.86666666666211,0.0,7,0
3117,159,31,-1,23.9333333333287,0.0,8,0
3117,160,29,1,22.99999999999529,0.0,9,0
3117,161,29,-1,22.06666666666189,0.0,10,0
3117,162,27,1,21.133333333328483,0.0,11,0
3117,163,27,-1,20.19999999999507,0.0,12,0
3117,164,25,1,19.266666666661667,0.0,13,0
3117,165,25,-1,18.333333333328266,0.0,14,0
3117,166,23,1,17.399999999994854,0.0,15,0
3117,167,23,-1,16.46666666666145,0.0,16,0
3117,168,21,1,15.533333333328056,0.0,16,0
3117,169,21,-1,14.599999999994663,0.0,17,0
3117,170,19,1,13.666666666661273,0.0,18,0
3117,171,19,-1,12.733333333327888,0.0,19,0
3117,172,17,1,11.799999999994496,0.0,20,0
3117,173,17,-1,10.866666666661105,0.0,21,0
3117,174,15,1,9.93333333332772,0.0,22,0
3117,175,15,-1,8.999999999994328,0.0,23,0
3117,176,13,1,8.066666666660945,0.0,24,0
3117,177,13,-1,7.133333333327553,0.0,25,0
3117,178,11,1,6.1999999999941675,0.0,26,0
3117,179,11,-1,5.266666666660777,0.0,27,0
3117,180,9,1,4.333333333327392,0.0,28,0
3117,181,9,-1,3.3999999999940043,0.0,29,0
3117,182,7,1,2.4666666666606094,0.0,30,0
3117,183,7,-1,1.5333333333272205,0.0,30,0
3117,184,5,1,0.5999999999938248,0.0,31,0
3117,185,5,-1,-0.4000000000062287,0.0,32,0
3117,186,3,1,-1.4000000000062909,0.0,33,0
3117,187,3,-1,-2.400000000006347,0.0,34,0
3117,188,1,-1,-3.4000000000064015,0.0,35,0
