time_step,passenger_sequence,target_x,target_y,current_x,current_y,current_cell,state
3115,158,31,1,24.666666666662106,0.0,7,0
3115,159,31,-1,23.733333333328698,0.0,8,0
3115,160,29,1,22.799999999995286,0.0,9,0
3115,161,29,-1,21.86666666666189,0.0,10,0
3115,162,27,1,20.93333333332848,0.0,11,0
3115,163,27,-1,19.99999999999507,0.0,12,0
3115,164,25,1,19.066666666661664,0.0,13,0
3115,165,25,-1,18.133333333328263,0.0,14,0
3115,166,23,1,17.19999999999485,0.0,15,0
3115,167,23,-1,16.266666666661447,0.0,16,0
3115,168,21,1,15.333333333328056,0.0,17,0
3115,169,21,-1,14.399999999994664,0.0,18,0
3115,170,19,1,13.466666666661274,0.0,19,0
3115,171,19,-1,12.533333333327889,0.0,19,0
3115,172,17,1,11.599999999994496,0.0,20,0
3115,173,17,-1,10.666666666661106,0.0,21,0
3115,174,15,1,9.733333333327721,0.0,22,0
3115,175,15,-1,8.799999999994329,0.0,23,0
3115,176,13,1,7.8666666666609455,0.0,24,0
3115,177,13,-1,6.933333333327553,0.0,25,0
3115,178,11,1,5.999999999994168,0.0,26,0
3115,179,11,-1,5.066666666660778,0.0,27,0
3115,180,9,1,4.133333333327393,0.0,28,0
3115,181,9,-1,3.199999999994004,0.0,29,0
3115,182,7,1,2.2666666666606092,0.0,30,0
3115,183,7,-1,1.3333333333272204,0.0,31,0
3115,184,5,1,0.39999999999382485,0.0,32,0
3115,185,5,-1,-0.6000000000062287,0.0,33,0
3115,186,3,1,-1.600000000006291,0.0,34,0
3115,187,3,-1,-2.600000000006347,0.0,35,0
3115,188,1,-1,-3.6000000000064016,0.0,36,0
