time_step,passenger_sequence,target_x,target_y,current_x,current_y,current_cell,state
3019,158,31,1,15.066666666661986,0.0,17,0
3019,159,31,-1,14.133333333328594,0.0,18,0
3019,160,29,1,13.199999999995201,0.0,19,0
3019,161,29,-1,12.266666666661818,0.0,20,0
3019,162,27,1,11.333333333328426,0.0,21,0
3019,163,27,-1,10.399999999995034,0.0,22,0
3019,164,25,1,9.466666666661643,0.0,23,0
3019,165,25,-1,8.533333333328258,0.0,23,0
3019,166,23,1,7.599999999994866,0.0,24,0
3019,167,23,-1,6.666666666661476,0.0,25,0
3019,168,21,1,5.7333333333280905,0.0,26,0
3019,169,21,-1,4.799999999994698,0.0,27,0
3019,170,19,1,3.866666666661307,0.0,28,0
3019,171,19,-1,2.933333333327918,0.0,29,0
3019,172,17,1,1.999999999994522,0.0,30,0
3019,173,17,-1,1.066666666661127,0.0,31,0
3019,174,15,1,0.1333333333277389,0.0,32,0
3019,175,15,-1,-0.8666666666723231,0.0,33,0
3019,176,13,1,-1.8666666666723772,0.0,34,0
3019,177,13,-1,-2.8666666666724403,0.0,35,0
3019,178,11,1,-3.8666666666724963,0.0,36,0
3019,179,11,-1,-4.866666666672554,0.0,37,0
3019,180,9,1,-5.8666666666726055,0.0,38,0
3019,181,9,-1,-6.866666666672657,0.0,39,0
3019,182,7,1,-7.866666666672714,0.0,40,0
3019,183,7,-1,-8.866666666672765,0.0,41,0
3019,184,5,1,-9.866666666672824,0.0,42,0
3019,185,5,-1,-10.866666666672874,0.0,43,0
3019,186,3,1,-11.866666666672932,0.0,44,0
3019,187,3,-1,-12.866666666672984,0.0,45,0
3019,188,1,-1,-13.866666666673034,0.0,46,0
