time_step,passenger_sequence,target_x,target_y,current_x,current_y,current_cell,state
3148,158,31,1,27.966666666662153,0.0,4,0
3148,159,31,-1,27.033333333328745,0.0,5,0
3148,160,29,1,26.099999999995333,0.0,6,0
3148,161,29,-1,25.166666666661936,0.0,7,0
3148,162,27,1,24.233333333328527,0.0,8,0
3148,163,27,-1,23.299999999995116,0.0,9,0
3148,164,25,1,22.36666666666171,0.0,10,0
3148,165,25,-1,21.43333333332831,0.0,11,0
3148,166,23,1,20.4999999999949,0.0,12,0
3148,167,23,-1,19.566666666661494,0.0,12,0
3148,168,21,1,18.633333333328093,0.0,13,0
3148,169,21,-1,17.69999999999468,0.0,14,0
3148,170,19,1,16.766666666661276,0.0,15,0
3148,171,19,-1,15.833333333327877,0.0,16,0
3148,172,17,1,14.899999999994485,0.0,17,0
3148,173,17,-1,13.966666666661094,0.0,18,0
3148,174,15,1,13.03333333332771,0.0,19,0
3148,175,15,-1,12.099999999994317,0.0,20,0
3148,176,13,1,11.166666666660934,0.0,21,0
3148,177,13,-1,10.233333333327542,0.0,22,0
3148,178,11,1,9.299999999994156,0.0,23,0
3148,179,11,-1,8.366666666660766,0.0,24,0
3148,180,9,1,7.433333333327381,0.0,25,0
3148,181,9,-1,6.499999999993996,0.0,26,0
3148,182,7,1,5.5666666666606055,0.0,26,0
3148,183,7,-1,4.63333333332722,0.0,27,0
3148,184,5,1,3.699999999993827,0.0,28,0
3148,185,5,-1,2.766666666660439,0.0,29,0
3148,186,3,1,1.8333333333270432,0.0,30,0
3148,187,3,-1,0.8999999999936542,0.0,31,0
3148,188,1,-1,-0.03333333333973257,0.0,32,0
