time_step,passenger_sequence,target_x,target_y,current_x,current_y,current_cell,state
3101,158,31,1,23.266666666662086,0.0,9,0
3101,159,31,-1,22.333333333328678,0.0,10,0
3101,160,29,1,21.399999999995266,0.0,11,0
3101,161,29,-1,20.46666666666187,0.0,12,0
3101,162,27,1,19.53333333332846,0.0,12,0
3101,163,27,-1,18.59999999999505,0.0,13,0
3101,164,25,1,17.666666666661644,0.0,14,0
3101,165,25,-1,16.733333333328243,0.0,15,0
3101,166,23,1,15.799999999994837,0.0,16,0
3101,167,23,-1,14.866666666661446,0.0,17,0
3101,168,21,1,13.933333333328061,0.0,18,0
3101,169,21,-1,12.99999999999467,0.0,19,0
3101,170,19,1,12.066666666661279,0.0,20,0
3101,171,19,-1,11.133333333327894,0.0,21,0
3101,172,17,1,10.199999999994501,0.0,22,0
3101,173,17,-1,9.266666666661111,0.0,23,0
3101,174,15,1,8.333333333327726,0.0,24,0
3101,175,15,-1,7.399999999994334,0.0,25,0
3101,176,13,1,6.4666666666609505,0.0,26,0
3101,177,13,-1,5.533333333327558,0.0,26,0
3101,178,11,1,4.599999999994173,0.0,27,0
3101,179,11,-1,3.666666666660781,0.0,28,0
3101,180,9,1,2.733333333327392,0.0,29,0
3101,181,9,-1,1.799999999994003,0.0,30,0
3101,182,7,1,0.8666666666606084,0.0,31,0
3101,183,7,-1,-0.06666666667277982,0.0,32,0
3101,184,5,1,-1.0666666666728417,0.0,33,0
3101,185,5,-1,-2.066666666672896,0.0,34,0
3101,186,3,1,-3.066666666672959,0.0,35,0
3101,187,3,-1,-4.066666666673015,0.0,36,0
3101,188,1,-1,-5.066666666673065,0.0,37,0
