time_step,passenger_sequence,target_x,target_y,current_x,current_y,current_cell,state
4722,311,1,21,0.5,18,{L},2
4722,312,3,10,2.500000000000001,11,{L},2
4722,313,1,20,0,16.933333333325837,{L},0
4722,314,1,8,0,8.866666666659086,{L},0
4722,315,1,19,0,6.46666666665903,{L},0
4722,316,1,9,0,4.066666666658971,{L},0
4722,317,1,10,0,1.6666666666589165,{L},0
