time_step,passenger_sequence,target_x,target_y,current_x,current_y,current_cell,state
4091,260,13,19,12.666666666666645,18,{L},2
4091,261,7,27,6.5999999999999925,25,{L},2
4091,263,13,9,12.399999999999977,11,{L},0
4091,264,11,21,5.099999999999998,18,{L},1
4091,265,7,26,1.7000000000000004,25,{L},1
4091,266,13,3,8.866666666666651,4,{L},0
4091,267,13,10,5.099999999999998,11,{L},0
4091,268,11,20,0.30000000000000004,18,{L},1
4091,269,5,28,0,15.86666666666166,{L},0
4091,270,11,1,4.200000000000001,4,{L},0
4091,271,11,8,0,9.533333333328201,{L},1
4091,272,11,19,0,5.866666666661474,{L},1
4091,273,5,27,0,3.4666666666614154,{L},1
4091,274,11,2,0,1.0666666666613573,{L},1
4091,275,11,9,0,-1.3333333333386959,{L},1
4091,276,9,21,0,-3.733333333338754,{L},1
4091,277,5,26,0,-6.133333333338813,{L},1
4091,278,11,3,0,-8.533333333338874,{L},1
4091,279,11,10,0,-10.933333333338922,{L},1
4091,280,9,20,0,-13.33333333333897,{L},1
4091,281,9,1,0,-15.733333333339015,{L},1
4091,282,9,8,0,-18.133333333339063,{L},1
4091,283,9,19,0,-20.333333333339112,{L},1
4091,284,9,2,0,-22.333333333339166,{L},1
4091,285,9,9,0,-24.200000000005883,{L},1
4091,286,7,21,0,-25.8666666666726,{L},1
4091,287,9,3,0,-27.533333333339314,{L},1
4091,288,9,10,0,-29.133333333339365,{L},1
4091,289,7,20,0,-30.733333333339417,{L},1
4091,290,7,1,0,-32.40000000000614,{L},1
4091,291,7,8,0,-34.00000000000619,{L},1
4091,292,7,19,0,-35.60000000000624,{L},1
4091,293,7,2,0,-37.266666666672954,{L},1
4091,294,7,9,0,-38.866666666673005,{L},1
4091,295,5,21,0,-40.466666666673056,{L},1
4091,296,7,3,0,-42.13333333333978,{L},1
4091,297,7,10,0,-43.73333333333983,{L},1
4091,298,5,20,0,-45.33333333333988,{L},1
4091,299,5,1,0,-47.000000000006594,{L},1
4091,300,5,8,0,-48.600000000006645,{L},1
4091,301,5,19,0,-50.200000000006696,{L},1
4091,302,5,2,0,-51.86666666667342,{L},1
4091,303,5,9,0,-53.46666666667347,{L},1
4091,304,3,21,0,-55.06666666667352,{L},1
4091,305,5,3,0,-56.733333333340234,{L},1
4091,306,5,10,0,-58.333333333340285,{L},1
4091,307,3,20,0,-59.933333333340336,{L},1
4091,308,3,8,0,-61.60000000000706,{L},1
4091,309,3,19,0,-63.20000000000711,{L},1
4091,310,3,9,0,-64.8000000000072,{L},1
4091,311,1,21,0,-66.466666666674,{L},1
4091,312,3,10,0,-68.06666666667414,{L},1
4091,313,1,20,0,-69.66666666667427,{L},1
4091,314,1,8,0,-71.33333333334109,{L},1
4091,315,1,19,0,-72.93333333334122,{L},1
4091,316,1,9,0,-74.53333333334136,{L},1
4091,317,1,10,0,-76.20000000000816,{L},1
