time_step,passenger_sequence,target_x,target_y,current_x,current_y,current_cell,state
4584,298,5,20,4.5,18,{L},2
4584,301,5,19,2.800000000000001,18,{L},1
4584,302,5,2,4.5,4,{L},3
4584,303,5,9,2.800000000000001,11,{L},0
4584,304,3,21,0.5,18,{L},0
4584,305,5,3,3.0000000000000013,4,{L},0
4584,306,5,10,1.2,11,{L},0
4584,307,3,20,0,9.46666666665949,{L},0
4584,308,3,8,0,5.866666666659428,{L},0
4584,309,3,19,0,3.466666666659369,{L},0
4584,310,3,9,0,1.066666666659311,{L},0
4584,311,1,21,0,-1.3333333333407422,{L},0
4584,312,3,10,0,-3.7333333333408003,{L},0
4584,313,1,20,0,-6.133333333340859,{L},0
4584,314,1,8,0,-8.53333333334092,{L},0
4584,315,1,19,0,-10.933333333340968,{L},0
4584,316,1,9,0,-13.333333333341017,{L},0
4584,317,1,10,0,-15.733333333341061,{L},0
