time_step,passenger_sequence,target_x,target_y,current_x,current_y,current_cell,state
4570,297,7,10,6.5999999999999925,11,{L},2
4570,298,5,20,4.300000000000001,18,{L},0
4570,300,5,8,4.5,11,{L},2
4570,301,5,19,2.700000000000001,18,{L},0
4570,302,5,2,4.5,4,{L},2
4570,303,5,9,2.500000000000001,11,{L},1
4570,304,3,21,0,15.333333333326342,{L},0
4570,305,5,3,2.800000000000001,4,{L},1
4570,306,5,10,0,10.133333333326213,{L},0
4570,307,3,20,0,5.79999999999282,{L},0
4570,308,3,8,0,3.0666666666594256,{L},0
4570,309,3,19,0,0.6666666666593678,{L},0
4570,310,3,9,0,-1.7333333333406888,{L},0
4570,311,1,21,0,-4.133333333340744,{L},0
4570,312,3,10,0,-6.533333333340803,{L},0
4570,313,1,20,0,-8.933333333340858,{L},0
4570,314,1,8,0,-11.33333333334091,{L},0
4570,315,1,19,0,-13.733333333340958,{L},0
4570,316,1,9,0,-16.133333333341007,{L},0
4570,317,1,10,0,-18.53333333334105,{L},0
