time_step,passenger_sequence,target_x,target_y,current_x,current_y,current_cell,state
4431,283,9,19,6.999999999999991,18,{L},0
4431,285,9,9,7.699999999999989,11,{L},0
4431,286,7,21,5.099999999999998,18,{L},0
4431,287,9,3,5.899999999999995,4,{L},0
4431,288,9,10,4.100000000000001,11,{L},0
4431,289,7,20,3.2000000000000015,18,{L},0
4431,290,7,1,4.000000000000002,4,{L},0
4431,291,7,8,2.2000000000000006,11,{L},0
4431,292,7,19,0,16.66666666666036,{L},0
4431,293,7,2,2.1000000000000005,4,{L},0
4431,294,7,9,0.30000000000000004,11,{L},0
4431,295,5,21,0,7.0666666666601685,{L},0
4431,296,7,3,0.2,4,{L},0
4431,297,7,10,0,1.8666666666600498,{L},0
4431,298,5,20,0,-0.7333333333400069,{L},0
4431,299,5,1,0,-3.133333333340061,{L},0
4431,300,5,8,0,-5.53333333334012,{L},0
4431,301,5,19,0,-7.933333333340179,{L},0
4431,302,5,2,0,-10.333333333340232,{L},0
4431,303,5,9,0,-12.73333333334028,{L},0
4431,304,3,21,0,-15.133333333340328,{L},0
4431,305,5,3,0,-17.533333333340373,{L},0
4431,306,5,10,0,-19.866666666673755,{L},0
4431,307,3,20,0,-22.13333333334047,{L},0
4431,308,3,8,0,-24.20000000000719,{L},0
4431,309,3,19,0,-26.00000000000724,{L},0
4431,310,3,9,0,-27.60000000000729,{L},0
4431,311,1,21,0,-29.266666666674006,{L},0
4431,312,3,10,0,-30.866666666674057,{L},0
4431,313,1,20,0,-32.46666666667411,{L},0
4431,314,1,8,0,-34.13333333334083,{L},0
4431,315,1,19,0,-35.73333333334088,{L},0
4431,316,1,9,0,-37.33333333334093,{L},0
4431,317,1,10,0,-39.000000000007645,{L},0
