time_step,passenger_sequence,target_x,target_y,current_x,current_y,current_cell,state
4335,276,9,21,7.999999999999988,18,{L},0
4335,277,5,26,4.5,25,{L},2
4335,278,11,3,10.19999999999998,4,{L},0
4335,279,11,10,6.999999999999991,11,{L},0
4335,280,9,20,4.4,18,{L},0
4335,281,9,1,6.8999999999999915,4,{L},0
4335,282,9,8,3.4000000000000017,11,{L},0
4335,283,9,19,0.7999999999999999,18,{L},0
4335,284,9,2,4.999999999999998,4,{L},0
4335,285,9,9,1.5000000000000002,11,{L},0
4335,286,7,21,0,10.266666666660683,{L},0
4335,287,9,3,1.4000000000000001,4,{L},0
4335,288,9,10,0,5.066666666660565,{L},0
4335,289,7,20,0,1.6666666666605081,{L},0
4335,290,7,1,0,-0.7333333333395522,{L},0
4335,291,7,8,0,-3.1333333333396096,{L},0
4335,292,7,19,0,-5.533333333339669,{L},0
4335,293,7,2,0,-7.933333333339724,{L},0
4335,294,7,9,0,-10.333333333339773,{L},0
4335,295,5,21,0,-12.733333333339822,{L},0
4335,296,7,3,0,-15.133333333339873,{L},0
4335,297,7,10,0,-17.53333333333992,{L},0
4335,298,5,20,0,-19.866666666673304,{L},0
4335,299,5,1,0,-22.06666666667335,{L},0
4335,300,5,8,0,-24.0666666666734,{L},0
4335,301,5,19,0,-25.800000000006783,{L},0
4335,302,5,2,0,-27.466666666673504,{L},0
4335,303,5,9,0,-29.066666666673555,{L},0
4335,304,3,21,0,-30.666666666673606,{L},0
4335,305,5,3,0,-32.33333333334032,{L},0
4335,306,5,10,0,-33.93333333334037,{L},0
4335,307,3,20,0,-35.53333333334042,{L},0
4335,308,3,8,0,-37.200000000007144,{L},0
4335,309,3,19,0,-38.800000000007195,{L},0
4335,310,3,9,0,-40.400000000007246,{L},0
4335,311,1,21,0,-42.06666666667396,{L},0
4335,312,3,10,0,-43.66666666667401,{L},0
4335,313,1,20,0,-45.26666666667406,{L},0
4335,314,1,8,0,-46.933333333340784,{L},0
4335,315,1,19,0,-48.533333333340835,{L},0
4335,316,1,9,0,-50.133333333340886,{L},0
4335,317,1,10,0,-51.8000000000076,{L},0
