time_step,passenger_sequence,target_x,target_y,current_x,current_y,current_cell,state
4055,260,13,19,8.666666666666652,18,{L},0
4055,261,7,27,4.4,25,{L},0
4055,263,13,9,7.999999999999988,11,{L},0
4055,264,11,21,2.2000000000000006,18,{L},0
4055,265,7,26,0,23.599999999995195,{L},0
4055,266,13,3,5.399999999999997,4,{L},0
4055,267,13,10,1.5000000000000002,11,{L},0
4055,268,11,20,0,10.733333333328376,{L},0
4055,269,5,28,0,7.266666666661649,{L},0
4055,270,11,1,0.6,4,{L},0
4055,271,11,8,0,2.799999999994865,{L},0
4055,272,11,19,0,0.06666666666147097,{L},0
4055,273,5,27,0,-2.3333333333385857,{L},0
4055,274,11,2,0,-4.733333333338645,{L},0
4055,275,11,9,0,-7.1333333333387,{L},0
4055,276,9,21,0,-9.533333333338753,{L},0
4055,277,5,26,0,-11.933333333338801,{L},0
4055,278,11,3,0,-14.333333333338853,{L},0
4055,279,11,10,0,-16.7333333333389,{L},0
4055,280,9,20,0,-19.066666666672283,{L},0
4055,281,9,1,0,-21.200000000005662,{L},0
4055,282,9,8,0,-23.200000000005712,{L},0
4055,283,9,19,0,-24.86666666667243,{L},0
4055,284,9,2,0,-26.53333333333915,{L},0
4055,285,9,9,0,-28.133333333339202,{L},0
4055,286,7,21,0,-29.733333333339253,{L},0
4055,287,9,3,0,-31.400000000005967,{L},0
4055,288,9,10,0,-33.00000000000602,{L},0
4055,289,7,20,0,-34.60000000000607,{L},0
4055,290,7,1,0,-36.26666666667279,{L},0
4055,291,7,8,0,-37.86666666667284,{L},0
4055,292,7,19,0,-39.46666666667289,{L},0
4055,293,7,2,0,-41.13333333333961,{L},0
4055,294,7,9,0,-42.73333333333966,{L},0
4055,295,5,21,0,-44.33333333333971,{L},0
4055,296,7,3,0,-46.00000000000643,{L},0
4055,297,7,10,0,-47.60000000000648,{L},0
4055,298,5,20,0,-49.20000000000653,{L},0
4055,299,5,1,0,-50.86666666667325,{L},0
4055,300,5,8,0,-52.4666666666733,{L},0
4055,301,5,19,0,-54.06666666667335,{L},0
4055,302,5,2,0,-55.73333333334007,{L},0
4055,303,5,9,0,-57.33333333334012,{L},0
4055,304,3,21,0,-58.93333333334017,{L},0
4055,305,5,3,0,-60.60000000000689,{L},0
4055,306,5,10,0,-62.20000000000694,{L},0
4055,307,3,20,0,-63.80000000000699,{L},0
4055,308,3,8,0,-65.46666666667379,{L},0
4055,309,3,19,0,-67.06666666667392,{L},0
4055,310,3,9,0,-68.66666666667406,{L},0
4055,311,1,21,0,-70.33333333334086,{L},0
4055,312,3,10,0,-71.933333333341,{L},0
4055,313,1,20,0,-73.53333333334113,{L},0
4055,314,1,8,0,-75.20000000000795,{L},0
4055,315,1,19,0,-76.80000000000808,{L},0
4055,316,1,9,0,-78.40000000000822,{L},0
4055,317,1,10,0,-80.06666666667502,{L},0
