time_step,passenger_sequence,target_x,target_y,current_x,current_y,current_cell,state
4728,312,3,10,2.500000000000001,11,{L},2
4728,313,1,20,0.30000000000000004,18,{L},0
4728,314,1,8,0,10.46666666665909,{L},0
4728,315,1,19,0,7.666666666659031,{L},0
4728,316,1,9,0,5.266666666658972,{L},0
4728,317,1,10,0,2.8666666666589173,{L},0
