time_step,passenger_sequence,target_x,target_y,current_x,current_y,current_cell,state
4081,260,13,19,11.599999999999975,18,{L},0
4081,261,7,27,6.5999999999999925,25,{L},2
4081,263,13,9,10.333333333333313,11,{L},0
4081,264,11,21,4.799999999999999,18,{L},0
4081,265,7,26,1.7000000000000004,25,{L},1
4081,266,13,3,7.999999999999988,4,{L},0
4081,267,13,10,4.100000000000001,11,{L},0
4081,268,11,20,0,18,{L},0
4081,269,5,28,0,13.199999999994985,{L},0
4081,270,11,1,3.2000000000000015,4,{L},0
4081,271,11,8,0,8.799999999994867,{L},0
4081,272,11,19,0,5.266666666661473,{L},0
4081,273,5,27,0,2.866666666661415,{L},0
4081,274,11,2,0,0.4666666666613573,{L},0
4081,275,11,9,0,-1.9333333333386957,{L},0
4081,276,9,21,0,-4.3333333333387545,{L},0
4081,277,5,26,0,-6.7333333333388135,{L},0
4081,278,11,3,0,-9.133333333338872,{L},0
4081,279,11,10,0,-11.53333333333892,{L},0
4081,280,9,20,0,-13.933333333338968,{L},0
4081,281,9,1,0,-16.333333333339013,{L},0
4081,282,9,8,0,-18.666666666672395,{L},0
4081,283,9,19,0,-20.866666666672444,{L},0
4081,284,9,2,0,-22.933333333339164,{L},0
4081,285,9,9,0,-24.666666666672548,{L},0
4081,286,7,21,0,-26.2666666666726,{L},0
4081,287,9,3,0,-27.933333333339313,{L},0
4081,288,9,10,0,-29.533333333339364,{L},0
4081,289,7,20,0,-31.133333333339415,{L},0
4081,290,7,1,0,-32.800000000006136,{L},0
4081,291,7,8,0,-34.40000000000619,{L},0
4081,292,7,19,0,-36.00000000000624,{L},0
4081,293,7,2,0,-37.66666666667295,{L},0
4081,294,7,9,0,-39.266666666673004,{L},0
4081,295,5,21,0,-40.866666666673055,{L},0
4081,296,7,3,0,-42.533333333339776,{L},0
4081,297,7,10,0,-44.13333333333983,{L},0
4081,298,5,20,0,-45.73333333333988,{L},0
4081,299,5,1,0,-47.40000000000659,{L},0
4081,300,5,8,0,-49.000000000006644,{L},0
4081,301,5,19,0,-50.600000000006695,{L},0
4081,302,5,2,0,-52.266666666673416,{L},0
4081,303,5,9,0,-53.86666666667347,{L},0
4081,304,3,21,0,-55.46666666667352,{L},0
4081,305,5,3,0,-57.13333333334023,{L},0
4081,306,5,10,0,-58.73333333334028,{L},0
4081,307,3,20,0,-60.333333333340335,{L},0
4081,308,3,8,0,-62.000000000007056,{L},0
4081,309,3,19,0,-63.60000000000711,{L},0
4081,310,3,9,0,-65.20000000000722,{L},0
4081,311,1,21,0,-66.86666666667402,{L},0
4081,312,3,10,0,-68.46666666667416,{L},0
4081,313,1,20,0,-70.0666666666743,{L},0
4081,314,1,8,0,-71.73333333334111,{L},0
4081,315,1,19,0,-73.33333333334124,{L},0
4081,316,1,9,0,-74.93333333334138,{L},0
4081,317,1,10,0,-76.60000000000818,{L},0
