time_step,passenger_sequence,target_x,target_y,current_x,current_y,current_cell,state
4225,268,11,20,10.599999999999978,18,{L},2
4225,271,11,8,9.933333333333314,11,{L},0
4225,272,11,19,5.899999999999995,18,{L},1
4225,273,5,27,0.2,25,{L},0
4225,274,11,2,7.699999999999989,4,{L},0
4225,275,11,9,3.800000000000002,11,{L},0
4225,276,9,21,0,14.1999999999946,{L},0
4225,277,5,26,0,9.533333333327862,{L},0
4225,278,11,3,1.2,4,{L},0
4225,279,11,10,0,4.5333333333277395,{L},0
4225,280,9,20,0,1.2666666666610162,{L},0
4225,281,9,1,0,-1.133333333339037,{L},0
4225,282,9,8,0,-3.533333333339095,{L},0
4225,283,9,19,0,-5.933333333339154,{L},0
4225,284,9,2,0,-8.333333333339215,{L},0
4225,285,9,9,0,-10.733333333339264,{L},0
4225,286,7,21,0,-13.133333333339312,{L},0
4225,287,9,3,0,-15.533333333339357,{L},0
4225,288,9,10,0,-17.933333333339405,{L},0
4225,289,7,20,0,-20.20000000000612,{L},0
4225,290,7,1,0,-22.26666666667284,{L},0
4225,291,7,8,0,-24.200000000006224,{L},0
4225,292,7,19,0,-25.86666666667294,{L},0
4225,293,7,2,0,-27.533333333339655,{L},0
4225,294,7,9,0,-29.133333333339706,{L},0
4225,295,5,21,0,-30.733333333339758,{L},0
4225,296,7,3,0,-32.40000000000648,{L},0
4225,297,7,10,0,-34.00000000000653,{L},0
4225,298,5,20,0,-35.60000000000658,{L},0
4225,299,5,1,0,-37.266666666673295,{L},0
4225,300,5,8,0,-38.866666666673346,{L},0
4225,301,5,19,0,-40.4666666666734,{L},0
4225,302,5,2,0,-42.13333333334012,{L},0
4225,303,5,9,0,-43.73333333334017,{L},0
4225,304,3,21,0,-45.33333333334022,{L},0
4225,305,5,3,0,-47.000000000006935,{L},0
4225,306,5,10,0,-48.600000000006986,{L},0
4225,307,3,20,0,-50.20000000000704,{L},0
4225,308,3,8,0,-51.86666666667376,{L},0
4225,309,3,19,0,-53.46666666667381,{L},0
4225,310,3,9,0,-55.06666666667386,{L},0
4225,311,1,21,0,-56.733333333340575,{L},0
4225,312,3,10,0,-58.333333333340626,{L},0
4225,313,1,20,0,-59.93333333334068,{L},0
4225,314,1,8,0,-61.6000000000074,{L},0
4225,315,1,19,0,-63.20000000000745,{L},0
4225,316,1,9,0,-64.80000000000754,{L},0
4225,317,1,10,0,-66.46666666667434,{L},0
