time_step,passenger_sequence,target_x,target_y,current_x,current_y,current_cell,state
4601,301,5,19,4.100000000000001,18,{L},0
4601,303,5,9,4.5,11,{L},2
4601,304,3,21,2.2000000000000006,18,{L},0
4601,305,5,3,4.5,4,{L},2
4601,306,5,10,2.800000000000001,11,{L},1
4601,307,3,20,0,13.999999999992838,{L},0
4601,308,3,8,0,9.666666666659431,{L},0
4601,309,3,19,0,6.866666666659372,{L},0
4601,310,3,9,0,4.466666666659313,{L},0
4601,311,1,21,0,2.0666666666592577,{L},0
4601,312,3,10,0,-0.33333333334079923,{L},0
4601,313,1,20,0,-2.7333333333408563,{L},0
4601,314,1,8,0,-5.133333333340919,{L},0
4601,315,1,19,0,-7.533333333340978,{L},0
4601,316,1,9,0,-9.933333333341029,{L},0
4601,317,1,10,0,-12.333333333341074,{L},0
