time_step,passenger_sequence,target_x,target_y,current_x,current_y,current_cell,state
4361,279,11,10,9.26666666666665,11,{L},0
4361,280,9,20,5.299999999999997,18,{L},0
4361,281,9,1,7.799999999999988,4,{L},0
4361,282,9,8,5.999999999999995,11,{L},0
4361,283,9,19,1.7000000000000004,18,{L},0
4361,284,9,2,5.899999999999995,4,{L},0
4361,285,9,9,4.100000000000001,11,{L},0
4361,286,7,21,0,17.19999999999403,{L},0
4361,287,9,3,2.3000000000000007,4,{L},0
4361,288,9,10,0.5,11,{L},0
4361,289,7,20,0,7.599999999993843,{L},0
4361,290,7,1,0.4,4,{L},0
4361,291,7,8,0,2.399999999993724,{L},0
4361,292,7,19,0,-0.3333333333396659,{L},0
4361,293,7,2,0,-2.7333333333397194,{L},0
4361,294,7,9,0,-5.133333333339778,{L},0
4361,295,5,21,0,-7.533333333339837,{L},0
4361,296,7,3,0,-9.933333333339892,{L},0
4361,297,7,10,0,-12.33333333333994,{L},0
4361,298,5,20,0,-14.733333333339989,{L},0
4361,299,5,1,0,-17.133333333340033,{L},0
4361,300,5,8,0,-19.466666666673415,{L},0
4361,301,5,19,0,-21.666666666673464,{L},0
4361,302,5,2,0,-23.733333333340184,{L},0
4361,303,5,9,0,-25.6000000000069,{L},0
4361,304,3,21,0,-27.200000000006952,{L},0
4361,305,5,3,0,-28.866666666673666,{L},0
4361,306,5,10,0,-30.466666666673717,{L},0
4361,307,3,20,0,-32.06666666667377,{L},0
4361,308,3,8,0,-33.73333333334049,{L},0
4361,309,3,19,0,-35.33333333334054,{L},0
4361,310,3,9,0,-36.93333333334059,{L},0
4361,311,1,21,0,-38.600000000007306,{L},0
4361,312,3,10,0,-40.20000000000736,{L},0
4361,313,1,20,0,-41.80000000000741,{L},0
4361,314,1,8,0,-43.46666666667413,{L},0
4361,315,1,19,0,-45.06666666667418,{L},0
4361,316,1,9,0,-46.66666666667423,{L},0
4361,317,1,10,0,-48.333333333340946,{L},0
