time_step,passenger_sequence,target_x,target_y,current_x,current_y,current_cell,state
4587,298,5,20,4.5,18,{L},2
4587,301,5,19,2.800000000000001,18,{L},1
4587,303,5,9,3.1000000000000014,11,{L},0
4587,304,3,21,0.7999999999999999,18,{L},0
4587,305,5,3,3.3000000000000016,4,{L},0
4587,306,5,10,1.5000000000000002,11,{L},0
4587,307,3,20,0,10.266666666659493,{L},0
4587,308,3,8,0,6.466666666659428,{L},0
4587,309,3,19,0,4.066666666659369,{L},0
4587,310,3,9,0,1.6666666666593108,{L},0
4587,311,1,21,0,-0.7333333333407424,{L},0
4587,312,3,10,0,-3.1333333333407998,{L},0
4587,313,1,20,0,-5.533333333340859,{L},0
4587,314,1,8,0,-7.933333333340921,{L},0
4587,315,1,19,0,-10.33333333334097,{L},0
4587,316,1,9,0,-12.733333333341019,{L},0
4587,317,1,10,0,-15.133333333341064,{L},0
