time_step,passenger_sequence,target_x,target_y,current_x,current_y,current_cell,state
4616,301,5,19,4.5,18,{L},2
4616,303,5,9,4.5,11,{L},2
4616,304,3,21,2.500000000000001,18,{L},2
4616,305,5,3,4.5,4,{L},3
4616,306,5,10,2.800000000000001,11,{L},1
4616,307,3,20,0.1,18,{L},0
4616,308,3,8,1.0999999999999999,11,{L},0
4616,309,3,19,0,10.66666666665938,{L},0
4616,310,3,9,0,7.466666666659315,{L},0
4616,311,1,21,0,5.06666666665926,{L},0
4616,312,3,10,0,2.6666666666592014,{L},0
4616,313,1,20,0,0.26666666665914396,{L},0
4616,314,1,8,0,-2.133333333340916,{L},0
4616,315,1,19,0,-4.533333333340975,{L},0
4616,316,1,9,0,-6.933333333341034,{L},0
4616,317,1,10,0,-9.333333333341084,{L},0
