time_step,passenger_sequence,target_x,target_y,current_x,current_y,current_cell,state
4278,272,11,19,9.399999999999983,18,{L},0
4278,273,5,27,4.5,25,{L},2
4278,275,11,9,7.39999999999999,11,{L},0
4278,276,9,21,4.000000000000002,18,{L},0
4278,277,5,26,0,23.59999999999452,{L},0
4278,278,11,3,4.799999999999999,4,{L},0
4278,279,11,10,3.0000000000000013,11,{L},0
4278,280,9,20,0,14.266666666661036,{L},0
4278,281,9,1,1.2,4,{L},0
4278,282,9,8,0,9.066666666660907,{L},0
4278,283,9,19,0,4.8666666666608505,{L},0
4278,284,9,2,0,2.266666666660789,{L},0
4278,285,9,9,0,-0.133333333339268,{L},0
4278,286,7,21,0,-2.533333333339325,{L},0
4278,287,9,3,0,-4.93333333333938,{L},0
4278,288,9,10,0,-7.333333333339439,{L},0
4278,289,7,20,0,-9.733333333339491,{L},0
4278,290,7,1,0,-12.133333333339543,{L},0
4278,291,7,8,0,-14.533333333339591,{L},0
4278,292,7,19,0,-16.93333333333964,{L},0
4278,293,7,2,0,-19.333333333339684,{L},0
4278,294,7,9,0,-21.466666666673067,{L},0
4278,295,5,21,0,-23.466666666673117,{L},0
4278,296,7,3,0,-25.333333333339837,{L},0
4278,297,7,10,0,-26.93333333333989,{L},0
4278,298,5,20,0,-28.53333333333994,{L},0
4278,299,5,1,0,-30.200000000006654,{L},0
4278,300,5,8,0,-31.800000000006705,{L},0
4278,301,5,19,0,-33.400000000006756,{L},0
4278,302,5,2,0,-35.06666666667348,{L},0
4278,303,5,9,0,-36.66666666667353,{L},0
4278,304,3,21,0,-38.26666666667358,{L},0
4278,305,5,3,0,-39.93333333334029,{L},0
4278,306,5,10,0,-41.533333333340344,{L},0
4278,307,3,20,0,-43.133333333340396,{L},0
4278,308,3,8,0,-44.80000000000712,{L},0
4278,309,3,19,0,-46.40000000000717,{L},0
4278,310,3,9,0,-48.00000000000722,{L},0
4278,311,1,21,0,-49.66666666667393,{L},0
4278,312,3,10,0,-51.266666666673984,{L},0
4278,313,1,20,0,-52.866666666674035,{L},0
4278,314,1,8,0,-54.53333333334076,{L},0
4278,315,1,19,0,-56.13333333334081,{L},0
4278,316,1,9,0,-57.73333333334086,{L},0
4278,317,1,10,0,-59.40000000000757,{L},0
