time_step,passenger_sequence,target_x,target_y,current_x,current_y,current_cell,state
4216,268,11,20,9.666666666666648,18,{L},0
4216,269,5,28,4.5,25,{L},2
4216,271,11,8,9.133333333333317,11,{L},0
4216,272,11,19,5.299999999999997,18,{L},0
4216,273,5,27,0,22.79999999999474,{L},0
4216,274,11,2,6.799999999999992,4,{L},0
4216,275,11,9,2.9000000000000012,11,{L},0
4216,276,9,21,0,11.799999999994592,{L},0
4216,277,5,26,0,7.266666666661192,{L},0
4216,278,11,3,0.30000000000000004,4,{L},0
4216,279,11,10,0,2.1333333333277396,{L},0
4216,280,9,20,0,-0.5333333333389838,{L},0
4216,281,9,1,0,-2.9333333333390375,{L},0
4216,282,9,8,0,-5.333333333339096,{L},0
4216,283,9,19,0,-7.733333333339155,{L},0
4216,284,9,2,0,-10.133333333339209,{L},0
4216,285,9,9,0,-12.533333333339257,{L},0
4216,286,7,21,0,-14.933333333339306,{L},0
4216,287,9,3,0,-17.33333333333935,{L},0
4216,288,9,10,0,-19.600000000006066,{L},0
4216,289,7,20,0,-21.73333333333945,{L},0
4216,290,7,1,0,-23.800000000006168,{L},0
4216,291,7,8,0,-25.466666666672886,{L},0
4216,292,7,19,0,-27.066666666672937,{L},0
4216,293,7,2,0,-28.73333333333965,{L},0
4216,294,7,9,0,-30.333333333339702,{L},0
4216,295,5,21,0,-31.933333333339753,{L},0
4216,296,7,3,0,-33.600000000006474,{L},0
4216,297,7,10,0,-35.200000000006526,{L},0
4216,298,5,20,0,-36.80000000000658,{L},0
4216,299,5,1,0,-38.46666666667329,{L},0
4216,300,5,8,0,-40.06666666667334,{L},0
4216,301,5,19,0,-41.66666666667339,{L},0
4216,302,5,2,0,-43.333333333340114,{L},0
4216,303,5,9,0,-44.933333333340165,{L},0
4216,304,3,21,0,-46.53333333334022,{L},0
4216,305,5,3,0,-48.20000000000693,{L},0
4216,306,5,10,0,-49.80000000000698,{L},0
4216,307,3,20,0,-51.40000000000703,{L},0
4216,308,3,8,0,-53.066666666673754,{L},0
4216,309,3,19,0,-54.666666666673805,{L},0
4216,310,3,9,0,-56.266666666673856,{L},0
4216,311,1,21,0,-57.93333333334057,{L},0
4216,312,3,10,0,-59.53333333334062,{L},0
4216,313,1,20,0,-61.13333333334067,{L},0
4216,314,1,8,0,-62.800000000007394,{L},0
4216,315,1,19,0,-64.40000000000747,{L},0
4216,316,1,9,0,-66.0000000000076,{L},0
4216,317,1,10,0,-67.6666666666744,{L},0
