time_step,passenger_sequence,target_x,target_y,current_x,current_y,current_cell,state
4681,309,3,19,2.2000000000000006,18,{L},0
4681,310,3,9,2.500000000000001,11,{L},2
4681,311,1,21,0,14.533333333325949,{L},1
4681,312,3,10,0,11,{L},1
4681,313,1,20,0,8.133333333325815,{L},1
4681,314,1,8,0,5.666666666659086,{L},1
4681,315,1,19,0,3.266666666659028,{L},1
4681,316,1,9,0,0.86666666665897,{L},1
4681,317,1,10,0,-1.5333333333410832,{L},1
