time_step,passenger_sequence,target_x,target_y,current_x,current_y,current_cell,state
4504,288,9,10,8.599999999999985,11,{L},2
4504,291,7,8,6.5999999999999925,11,{L},2
4504,292,7,19,3.4000000000000017,18,{L},0
4504,293,7,2,6.5999999999999925,4,{L},2
4504,294,7,9,4.6,11,{L},1
4504,295,5,21,1.6000000000000003,18,{L},0
4504,296,7,3,4.6,4,{L},1
4504,297,7,10,2.700000000000001,11,{L},1
4504,298,5,20,0,16.933333333326683,{L},0
4504,299,5,1,2.800000000000001,4,{L},1
4504,300,5,8,0.4,11,{L},0
4504,301,5,19,0,7.333333333326494,{L},0
4504,302,5,2,0.30000000000000004,4,{L},0
4504,303,5,9,0,2.1333333333263753,{L},0
4504,304,3,21,0,-0.533333333340348,{L},0
4504,305,5,3,0,-2.9333333333404017,{L},0
4504,306,5,10,0,-5.333333333340461,{L},0
4504,307,3,20,0,-7.73333333334052,{L},0
4504,308,3,8,0,-10.133333333340573,{L},0
4504,309,3,19,0,-12.533333333340622,{L},0
4504,310,3,9,0,-14.93333333334067,{L},0
4504,311,1,21,0,-17.333333333340715,{L},0
4504,312,3,10,0,-19.733333333340763,{L},0
4504,313,1,20,0,-22.00000000000748,{L},0
4504,314,1,8,0,-24.066666666674198,{L},0
4504,315,1,19,0,-25.933333333340915,{L},0
4504,316,1,9,0,-27.600000000007633,{L},0
4504,317,1,10,0,-29.266666666674347,{L},0
