time_step,passenger_sequence,target_x,target_y,current_x,current_y,current_cell,state
4461,283,9,19,8.599999999999985,18,{L},2
4461,286,7,21,6.5999999999999925,18,{L},2
4461,287,9,3,8.599999999999985,4,{L},2
4461,288,9,10,5.399999999999997,11,{L},0
4461,289,7,20,4.6,18,{L},1
4461,290,7,1,6.5999999999999925,4,{L},2
4461,291,7,8,3.5000000000000018,11,{L},0
4461,292,7,19,0.9999999999999999,18,{L},1
4461,293,7,2,4.6,4,{L},1
4461,294,7,9,1.6000000000000003,11,{L},0
4461,295,5,21,0,15.06666666666019,{L},0
4461,296,7,3,2.700000000000001,4,{L},1
4461,297,7,10,0,9.866666666660054,{L},0
4461,298,5,20,0,5.599999999993328,{L},0
4461,299,5,1,0,2.8666666666599405,{L},0
4461,300,5,8,0,0.46666666665988293,{L},0
4461,301,5,19,0,-1.9333333333401737,{L},0
4461,302,5,2,0,-4.333333333340236,{L},0
4461,303,5,9,0,-6.733333333340295,{L},0
4461,304,3,21,0,-9.13333333334035,{L},0
4461,305,5,3,0,-11.533333333340394,{L},0
4461,306,5,10,0,-13.933333333340443,{L},0
4461,307,3,20,0,-16.33333333334049,{L},0
4461,308,3,8,0,-18.733333333340543,{L},0
4461,309,3,19,0,-21.066666666673925,{L},0
4461,310,3,9,0,-23.200000000007307,{L},0
4461,311,1,21,0,-25.200000000007353,{L},0
4461,312,3,10,0,-26.86666666667407,{L},0
4461,313,1,20,0,-28.466666666674122,{L},0
4461,314,1,8,0,-30.133333333340843,{L},0
4461,315,1,19,0,-31.733333333340894,{L},0
4461,316,1,9,0,-33.333333333340946,{L},0
4461,317,1,10,0,-35.00000000000766,{L},0
