time_step,passenger_sequence,target_x,target_y,current_x,current_y,current_cell,state
4693,309,3,19,2.500000000000001,18,{L},2
4693,311,1,21,0,15.599999999992619,{L},0
4693,312,3,10,0.4,11,{L},0
4693,313,1,20,0,9.199999999992485,{L},0
4693,314,1,8,0,6.466666666659087,{L},0
4693,315,1,19,0,4.066666666659028,{L},0
4693,316,1,9,0,1.6666666666589698,{L},0
4693,317,1,10,0,-0.7333333333410834,{L},0
