time_step,passenger_sequence,target_x,target_y,current_x,current_y,current_cell,state
4400,280,9,20,8.599999999999985,18,{L},2
4400,282,9,8,8.199999999999987,11,{L},0
4400,283,9,19,4.899999999999999,18,{L},1
4400,284,9,2,8.099999999999987,4,{L},0
4400,285,9,9,6.299999999999994,11,{L},0
4400,286,7,21,3.0000000000000013,18,{L},1
4400,287,9,3,4.5,4,{L},0
4400,288,9,10,2.700000000000001,11,{L},0
4400,289,7,20,0.1,18,{L},0
4400,290,7,1,2.600000000000001,4,{L},0
4400,291,7,8,0.7999999999999999,11,{L},0
4400,292,7,19,0,8.39999999999367,{L},0
4400,293,7,2,0.7,4,{L},0
4400,294,7,9,0,3.199999999993557,{L},0
4400,295,5,21,0,0.26666666666016714,{L},0
4400,296,7,3,0,-2.133333333339893,{L},0
4400,297,7,10,0,-4.533333333339952,{L},0
4400,298,5,20,0,-6.933333333340011,{L},0
4400,299,5,1,0,-9.333333333340061,{L},0
4400,300,5,8,0,-11.73333333334011,{L},0
4400,301,5,19,0,-14.133333333340158,{L},0
4400,302,5,2,0,-16.53333333334021,{L},0
4400,303,5,9,0,-18.933333333340258,{L},0
4400,304,3,21,0,-21.200000000006973,{L},0
4400,305,5,3,0,-23.266666666673686,{L},0
4400,306,5,10,0,-25.20000000000707,{L},0
4400,307,3,20,0,-26.866666666673787,{L},0
4400,308,3,8,0,-28.533333333340508,{L},0
4400,309,3,19,0,-30.13333333334056,{L},0
4400,310,3,9,0,-31.73333333334061,{L},0
4400,311,1,21,0,-33.400000000007324,{L},0
4400,312,3,10,0,-35.000000000007375,{L},0
4400,313,1,20,0,-36.60000000000743,{L},0
4400,314,1,8,0,-38.26666666667415,{L},0
4400,315,1,19,0,-39.8666666666742,{L},0
4400,316,1,9,0,-41.46666666667425,{L},0
4400,317,1,10,0,-43.133333333340964,{L},0
