time_step,passenger_sequence,target_x,target_y,current_x,current_y,current_cell,state
4731,312,3,10,2.500000000000001,11,{L},3
4731,313,1,20,0.5,18,{L},2
4731,314,1,8,0.2,11,{L},0
4731,315,1,19,0,7.933333333325698,{L},1
4731,316,1,9,0,5.4666666666589725,{L},1
4731,317,1,10,0,3.0666666666589175,{L},1
