time_step,passenger_sequence,target_x,target_y,current_x,current_y,current_cell,state
4765,315,1,19,0,11.93333333332571,{L},0
4765,316,1,9,0,8.466666666658973,{L},0
4765,317,1,10,0,6.06666666665892,{L},0
