time_step,passenger_sequence,target_x,target_y,current_x,current_y,current_cell,state
4452,283,9,19,8.599999999999985,18,{L},2
4452,285,9,9,8.599999999999985,11,{L},2
4452,286,7,21,6.5999999999999925,18,{L},2
4452,287,9,3,7.999999999999988,4,{L},0
4452,288,9,10,4.899999999999999,11,{L},1
4452,289,7,20,4.6,18,{L},1
4452,290,7,1,6.099999999999994,4,{L},0
4452,291,7,8,3.0000000000000013,11,{L},1
4452,292,7,19,0.9999999999999999,18,{L},1
4452,293,7,2,4.200000000000001,4,{L},0
4452,294,7,9,1.0999999999999999,11,{L},1
4452,295,5,21,0,12.666666666660182,{L},0
4452,296,7,3,2.3000000000000007,4,{L},0
4452,297,7,10,0,7.466666666660049,{L},0
4452,298,5,20,0,3.4666666666599943,{L},0
4452,299,5,1,0,1.0666666666599398,{L},0
4452,300,5,8,0,-1.333333333340117,{L},0
4452,301,5,19,0,-3.733333333340175,{L},0
4452,302,5,2,0,-6.133333333340238,{L},0
4452,303,5,9,0,-8.533333333340295,{L},0
4452,304,3,21,0,-10.933333333340343,{L},0
4452,305,5,3,0,-13.333333333340388,{L},0
4452,306,5,10,0,-15.733333333340436,{L},0
4452,307,3,20,0,-18.133333333340484,{L},0
4452,308,3,8,0,-20.46666666667387,{L},0
4452,309,3,19,0,-22.66666666667392,{L},0
4452,310,3,9,0,-24.66666666667397,{L},0
4452,311,1,21,0,-26.466666666674016,{L},0
4452,312,3,10,0,-28.066666666674067,{L},0
4452,313,1,20,0,-29.666666666674118,{L},0
4452,314,1,8,0,-31.33333333334084,{L},0
4452,315,1,19,0,-32.93333333334089,{L},0
4452,316,1,9,0,-34.53333333334094,{L},0
4452,317,1,10,0,-36.200000000007655,{L},0
