time_step,passenger_sequence,target_x,target_y,current_x,current_y,current_cell,state
4379,279,11,10,10.599999999999978,11,{L},2
4379,280,9,20,7.099999999999991,18,{L},0
4379,281,9,1,8.599999999999985,4,{L},2
4379,282,9,8,7.099999999999991,11,{L},1
4379,283,9,19,3.5000000000000018,18,{L},0
4379,284,9,2,6.5999999999999925,4,{L},1
4379,285,9,9,5.1999999999999975,11,{L},1
4379,286,7,21,1.6000000000000003,18,{L},0
4379,287,9,3,3.0000000000000013,4,{L},1
4379,288,9,10,1.6000000000000003,11,{L},1
4379,289,7,20,0,12.399999999993856,{L},0
4379,290,7,1,1.0999999999999999,4,{L},1
4379,291,7,8,0,7.199999999993723,{L},0
4379,292,7,19,0,3.2666666666603352,{L},0
4379,293,7,2,0,0.8666666666602809,{L},0
4379,294,7,9,0,-1.5333333333397758,{L},0
4379,295,5,21,0,-3.933333333339834,{L},0
4379,296,7,3,0,-6.333333333339897,{L},0
4379,297,7,10,0,-8.733333333339953,{L},0
4379,298,5,20,0,-11.133333333340001,{L},0
4379,299,5,1,0,-13.533333333340046,{L},0
4379,300,5,8,0,-15.933333333340094,{L},0
4379,301,5,19,0,-18.333333333340143,{L},0
4379,302,5,2,0,-20.60000000000686,{L},0
4379,303,5,9,0,-22.733333333340244,{L},0
4379,304,3,21,0,-24.733333333340294,{L},0
4379,305,5,3,0,-26.466666666673675,{L},0
4379,306,5,10,0,-28.066666666673726,{L},0
4379,307,3,20,0,-29.666666666673777,{L},0
4379,308,3,8,0,-31.333333333340498,{L},0
4379,309,3,19,0,-32.93333333334055,{L},0
4379,310,3,9,0,-34.5333333333406,{L},0
4379,311,1,21,0,-36.200000000007314,{L},0
4379,312,3,10,0,-37.800000000007365,{L},0
4379,313,1,20,0,-39.40000000000742,{L},0
4379,314,1,8,0,-41.06666666667414,{L},0
4379,315,1,19,0,-42.66666666667419,{L},0
4379,316,1,9,0,-44.26666666667424,{L},0
4379,317,1,10,0,-45.933333333340954,{L},0
