time_step,passenger_sequence,target_x,target_y,current_x,current_y,current_cell,state
4285,272,11,19,10.19999999999998,18,{L},0
4285,273,5,27,4.5,25,{L},3
4285,275,11,9,8.099999999999987,11,{L},0
4285,276,9,21,4.699999999999999,18,{L},0
4285,277,5,26,0.30000000000000004,25,{L},0
4285,278,11,3,5.4999999999999964,4,{L},0
4285,279,11,10,3.700000000000002,11,{L},0
4285,280,9,20,0,16.13333333332771,{L},0
4285,281,9,1,1.9000000000000006,4,{L},0
4285,282,9,8,0.1,11,{L},0
4285,283,9,19,0,6.533333333327517,{L},0
4285,284,9,2,0,4,{L},0
4285,285,9,9,0,1.3333333333273987,{L},0
4285,286,7,21,0,-1.1333333333393247,{L},0
4285,287,9,3,0,-3.533333333339379,{L},0
4285,288,9,10,0,-5.933333333339438,{L},0
4285,289,7,20,0,-8.333333333339496,{L},0
4285,290,7,1,0,-10.733333333339548,{L},0
4285,291,7,8,0,-13.133333333339596,{L},0
4285,292,7,19,0,-15.533333333339645,{L},0
4285,293,7,2,0,-17.93333333333969,{L},0
4285,294,7,9,0,-20.26666666667307,{L},0
4285,295,5,21,0,-22.333333333339787,{L},0
4285,296,7,3,0,-24.33333333333984,{L},0
4285,297,7,10,0,-26.00000000000656,{L},0
4285,298,5,20,0,-27.60000000000661,{L},0
4285,299,5,1,0,-29.266666666673324,{L},0
4285,300,5,8,0,-30.866666666673375,{L},0
4285,301,5,19,0,-32.466666666673426,{L},0
4285,302,5,2,0,-34.13333333334015,{L},0
4285,303,5,9,0,-35.7333333333402,{L},0
4285,304,3,21,0,-37.33333333334025,{L},0
4285,305,5,3,0,-39.00000000000696,{L},0
4285,306,5,10,0,-40.600000000007014,{L},0
4285,307,3,20,0,-42.200000000007066,{L},0
4285,308,3,8,0,-43.86666666667379,{L},0
4285,309,3,19,0,-45.46666666667384,{L},0
4285,310,3,9,0,-47.06666666667389,{L},0
4285,311,1,21,0,-48.7333333333406,{L},0
4285,312,3,10,0,-50.333333333340654,{L},0
4285,313,1,20,0,-51.933333333340705,{L},0
4285,314,1,8,0,-53.60000000000743,{L},0
4285,315,1,19,0,-55.20000000000748,{L},0
4285,316,1,9,0,-56.80000000000753,{L},0
4285,317,1,10,0,-58.46666666667424,{L},0
