time_step,passenger_sequence,target_x,target_y,current_x,current_y,current_cell,state
4663,309,3,19,0.4,18,{L},0
4663,310,3,9,1.5000000000000002,11,{L},0
4663,311,1,21,0,12.133333333325941,{L},0
4663,312,3,10,0,8.666666666659204,{L},0
4663,313,1,20,0,6.266666666659147,{L},0
4663,314,1,8,0,3.866666666659085,{L},0
4663,315,1,19,0,1.4666666666590267,{L},0
4663,316,1,9,0,-0.9333333333410301,{L},0
4663,317,1,10,0,-3.333333333341084,{L},0
