time_step,passenger_sequence,target_x,target_y,current_x,current_y,current_cell,state
4297,272,11,19,10.599999999999978,18,{L},2
4297,275,11,9,9.06666666666665,11,{L},0
4297,276,9,21,4.899999999999999,18,{L},1
4297,277,5,26,1.5000000000000002,25,{L},0
4297,278,11,3,6.699999999999992,4,{L},0
4297,279,11,10,4.899999999999999,11,{L},0
4297,280,9,20,0.6,18,{L},0
4297,281,9,1,3.1000000000000014,4,{L},0
4297,282,9,8,1.3,11,{L},0
4297,283,9,19,0,9.733333333327522,{L},0
4297,284,9,2,1.2,4,{L},0
4297,285,9,9,0,4.533333333327398,{L},0
4297,286,7,21,0,1.2666666666606752,{L},0
4297,287,9,3,0,-1.133333333339378,{L},0
4297,288,9,10,0,-3.533333333339436,{L},0
4297,289,7,20,0,-5.933333333339495,{L},0
4297,290,7,1,0,-8.333333333339557,{L},0
4297,291,7,8,0,-10.733333333339605,{L},0
4297,292,7,19,0,-13.133333333339653,{L},0
4297,293,7,2,0,-15.533333333339698,{L},0
4297,294,7,9,0,-17.933333333339746,{L},0
4297,295,5,21,0,-20.266666666673128,{L},0
4297,296,7,3,0,-22.333333333339848,{L},0
4297,297,7,10,0,-24.333333333339898,{L},0
4297,298,5,20,0,-26.000000000006615,{L},0
4297,299,5,1,0,-27.66666666667333,{L},0
4297,300,5,8,0,-29.26666666667338,{L},0
4297,301,5,19,0,-30.86666666667343,{L},0
4297,302,5,2,0,-32.53333333334015,{L},0
4297,303,5,9,0,-34.133333333340204,{L},0
4297,304,3,21,0,-35.733333333340255,{L},0
4297,305,5,3,0,-37.40000000000697,{L},0
4297,306,5,10,0,-39.00000000000702,{L},0
4297,307,3,20,0,-40.60000000000707,{L},0
4297,308,3,8,0,-42.26666666667379,{L},0
4297,309,3,19,0,-43.866666666673844,{L},0
4297,310,3,9,0,-45.466666666673895,{L},0
4297,311,1,21,0,-47.13333333334061,{L},0
4297,312,3,10,0,-48.73333333334066,{L},0
4297,313,1,20,0,-50.33333333334071,{L},0
4297,314,1,8,0,-52.00000000000743,{L},0
4297,315,1,19,0,-53.60000000000748,{L},0
4297,316,1,9,0,-55.200000000007535,{L},0
4297,317,1,10,0,-56.86666666667425,{L},0
