time_step,passenger_sequence,target_x,target_y,current_x,current_y,current_cell,state
3793,128,26,-1,25.299999999997393,0.0,7,0
3793,131,22,-1,18.56666666666377,0.0,13,0
3793,133,28,3,16.233333333330286,0.0,16,0
3793,134,25,2,15.166666666663554,0.0,17,0
3793,136,19,3,12.133333333330105,0.0,20,0
3793,137,24,-1,10.99999999999671,0.0,21,0
3793,139,13,2,8.599999999996589,0.0,23,0
3793,140,11,-2,6.4333333333298715,0.0,26,0
3793,141,11,1,6.999999999996474,0.0,25,0
3793,142,31,1,4.566666666663082,0.0,27,0
3793,143,5,3,3.6333333333296878,0.0,28,0
3793,144,26,1,5.299999999996288,0.0,27,0
3793,145,6,1,1.7666666666628899,0.0,30,0
3793,146,18,2,0.8333333333294939,0.0,31,0
3793,147,16,1,-0.10000000000390857,0.0,32,0
3793,148,20,-3,-1.1000000000039691,0.0,33,0
3793,149,32,-3,-2.100000000004032,0.0,34,0
3793,150,6,-1,-3.100000000004102,0.0,35,0
3793,151,24,-3,-4.100000000004163,0.0,36,0
3793,152,8,2,-5.100000000004222,0.0,37,0
3793,153,2,-1,-6.100000000004288,0.0,38,0
3793,154,19,-2,-7.100000000004345,0.0,39,0
3793,155,8,1,-8.100000000004403,0.0,40,0
3793,156,29,-2,-9.100000000004462,0.0,41,0
3793,157,11,2,-10.100000000004519,0.0,42,0
3793,158,5,-3,-11.100000000004584,0.0,43,0
3793,159,18,-3,-12.100000000004643,0.0,44,0
3793,160,25,-3,-13.1000000000047,0.0,45,0
3793,161,29,1,-14.100000000004759,0.0,46,0
3793,162,17,-1,-15.100000000004817,0.0,47,0
3793,163,21,3,-16.100000000004876,0.0,48,0
3793,164,13,-1,-17.10000000000495,0.0,49,0
3793,165,17,-2,-18.100000000005025,0.0,50,0
3793,166,22,1,-19.100000000005092,0.0,51,0
3793,167,17,1,-20.100000000005167,0.0,52,0
3793,168,22,2,-21.10000000000524,0.0,53,0
3793,169,24,3,-22.100000000005316,0.0,54,0
3793,170,9,2,-23.10000000000539,0.0,55,0
3793,171,3,2,-24.100000000005465,0.0,56,0
3793,172,22,-2,-25.100000000005533,0.0,57,0
3793,173,4,-2,-26.100000000005608,0.0,58,0
3793,174,19,-1,-27.100000000005682,0.0,59,0
3793,175,25,-2,-28.10000000000575,0.0,60,0
3793,176,27,2,-29.100000000005824,0.0,61,0
3793,177,2,-2,-30.1000000000059,0.0,62,0
3793,178,28,2,-31.100000000005974,0.0,63,0
3793,179,6,-3,-32.10000000000604,0.0,64,0
3793,180,32,3,-33.10000000000612,0.0,65,0
3793,181,15,3,-34.10000000000619,0.0,66,0
3793,182,29,2,-35.10000000000627,0.0,67,0
3793,183,2,3,-36.10000000000635,0.0,68,0
3793,184,18,3,-37.10000000000642,0.0,69,0
3793,185,15,-3,-38.100000000006496,0.0,70,0
3793,186,11,-3,-39.10000000000657,0.0,71,0
3793,187,3,-2,-40.100000000006645,0.0,72,0
3793,188,18,1,-41.100000000006716,0.0,73,0
