time_step,passenger_sequence,target_x,target_y,current_x,current_y,current_cell,state
4767,168,22,2,17.99999999999477,0.0,14,0
4767,169,24,3,15.96666666666135,0.0,16,0
4767,172,22,-2,13.166666666661182,0.0,19,0
4767,174,19,-1,9.799999999994403,0.0,22,0
4767,175,25,-2,8.66666666666102,0.0,23,0
4767,176,27,2,6.033333333327635,0.0,26,0
4767,178,28,2,4.066666666660852,0.0,28,0
4767,179,6,-3,3.1333333333274633,0.0,29,0
4767,180,32,3,2.199999999994067,0.0,30,0
4767,181,15,3,1.2666666666606796,0.0,31,0
4767,182,29,2,0.33333333332728415,0.0,32,0
4767,183,2,3,-0.6666666666727779,0.0,33,0
4767,184,18,3,-1.6666666666728318,0.0,34,0
4767,185,15,-3,-2.666666666672895,0.0,35,0
4767,186,11,-3,-3.666666666672951,0.0,36,0
4767,187,3,-2,-4.6666666666730094,0.0,37,0
4767,188,18,1,-5.666666666673061,0.0,38,0
