time_step,passenger_sequence,target_x,target_y,current_x,current_y,current_cell,state
4579,160,25,-3,24.066666666662012,0.0,8,0
4579,161,29,1,18.233333333328535,0.0,14,0
4579,163,21,3,16.066666666661714,0.0,16,0
4579,165,17,-2,15.699999999994922,0.0,16,0
4579,166,22,1,16.26666666666154,0.0,16,0
4579,167,17,1,14.133333333328146,0.0,18,0
4579,168,22,2,12.199999999994757,0.0,20,0
4579,169,24,3,10.16666666666137,0.0,22,0
4579,172,22,-2,4.366666666661214,0.0,28,0
4579,173,4,-2,3.433333333327819,0.0,29,0
4579,174,19,-1,2.4999999999944227,0.0,30,0
4579,175,25,-2,1.5666666666610352,0.0,30,0
4579,176,27,2,0.6333333333276394,0.0,31,0
4579,177,2,-2,-0.300000000005756,0.0,32,0
4579,178,28,2,-1.3000000000058167,0.0,33,0
4579,179,6,-3,-2.3000000000058725,0.0,34,0
4579,180,32,3,-3.3000000000059355,0.0,35,0
4579,181,15,3,-4.300000000005989,0.0,36,0
4579,182,29,2,-5.300000000006047,0.0,37,0
4579,183,2,3,-6.300000000006106,0.0,38,0
4579,184,18,3,-7.300000000006156,0.0,39,0
4579,185,15,-3,-8.300000000006214,0.0,40,0
4579,186,11,-3,-9.300000000006266,0.0,41,0
4579,187,3,-2,-10.300000000006323,0.0,42,0
4579,188,18,1,-11.300000000006374,0.0,43,0
