time_step,passenger_sequence,target_x,target_y,current_x,current_y,current_cell,state
4850,169,24,3,21.766666666661433,0.0,10,0
4850,172,22,-2,18.966666666661215,0.0,13,0
4850,174,19,-1,15.599999999994383,0.0,16,0
4850,175,25,-2,14.466666666661,0.0,18,0
4850,176,27,2,11.833333333327614,0.0,20,0
4850,178,28,2,9.866666666660832,0.0,22,0
4850,180,32,3,7.9999999999940545,0.0,24,0
4850,181,15,3,5.8666666666606755,0.0,26,0
4850,182,29,2,4.933333333327283,0.0,27,0
4850,184,18,3,2.866666666660503,0.0,29,0
4850,185,15,-3,1.9333333333271072,0.0,30,0
4850,186,11,-3,0.9999999999937181,0.0,31,0
4850,187,3,-2,0.06666666666032428,0.0,32,0
4850,188,18,1,-0.9333333333397306,0.0,33,0
