time_step,passenger_sequence,target_x,target_y,current_x,current_y,current_cell,state
4308,149,32,-3,18.733333333329302,0.0,13,0
4308,151,24,-3,14.66666666666247,0.0,17,0
4308,154,19,-2,10.766666666662292,0.0,21,0
4308,156,29,-2,9.299999999995507,0.0,23,0
4308,157,11,2,7.36666666666212,0.0,25,0
4308,159,18,-3,5.3999999999953285,0.0,27,0
4308,160,25,-3,4.3666666666619385,0.0,28,0
4308,161,29,1,3.4333333333285436,0.0,29,0
4308,162,17,-1,2.4999999999951474,0.0,30,0
4308,163,21,3,1.5666666666617528,0.0,30,0
4308,164,13,-1,0.6333333333283571,0.0,31,0
4308,165,17,-2,-0.30000000000503835,0.0,32,0
4308,166,22,1,-1.300000000005092,0.0,33,0
4308,167,17,1,-2.300000000005155,0.0,34,0
4308,168,22,2,-3.300000000005218,0.0,35,0
4308,169,24,3,-4.300000000005278,0.0,36,0
4308,170,9,2,-5.300000000005337,0.0,37,0
4308,171,3,2,-6.3000000000053955,0.0,38,0
4308,172,22,-2,-7.300000000005445,0.0,39,0
4308,173,4,-2,-8.300000000005504,0.0,40,0
4308,174,19,-1,-9.300000000005562,0.0,41,0
4308,175,25,-2,-10.300000000005612,0.0,42,0
4308,176,27,2,-11.30000000000567,0.0,43,0
4308,177,2,-2,-12.30000000000573,0.0,44,0
4308,178,28,2,-13.300000000005786,0.0,45,0
4308,179,6,-3,-14.300000000005838,0.0,46,0
4308,180,32,3,-15.300000000005896,0.0,47,0
4308,181,15,3,-16.30000000000595,0.0,48,0
4308,182,29,2,-17.300000000006026,0.0,49,0
4308,183,2,3,-18.3000000000061,0.0,50,0
4308,184,18,3,-19.300000000006168,0.0,51,0
4308,185,15,-3,-20.300000000006243,0.0,52,0
4308,186,11,-3,-21.30000000000631,0.0,53,0
4308,187,3,-2,-22.300000000006385,0.0,54,0
4308,188,18,1,-23.300000000006452,0.0,55,0
