time_step,passenger_sequence,target_x,target_y,current_x,current_y,current_cell,state
5038,175,25,-2,24.566666666661117,0.0,7,2
5038,176,27,2,21.833333333327683,0.0,10,1
5038,178,28,2,19.866666666660866,0.0,12,1
5038,180,32,3,17.999999999994053,0.0,14,1
5038,181,15,3,14.566666666660645,0.0,17,2
5038,182,29,2,13.533333333327253,0.0,18,1
5038,184,18,3,15.966666666660462,0.0,16,1
5038,185,15,-3,11.93333333332708,0.0,20,1
5038,188,18,1,6.833333333326928,0.0,25,1
