time_step,passenger_sequence,target_x,target_y,current_x,current_y,current_cell,state
5122,178,28,2,25.86666666666095,0.0,6,0
5122,180,32,3,23.999999999994138,0.0,8,0
5122,182,29,2,17.333333333327264,0.0,15,0
5122,185,15,-3,14.533333333327072,0.0,17,2
5122,188,18,1,9.33333333332692,0.0,23,1
