time_step,passenger_sequence,target_x,target_y,current_x,current_y,current_cell,state
5066,176,27,2,23.933333333327713,0.0,8,0
5066,178,28,2,21.966666666660895,0.0,10,0
5066,180,32,3,20.099999999994083,0.0,12,0
5066,182,29,2,15.133333333327247,0.0,17,1
5066,184,18,3,17.566666666660485,0.0,14,2
5066,185,15,-3,13.433333333327075,0.0,19,1
5066,188,18,1,8.333333333326923,0.0,24,1
