time_step,passenger_sequence,target_x,target_y,current_x,current_y,current_cell,state
5152,178,28,2,27.566666666660975,0.0,4,2
5152,180,32,3,25.59999999999416,0.0,6,1
5152,182,29,2,18.933333333327287,0.0,13,1
5152,188,18,1,9.633333333326918,0.0,22,1
