time_step,passenger_sequence,target_x,target_y,current_x,current_y,current_cell,state
5010,175,25,-2,22.866666666661093,0.0,9,0
5010,176,27,2,20.23333333332766,0.0,12,0
5010,178,28,2,18.266666666660843,0.0,14,0
5010,180,32,3,16.39999999999403,0.0,16,0
5010,181,15,3,14.266666666660646,0.0,18,0
5010,182,29,2,13.333333333327253,0.0,19,0
5010,184,18,3,14.366666666660468,0.0,18,0
5010,185,15,-3,10.333333333327086,0.0,22,0
5010,186,11,-3,10.599999999993697,0.0,21,2
5010,188,18,1,6.833333333326928,0.0,25,1
