time_step,passenger_sequence,target_x,target_y,current_x,current_y,current_cell,state
5060,176,27,2,23.333333333327705,0.0,9,0
5060,178,28,2,21.366666666660887,0.0,11,0
5060,180,32,3,19.499999999994074,0.0,13,0
5060,182,29,2,15.033333333327247,0.0,17,0
5060,184,18,3,17.466666666660483,0.0,15,0
5060,185,15,-3,13.433333333327075,0.0,19,0
5060,188,18,1,8.333333333326923,0.0,24,0
