time_step,passenger_sequence,target_x,target_y,current_x,current_y,current_cell,state
5089,176,27,2,26.233333333327746,0.0,6,0
5089,178,28,2,24.266666666660928,0.0,8,0
5089,180,32,3,22.399999999994115,0.0,10,0
5089,182,29,2,15.733333333327245,0.0,16,0
5089,185,15,-3,14.133333333327073,0.0,18,0
5089,188,18,1,9.03333333332692,0.0,23,0
