time_step,passenger_sequence,target_x,target_y,current_x,current_y,current_cell,state
5105,176,27,2,26.53333333332775,0.0,5,2
5105,178,28,2,24.46666666666093,0.0,8,1
5105,180,32,3,22.599999999994118,0.0,9,1
5105,182,29,2,15.933333333327244,0.0,16,1
5105,185,15,-3,14.333333333327072,0.0,18,1
5105,188,18,1,9.23333333332692,0.0,23,1
