time_step,passenger_sequence,target_x,target_y,current_x,current_y,current_cell,state
2925,142,32,-1,9.499999999996287,0.0,23,0
2925,143,30,-1,8.566666666662897,0.0,23,0
2925,144,28,-1,7.633333333329505,0.0,24,0
2925,145,26,-1,6.699999999996113,0.0,25,0
2925,146,24,-1,5.766666666662722,0.0,26,0
2925,147,22,-1,4.83333333332933,0.0,27,0
2925,148,20,-1,3.8999999999959374,0.0,28,0
2925,149,18,-1,2.9666666666625425,0.0,29,0
2925,150,16,-1,2.0333333333291463,0.0,30,0
2925,151,14,-1,1.0999999999957504,0.0,31,0
2925,152,12,-1,0.16666666666236354,0.0,32,0
2925,153,10,-1,-0.8333333333376984,0.0,33,0
2925,154,8,-1,-1.833333333337761,0.0,34,0
2925,155,6,-1,-2.833333333337823,0.0,35,0
2925,156,4,-1,-3.8333333333378787,0.0,36,0
2925,157,2,-1,-4.833333333337938,0.0,37,0
2925,158,31,1,-5.833333333337995,0.0,38,0
2925,159,29,1,-6.833333333338047,0.0,39,0
2925,160,27,1,-7.833333333338105,0.0,40,0
2925,161,25,1,-8.833333333338162,0.0,41,0
2925,162,23,1,-9.833333333338214,0.0,42,0
2925,163,21,1,-10.833333333338272,0.0,43,0
2925,164,19,1,-11.833333333338329,0.0,44,0
2925,165,17,1,-12.83333333333838,0.0,45,0
2925,166,15,1,-13.83333333333844,0.0,46,0
2925,167,13,1,-14.833333333338489,0.0,47,0
2925,168,11,1,-15.833333333338548,0.0,48,0
2925,169,9,1,-16.83333333333862,0.0,49,0
2925,170,7,1,-17.833333333338686,0.0,50,0
2925,171,5,1,-18.833333333338754,0.0,51,0
2925,172,3,1,-19.833333333338828,0.0,52,0
2925,173,31,-1,-20.833333333338903,0.0,53,0
2925,174,29,-1,-21.83333333333897,0.0,54,0
2925,175,27,-1,-22.833333333339038,0.0,55,0
2925,176,25,-1,-23.833333333339112,0.0,56,0
2925,177,23,-1,-24.83333333333918,0.0,57,0
2925,178,21,-1,-25.833333333339255,0.0,58,0
2925,179,19,-1,-26.833333333339322,0.0,59,0
2925,180,17,-1,-27.833333333339397,0.0,60,0
2925,181,15,-1,-28.833333333339464,0.0,61,0
2925,182,13,-1,-29.83333333333953,0.0,62,0
2925,183,11,-1,-30.833333333339606,0.0,63,0
2925,184,9,-1,-31.833333333339674,0.0,64,0
2925,185,7,-1,-32.83333333333975,0.0,65,0
2925,186,5,-1,-33.83333333333982,0.0,66,0
2925,187,3,-1,-34.833333333339894,0.0,67,0
2925,188,1,-1,-35.83333333333997,0.0,68,0
