time_step,passenger_sequence,target_x,target_y,current_x,current_y,current_cell,state
2899,142,32,-1,6.899999999996297,0.0,25,0
2899,143,30,-1,5.966666666662906,0.0,26,0
2899,144,28,-1,5.033333333329514,0.0,27,0
2899,145,26,-1,4.099999999996122,0.0,28,0
2899,146,24,-1,3.1666666666627274,0.0,29,0
2899,147,22,-1,2.2333333333293313,0.0,30,0
2899,148,20,-1,1.2999999999959353,0.0,31,0
2899,149,18,-1,0.3666666666625412,0.0,32,0
2899,150,16,-1,-0.6333333333375208,0.0,33,0
2899,151,14,-1,-1.6333333333375832,0.0,34,0
2899,152,12,-1,-2.633333333337638,0.0,35,0
2899,153,10,-1,-3.633333333337701,0.0,36,0
2899,154,8,-1,-4.633333333337761,0.0,37,0
2899,155,6,-1,-5.633333333337818,0.0,38,0
2899,156,4,-1,-6.63333333333787,0.0,39,0
2899,157,2,-1,-7.633333333337928,0.0,40,0
2899,158,31,1,-8.633333333337985,0.0,41,0
2899,159,29,1,-9.633333333338037,0.0,42,0
2899,160,27,1,-10.633333333338095,0.0,43,0
2899,161,25,1,-11.633333333338152,0.0,44,0
2899,162,23,1,-12.633333333338204,0.0,45,0
2899,163,21,1,-13.633333333338262,0.0,46,0
2899,164,19,1,-14.633333333338319,0.0,47,0
2899,165,17,1,-15.63333333333837,0.0,48,0
2899,166,15,1,-16.633333333338438,0.0,49,0
2899,167,13,1,-17.633333333338506,0.0,50,0
2899,168,11,1,-18.63333333333858,0.0,51,0
2899,169,9,1,-19.633333333338655,0.0,52,0
2899,170,7,1,-20.633333333338722,0.0,53,0
2899,171,5,1,-21.63333333333879,0.0,54,0
2899,172,3,1,-22.633333333338864,0.0,55,0
2899,173,31,-1,-23.63333333333894,0.0,56,0
2899,174,29,-1,-24.633333333339007,0.0,57,0
2899,175,27,-1,-25.633333333339074,0.0,58,0
2899,176,25,-1,-26.63333333333915,0.0,59,0
2899,177,23,-1,-27.633333333339216,0.0,60,0
2899,178,21,-1,-28.63333333333929,0.0,61,0
2899,179,19,-1,-29.63333333333936,0.0,62,0
2899,180,17,-1,-30.633333333339433,0.0,63,0
2899,181,15,-1,-31.6333333333395,0.0,64,0
2899,182,13,-1,-32.63333333333957,0.0,65,0
2899,183,11,-1,-33.63333333333965,0.0,66,0
2899,184,9,-1,-34.63333333333972,0.0,67,0
2899,185,7,-1,-35.6333333333398,0.0,68,0
2899,186,5,-1,-36.63333333333987,0.0,69,0
2899,187,3,-1,-37.63333333333994,0.0,70,0
2899,188,1,-1,-38.63333333334002,0.0,71,0
