time_step,passenger_sequence,target_x,target_y,current_x,current_y,current_cell,state
2885,142,32,-1,5.499999999996302,0.0,27,0
2885,143,30,-1,4.566666666662911,0.0,27,0
2885,144,28,-1,3.6333333333295172,0.0,28,0
2885,145,26,-1,2.699999999996121,0.0,29,0
2885,146,24,-1,1.7666666666627264,0.0,30,0
2885,147,22,-1,0.8333333333293305,0.0,31,0
2885,148,20,-1,-0.10000000000406489,0.0,32,0
2885,149,18,-1,-1.1000000000041255,0.0,33,0
2885,150,16,-1,-2.1000000000041883,0.0,34,0
2885,151,14,-1,-3.1000000000042514,0.0,35,0
2885,152,12,-1,-4.1000000000043055,0.0,36,0
2885,153,10,-1,-5.100000000004364,0.0,37,0
2885,154,8,-1,-6.100000000004423,0.0,38,0
2885,155,6,-1,-7.10000000000448,0.0,39,0
2885,156,4,-1,-8.100000000004531,0.0,40,0
2885,157,2,-1,-9.10000000000459,0.0,41,0
2885,158,31,1,-10.100000000004647,0.0,42,0
2885,159,29,1,-11.100000000004698,0.0,43,0
2885,160,27,1,-12.100000000004757,0.0,44,0
2885,161,25,1,-13.100000000004814,0.0,45,0
2885,162,23,1,-14.100000000004865,0.0,46,0
2885,163,21,1,-15.100000000004924,0.0,47,0
2885,164,19,1,-16.100000000004982,0.0,48,0
2885,165,17,1,-17.10000000000505,0.0,49,0
2885,166,15,1,-18.100000000005124,0.0,50,0
2885,167,13,1,-19.100000000005192,0.0,51,0
2885,168,11,1,-20.100000000005267,0.0,52,0
2885,169,9,1,-21.10000000000534,0.0,53,0
2885,170,7,1,-22.10000000000541,0.0,54,0
2885,171,5,1,-23.100000000005476,0.0,55,0
2885,172,3,1,-24.10000000000555,0.0,56,0
2885,173,31,-1,-25.100000000005625,0.0,57,0
2885,174,29,-1,-26.100000000005693,0.0,58,0
2885,175,27,-1,-27.10000000000576,0.0,59,0
2885,176,25,-1,-28.100000000005835,0.0,60,0
2885,177,23,-1,-29.100000000005902,0.0,61,0
2885,178,21,-1,-30.100000000005977,0.0,62,0
2885,179,19,-1,-31.100000000006045,0.0,63,0
2885,180,17,-1,-32.10000000000612,0.0,64,0
2885,181,15,-1,-33.10000000000619,0.0,65,0
2885,182,13,-1,-34.10000000000626,0.0,66,0
2885,183,11,-1,-35.10000000000634,0.0,67,0
2885,184,9,-1,-36.10000000000641,0.0,68,0
2885,185,7,-1,-37.10000000000649,0.0,69,0
2885,186,5,-1,-38.10000000000656,0.0,70,0
2885,187,3,-1,-39.10000000000663,0.0,71,0
2885,188,1,-1,-40.10000000000671,0.0,72,0
