time_step,passenger_sequence,target_x,target_y,current_x,current_y,current_cell,state
3537,173,31,-1,8.166666666661108,0.0,24,0
3537,174,29,-1,7.233333333327723,0.0,25,0
3537,175,27,-1,6.299999999994338,0.0,26,0
3537,176,25,-1,5.366666666660947,0.0,27,0
3537,177,23,-1,4.433333333327562,0.0,28,0
3537,178,21,-1,3.4999999999941678,0.0,29,0
3537,179,19,-1,2.56666666666078,0.0,29,0
3537,180,17,-1,1.633333333327384,0.0,30,0
3537,181,15,-1,0.6999999999939953,0.0,31,0
3537,182,13,-1,-0.23333333333939152,0.0,32,0
3537,183,11,-1,-1.2333333333394536,0.0,33,0
3537,184,9,-1,-2.2333333333395093,0.0,34,0
3537,185,7,-1,-3.233333333339571,0.0,35,0
3537,186,5,-1,-4.233333333339626,0.0,36,0
3537,187,3,-1,-5.233333333339678,0.0,37,0
3537,188,1,-1,-6.2333333333397345,0.0,38,0
