time_step,passenger_sequence,target_x,target_y,current_x,current_y,current_cell,state
3671,173,31,-1,21.56666666666116,0.0,10,0
3671,174,29,-1,20.63333333332776,0.0,11,0
3671,175,27,-1,19.699999999994354,0.0,12,0
3671,176,25,-1,18.76666666666095,0.0,13,0
3671,177,23,-1,17.83333333332755,0.0,14,0
3671,178,21,-1,16.899999999994137,0.0,15,0
3671,179,19,-1,15.966666666660739,0.0,16,0
3671,180,17,-1,15.033333333327347,0.0,17,0
3671,181,15,-1,14.099999999993962,0.0,18,0
3671,182,13,-1,12.56666666666058,0.0,19,2
3671,183,11,-1,10.533333333327192,0.0,21,3
