time_step,passenger_sequence,target_x,target_y,current_x,current_y,current_cell,state
3290,158,31,1,13.166666666661971,0.0,19,0
3290,159,29,1,12.233333333328586,0.0,20,0
3290,160,27,1,11.299999999995194,0.0,21,0
3290,161,25,1,10.366666666661803,0.0,22,0
3290,162,23,1,9.433333333328418,0.0,23,0
3290,163,21,1,8.499999999995026,0.0,24,0
3290,164,19,1,7.566666666661636,0.0,24,0
3290,165,17,1,6.633333333328251,0.0,25,0
3290,166,15,1,5.6999999999948585,0.0,26,0
3290,167,13,1,4.766666666661475,0.0,27,0
3290,168,11,1,3.833333333328082,0.0,28,0
3290,169,9,1,2.899999999994686,0.0,29,0
3290,170,7,1,1.9666666666612984,0.0,30,0
3290,171,5,1,1.0333333333279093,0.0,31,0
3290,172,3,1,0.09999999999451403,0.0,32,0
3290,173,31,-1,-0.9000000000055465,0.0,33,0
3290,174,29,-1,-1.900000000005602,0.0,34,0
3290,175,27,-1,-2.900000000005658,0.0,35,0
3290,176,25,-1,-3.90000000000572,0.0,36,0
3290,177,23,-1,-4.900000000005772,0.0,37,0
3290,178,21,-1,-5.90000000000583,0.0,38,0
3290,179,19,-1,-6.90000000000588,0.0,39,0
3290,180,17,-1,-7.900000000005939,0.0,40,0
3290,181,15,-1,-8.90000000000599,0.0,41,0
3290,182,13,-1,-9.90000000000604,0.0,42,0
3290,183,11,-1,-10.900000000006099,0.0,43,0
3290,184,9,-1,-11.90000000000615,0.0,44,0
3290,185,7,-1,-12.900000000006207,0.0,45,0
3290,186,5,-1,-13.900000000006258,0.0,46,0
3290,187,3,-1,-14.90000000000631,0.0,47,0
3290,188,1,-1,-15.900000000006367,0.0,48,0
