time_step,passenger_sequence,target_x,target_y,current_x,current_y,current_cell,state
3336,158,31,1,17.766666666661987,0.0,14,0
3336,159,29,1,16.833333333328586,0.0,15,0
3336,160,27,1,15.899999999995178,0.0,16,0
3336,161,25,1,14.966666666661787,0.0,17,0
3336,162,23,1,14.033333333328402,0.0,18,0
3336,163,21,1,13.09999999999501,0.0,19,0
3336,164,19,1,12.16666666666162,0.0,20,0
3336,165,17,1,11.233333333328234,0.0,21,0
3336,166,15,1,10.299999999994842,0.0,22,0
3336,167,13,1,9.366666666661459,0.0,23,0
3336,168,11,1,8.433333333328067,0.0,24,0
3336,169,9,1,7.4999999999946745,0.0,25,0
3336,170,7,1,6.566666666661291,0.0,25,2
3336,171,5,1,4.53333333332791,0.0,27,2
3336,173,31,-1,1.5666666666611204,0.0,30,1
3336,174,29,-1,0.6333333333277318,0.0,31,1
3336,175,27,-1,-0.3000000000056565,0.0,32,1
3336,176,25,-1,-1.3000000000057172,0.0,33,1
3336,177,23,-1,-2.300000000005773,0.0,34,1
3336,178,21,-1,-3.300000000005836,0.0,35,1
3336,179,19,-1,-4.300000000005889,0.0,36,1
3336,180,17,-1,-5.300000000005948,0.0,37,1
3336,181,15,-1,-6.3000000000059995,0.0,38,1
3336,182,13,-1,-7.300000000006049,0.0,39,1
3336,183,11,-1,-8.300000000006108,0.0,40,1
3336,184,9,-1,-9.30000000000616,0.0,41,1
3336,185,7,-1,-10.300000000006216,0.0,42,1
3336,186,5,-1,-11.300000000006268,0.0,43,1
3336,187,3,-1,-12.30000000000632,0.0,44,1
3336,188,1,-1,-13.300000000006376,0.0,45,1
