time_step,passenger_sequence,target_x,target_y,current_x,current_y,current_cell,state
3173,158,31,1,1.4666666666620014,0.0,31,0
3173,159,29,1,0.5333333333286129,0.0,31,0
3173,160,27,1,-0.4666666666714492,0.0,32,0
3173,161,25,1,-1.46666666667151,0.0,33,0
3173,162,23,1,-2.466666666671566,0.0,34,0
3173,163,21,1,-3.466666666671629,0.0,35,0
3173,164,19,1,-4.4666666666716885,0.0,36,0
3173,165,17,1,-5.46666666667174,0.0,37,0
3173,166,15,1,-6.466666666671799,0.0,38,0
3173,167,13,1,-7.466666666671848,0.0,39,0
3173,168,11,1,-8.466666666671907,0.0,40,0
3173,169,9,1,-9.466666666671966,0.0,41,0
3173,170,7,1,-10.466666666672015,0.0,42,0
3173,171,5,1,-11.466666666672067,0.0,43,0
3173,172,3,1,-12.466666666672126,0.0,44,0
3173,173,31,-1,-13.466666666672182,0.0,45,0
3173,174,29,-1,-14.466666666672234,0.0,46,0
3173,175,27,-1,-15.466666666672285,0.0,47,0
3173,176,25,-1,-16.46666666667235,0.0,48,0
3173,177,23,-1,-17.466666666672417,0.0,49,0
3173,178,21,-1,-18.46666666667249,0.0,50,0
3173,179,19,-1,-19.46666666667256,0.0,51,0
3173,180,17,-1,-20.466666666672634,0.0,52,0
3173,181,15,-1,-21.4666666666727,0.0,53,0
3173,182,13,-1,-22.46666666667277,0.0,54,0
3173,183,11,-1,-23.466666666672843,0.0,55,0
3173,184,9,-1,-24.46666666667291,0.0,56,0
3173,185,7,-1,-25.466666666672985,0.0,57,0
3173,186,5,-1,-26.466666666673053,0.0,58,0
3173,187,3,-1,-27.46666666667312,0.0,59,0
3173,188,1,-1,-28.466666666673195,0.0,60,0
