time_step,passenger_sequence,target_x,target_y,current_x,current_y,current_cell,state
3479,173,31,-1,2.366666666661121,0.0,30,0
3479,174,29,-1,1.433333333327732,0.0,31,0
3479,175,27,-1,0.4999999999943435,0.0,32,0
3479,176,25,-1,-0.5000000000057171,0.0,33,0
3479,177,23,-1,-1.5000000000057723,0.0,34,0
3479,178,21,-1,-2.5000000000058353,0.0,35,0
3479,179,19,-1,-3.50000000000589,0.0,36,0
3479,180,17,-1,-4.500000000005951,0.0,37,0
3479,181,15,-1,-5.500000000006002,0.0,38,0
3479,182,13,-1,-6.500000000006052,0.0,39,0
3479,183,11,-1,-7.500000000006111,0.0,40,0
3479,184,9,-1,-8.500000000006162,0.0,41,0
3479,185,7,-1,-9.500000000006219,0.0,42,0
3479,186,5,-1,-10.50000000000627,0.0,43,0
3479,187,3,-1,-11.500000000006322,0.0,44,0
3479,188,1,-1,-12.500000000006379,0.0,45,0
