time_step,passenger_sequence,target_x,target_y,current_x,current_y,current_cell,state
3481,173,31,-1,2.566666666661121,0.0,29,0
3481,174,29,-1,1.6333333333277322,0.0,30,0
3481,175,27,-1,0.6999999999943435,0.0,31,0
3481,176,25,-1,-0.23333333333905046,0.0,32,0
3481,177,23,-1,-1.2333333333391054,0.0,33,0
3481,178,21,-1,-2.2333333333391683,0.0,34,0
3481,179,19,-1,-3.233333333339223,0.0,35,0
3481,180,17,-1,-4.233333333339285,0.0,36,0
3481,181,15,-1,-5.233333333339337,0.0,37,0
3481,182,13,-1,-6.233333333339386,0.0,38,0
3481,183,11,-1,-7.233333333339445,0.0,39,0
3481,184,9,-1,-8.233333333339496,0.0,40,0
3481,185,7,-1,-9.233333333339553,0.0,41,0
3481,186,5,-1,-10.233333333339605,0.0,42,0
3481,187,3,-1,-11.233333333339656,0.0,43,0
3481,188,1,-1,-12.233333333339713,0.0,44,0
