time_step,passenger_sequence,target_x,target_y,current_x,current_y,current_cell,state
3619,173,31,-1,16.366666666661086,0.0,16,0
3619,174,29,-1,15.433333333327694,0.0,17,0
3619,175,27,-1,14.499999999994309,0.0,18,0
3619,176,25,-1,13.566666666660918,0.0,18,0
3619,177,23,-1,12.633333333327533,0.0,19,0
3619,178,21,-1,11.69999999999414,0.0,20,0
3619,179,19,-1,10.766666666660758,0.0,21,0
3619,180,17,-1,9.833333333327365,0.0,22,0
3619,181,15,-1,8.89999999999398,0.0,23,0
3619,182,13,-1,7.966666666660597,0.0,24,0
3619,183,11,-1,7.033333333327205,0.0,25,0
3619,184,9,-1,6.09999999999382,0.0,26,0
3619,185,7,-1,5.166666666660429,0.0,27,0
3619,186,5,-1,4.233333333327044,0.0,28,0
3619,187,3,-1,2.5999999999936554,0.0,29,2
3619,188,1,-1,0.5666666666602603,0.0,499,3
