time_step,passenger_sequence,target_x,target_y,current_x,current_y,current_cell,state
3598,173,31,-1,14.266666666661086,0.0,18,0
3598,174,29,-1,13.333333333327701,0.0,19,0
3598,175,27,-1,12.399999999994316,0.0,20,0
3598,176,25,-1,11.466666666660926,0.0,21,0
3598,177,23,-1,10.53333333332754,0.0,21,0
3598,178,21,-1,9.599999999994148,0.0,22,0
3598,179,19,-1,8.666666666660765,0.0,23,0
3598,180,17,-1,7.733333333327373,0.0,24,0
3598,181,15,-1,6.799999999993988,0.0,25,0
3598,182,13,-1,5.866666666660604,0.0,26,0
3598,183,11,-1,4.933333333327212,0.0,27,0
3598,184,9,-1,3.999999999993827,0.0,28,0
3598,185,7,-1,3.0666666666604323,0.0,29,0
3598,186,5,-1,2.1333333333270432,0.0,30,0
3598,187,3,-1,1.1999999999936544,0.0,31,0
3598,188,1,-1,0.26666666666026034,0.0,32,0
