time_step,passenger_sequence,target_x,target_y,current_x,current_y,current_cell,state
3216,158,31,1,5.7666666666619975,0.0,26,0
3216,159,29,1,4.833333333328612,0.0,27,0
3216,160,27,1,3.8999999999952197,0.0,28,0
3216,161,25,1,2.966666666661825,0.0,29,0
3216,162,23,1,2.033333333328436,0.0,30,0
3216,163,21,1,1.0999999999950398,0.0,31,0
3216,164,19,1,0.1666666666616459,0.0,32,0
3216,165,17,1,-0.833333333338409,0.0,33,0
3216,166,15,1,-1.8333333333384716,0.0,34,0
3216,167,13,1,-2.833333333338526,0.0,35,0
3216,168,11,1,-3.8333333333385893,0.0,36,0
3216,169,9,1,-4.833333333338649,0.0,37,0
3216,170,7,1,-5.8333333333386985,0.0,38,0
3216,171,5,1,-6.83333333333875,0.0,39,0
3216,172,3,1,-7.833333333338809,0.0,40,0
3216,173,31,-1,-8.833333333338866,0.0,41,0
3216,174,29,-1,-9.833333333338917,0.0,42,0
3216,175,27,-1,-10.833333333338969,0.0,43,0
3216,176,25,-1,-11.833333333339025,0.0,44,0
3216,177,23,-1,-12.833333333339077,0.0,45,0
3216,178,21,-1,-13.833333333339136,0.0,46,0
3216,179,19,-1,-14.833333333339185,0.0,47,0
3216,180,17,-1,-15.833333333339244,0.0,48,0
3216,181,15,-1,-16.833333333339308,0.0,49,0
3216,182,13,-1,-17.833333333339375,0.0,50,0
3216,183,11,-1,-18.83333333333945,0.0,51,0
3216,184,9,-1,-19.833333333339517,0.0,52,0
3216,185,7,-1,-20.833333333339592,0.0,53,0
3216,186,5,-1,-21.83333333333966,0.0,54,0
3216,187,3,-1,-22.833333333339727,0.0,55,0
3216,188,1,-1,-23.8333333333398,0.0,56,0
