time_step,passenger_sequence,target_x,target_y,current_x,current_y,current_cell,state
3217,158,31,1,5.866666666661997,0.0,26,0
3217,159,29,1,4.933333333328612,0.0,27,0
3217,160,27,1,3.99999999999522,0.0,28,0
3217,161,25,1,3.066666666661825,0.0,29,0
3217,162,23,1,2.133333333328436,0.0,30,0
3217,163,21,1,1.19999999999504,0.0,31,0
3217,164,19,1,0.2666666666616459,0.0,32,0
3217,165,17,1,-0.733333333338409,0.0,33,0
3217,166,15,1,-1.7333333333384715,0.0,34,0
3217,167,13,1,-2.733333333338526,0.0,35,0
3217,168,11,1,-3.733333333338589,0.0,36,0
3217,169,9,1,-4.733333333338649,0.0,37,0
3217,170,7,1,-5.733333333338699,0.0,38,0
3217,171,5,1,-6.73333333333875,0.0,39,0
3217,172,3,1,-7.733333333338809,0.0,40,0
3217,173,31,-1,-8.733333333338866,0.0,41,0
3217,174,29,-1,-9.733333333338917,0.0,42,0
3217,175,27,-1,-10.733333333338969,0.0,43,0
3217,176,25,-1,-11.733333333339026,0.0,44,0
3217,177,23,-1,-12.733333333339077,0.0,45,0
3217,178,21,-1,-13.733333333339136,0.0,46,0
3217,179,19,-1,-14.733333333339186,0.0,47,0
3217,180,17,-1,-15.733333333339244,0.0,48,0
3217,181,15,-1,-16.733333333339306,0.0,49,0
3217,182,13,-1,-17.733333333339374,0.0,50,0
3217,183,11,-1,-18.73333333333945,0.0,51,0
3217,184,9,-1,-19.733333333339516,0.0,52,0
3217,185,7,-1,-20.73333333333959,0.0,53,0
3217,186,5,-1,-21.733333333339658,0.0,54,0
3217,187,3,-1,-22.733333333339726,0.0,55,0
3217,188,1,-1,-23.7333333333398,0.0,56,0
