time_step,passenger_sequence,target_x,target_y,current_x,current_y,current_cell,state
3602,173,31,-1,14.666666666661085,0.0,17,0
3602,174,29,-1,13.7333333333277,0.0,18,0
3602,175,27,-1,12.799999999994315,0.0,19,0
3602,176,25,-1,11.866666666660924,0.0,20,0
3602,177,23,-1,10.933333333327539,0.0,21,0
3602,178,21,-1,9.999999999994147,0.0,22,0
3602,179,19,-1,9.066666666660764,0.0,23,0
3602,180,17,-1,8.133333333327371,0.0,24,0
3602,181,15,-1,7.199999999993986,0.0,25,0
3602,182,13,-1,6.266666666660603,0.0,26,0
3602,183,11,-1,5.333333333327211,0.0,27,0
3602,184,9,-1,4.399999999993826,0.0,28,0
3602,185,7,-1,3.4666666666604327,0.0,29,0
3602,186,5,-1,2.5333333333270436,0.0,29,0
3602,187,3,-1,1.5999999999936547,0.0,30,0
3602,188,1,-1,0.5666666666602603,0.0,31,2
