time_step,passenger_sequence,target_x,target_y,current_x,current_y,current_cell,state
3234,158,31,1,7.566666666661991,0.0,24,0
3234,159,29,1,6.633333333328606,0.0,25,0
3234,160,27,1,5.699999999995214,0.0,26,0
3234,161,25,1,4.766666666661823,0.0,27,0
3234,162,23,1,3.8333333333284374,0.0,28,0
3234,163,21,1,2.899999999995041,0.0,29,0
3234,164,19,1,1.9666666666616466,0.0,30,0
3234,165,17,1,1.0333333333282575,0.0,31,0
3234,166,15,1,0.0999999999948622,0.0,32,0
3234,167,13,1,-0.9000000000051912,0.0,33,0
3234,168,11,1,-1.900000000005254,0.0,34,0
3234,169,9,1,-2.900000000005317,0.0,35,0
3234,170,7,1,-3.9000000000053716,0.0,36,0
3234,171,5,1,-4.900000000005424,0.0,37,0
3234,172,3,1,-5.900000000005482,0.0,38,0
3234,173,31,-1,-6.900000000005539,0.0,39,0
3234,174,29,-1,-7.9000000000055906,0.0,40,0
3234,175,27,-1,-8.900000000005642,0.0,41,0
3234,176,25,-1,-9.900000000005699,0.0,42,0
3234,177,23,-1,-10.90000000000575,0.0,43,0
3234,178,21,-1,-11.900000000005809,0.0,44,0
3234,179,19,-1,-12.900000000005859,0.0,45,0
3234,180,17,-1,-13.900000000005917,0.0,46,0
3234,181,15,-1,-14.900000000005969,0.0,47,0
3234,182,13,-1,-15.900000000006019,0.0,48,0
3234,183,11,-1,-16.90000000000609,0.0,49,0
3234,184,9,-1,-17.90000000000616,0.0,50,0
3234,185,7,-1,-18.900000000006234,0.0,51,0
3234,186,5,-1,-19.9000000000063,0.0,52,0
3234,187,3,-1,-20.90000000000637,0.0,53,0
3234,188,1,-1,-21.900000000006443,0.0,54,0
