time_step,passenger_sequence,target_x,target_y,current_x,current_y,current_cell,state
1754,96,16,6,14.66666666666663,7,{L},0
1754,97,19,4,18.733333333333285,3,{L},2
1754,98,13,6,12.599999999999971,7,{L},2
1754,99,18,4,16.59999999999996,3,{L},1
1754,100,12,6,10.09999999999998,7,{L},1
1754,101,17,4,13.799999999999967,3,{L},1
1754,102,11,6,9.399999999999983,7,{L},1
1754,103,16,4,11.499999999999975,3,{L},1
1754,104,10,6,6.999999999999991,7,{L},1
1754,105,13,4,9.099999999999984,3,{L},1
1754,106,9,6,4.6,7,{L},1
1754,107,12,4,6.699999999999992,3,{L},1
1754,108,8,6,3.900000000000002,7,{L},1
1754,109,11,4,4.300000000000001,3,{L},1
1754,110,7,6,1.5000000000000002,7,{L},1
1754,111,10,4,1.9000000000000006,3,{L},1
1754,112,6,6,0,4.666666666666934,{L},0
1754,113,9,4,0,1.0666666666669742,{L},0
1754,114,5,6,0,-1.3333333333330115,{L},0
1754,115,8,4,0,-3.73333333333297,{L},0
1754,116,4,6,0,-6.133333333332926,{L},0
1754,117,7,4,0,-8.533333333332912,{L},0
1754,118,3,6,0,-10.866666666666209,{L},0
1754,119,6,4,0,-13.133333333332814,{L},0
1754,120,2,6,0,-15.199999999999445,{L},0
1754,121,5,4,0,-16.99999999999941,{L},0
1754,122,1,6,0,-18.533333333332706,{L},0
1754,123,4,4,0,-20.266666666666005,{L},0
1754,124,3,4,0,-21.866666666665957,{L},0
1754,125,2,4,0,-23.399999999999245,{L},0
1754,126,1,4,0,-25.13333333333256,{L},0
