time_step,passenger_sequence,target_x,target_y,current_x,current_y,current_cell,state
1966,115,8,4,7.599999999999989,3,{L},2
1966,116,4,6,3.5000000000000018,7,{L},3
1966,117,7,4,5.599999999999996,3,{L},1
1966,119,6,4,4.799999999999999,3,{L},1
1966,121,5,4,2.700000000000001,3,{L},1
1966,123,4,4,2.0000000000000004,3,{L},1
1966,124,3,4,0.4,3,{L},0
1966,125,2,4,0,0.6000000000007053,{L},0
1966,126,1,4,0,-2.1333333333326134,{L},0
