time_step,passenger_sequence,target_x,target_y,current_x,current_y,current_cell,state
1758,96,16,6,15.199999999999962,7,{L},0
1758,97,19,4,18.733333333333285,3,{L},3
1758,98,13,6,12.599999999999971,7,{L},2
1758,99,18,4,17.13333333333329,3,{L},0
1758,100,12,6,10.09999999999998,7,{L},1
1758,101,17,4,13.9333333333333,3,{L},0
1758,102,11,6,9.399999999999983,7,{L},1
1758,103,16,4,11.699999999999974,3,{L},0
1758,104,10,6,6.999999999999991,7,{L},1
1758,105,13,4,9.299999999999983,3,{L},0
1758,106,9,6,4.6,7,{L},1
1758,107,12,4,6.8999999999999915,3,{L},0
1758,108,8,6,3.900000000000002,7,{L},1
1758,109,11,4,4.5,3,{L},0
1758,110,7,6,1.5000000000000002,7,{L},1
1758,111,10,4,2.1000000000000005,3,{L},0
1758,112,6,6,0,5.733333333333601,{L},0
1758,113,9,4,0,1.866666666666974,{L},0
1758,114,5,6,0,-0.5333333333330117,{L},0
1758,115,8,4,0,-2.9333333333329694,{L},0
1758,116,4,6,0,-5.333333333332925,{L},0
1758,117,7,4,0,-7.733333333332913,{L},0
1758,118,3,6,0,-10.133333333332878,{L},0
1758,119,6,4,0,-12.333333333332817,{L},0
1758,120,2,6,0,-14.466666666666114,{L},0
1758,121,5,4,0,-16.399999999999412,{L},0
1758,122,1,6,0,-17.999999999999375,{L},0
1758,123,4,4,0,-19.733333333332673,{L},0
1758,124,3,4,0,-21.333333333332625,{L},0
1758,125,2,4,0,-22.866666666665914,{L},0
1758,126,1,4,0,-24.599999999999227,{L},0
