time_step,passenger_sequence,target_x,target_y,current_x,current_y,current_cell,state
1979,117,7,4,6.199999999999994,3,{L},0
1979,119,6,4,5.399999999999997,3,{L},0
1979,121,5,4,3.3000000000000016,3,{L},0
1979,123,4,4,2.600000000000001,3,{L},0
1979,124,3,4,1.7000000000000004,3,{L},0
1979,125,2,4,0.5,3,{L},0
1979,126,1,4,0,0.8666666666673861,{L},0
