time_step,passenger_sequence,target_x,target_y,current_x,current_y,current_cell,state
1974,115,8,4,7.599999999999989,3,{L},3
1974,117,7,4,5.699999999999996,3,{L},0
1974,119,6,4,4.899999999999999,3,{L},0
1974,121,5,4,2.800000000000001,3,{L},0
1974,123,4,4,2.1000000000000005,3,{L},0
1974,124,3,4,1.2,3,{L},0
1974,125,2,4,0,3,{L},0
1974,126,1,4,0,-0.4666666666659471,{L},0
