time_step,passenger_sequence,target_x,target_y,current_x,current_y,current_cell,state
2005,121,5,4,4.200000000000001,3,{L},0
2005,123,4,4,3.3000000000000016,3,{L},0
2005,124,3,4,2.400000000000001,3,{L},0
2005,125,2,4,1.2,3,{L},0
2005,126,1,4,0.5,3,{L},2
