time_step,passenger_sequence,target_x,target_y,current_x,current_y,current_cell,state
1431,85,6,1,4.933333333333333,3,{L},0
1431,87,6,2,3.633333333333335,3,{L},0
1431,88,2,8,1.5000000000000002,7,{L},2
1431,89,4,1,2.700000000000001,3,{L},0
1431,90,19,6,0,5.466666666666192,{L},0
1431,91,4,2,0,1.666666666666235,{L},0
1431,92,18,6,0,-0.7333333333337115,{L},0
1431,93,2,1,0,-3.133333333333698,{L},0
1431,94,17,6,0,-5.533333333333672,{L},0
1431,95,2,2,0,-7.933333333333628,{L},0
1431,96,16,6,0,-10.266666666666925,{L},0
1431,97,19,4,0,-12.333333333333556,{L},0
1431,98,13,6,0,-14.33333333333351,{L},0
1431,99,18,4,0,-16.133333333333482,{L},0
1431,100,12,6,0,-17.733333333333434,{L},0
1431,101,17,4,0,-19.266666666666723,{L},0
1431,102,11,6,0,-21.000000000000036,{L},0
1431,103,16,4,0,-22.599999999999987,{L},0
1431,104,10,6,0,-24.13333333333327,{L},0
1431,105,13,4,0,-25.866666666666582,{L},0
1431,106,9,6,0,-27.466666666666548,{L},0
1431,107,12,4,0,-28.999999999999822,{L},0
1431,108,8,6,0,-30.73333333333312,{L},0
1431,109,11,4,0,-32.33333333333309,{L},0
1431,110,7,6,0,-33.86666666666638,{L},0
1431,111,10,4,0,-35.59999999999968,{L},0
1431,112,6,6,0,-37.19999999999963,{L},0
1431,113,9,4,0,-38.73333333333292,{L},0
1431,114,5,6,0,-40.466666666666235,{L},0
1431,115,8,4,0,-42.06666666666619,{L},0
1431,116,4,6,0,-43.59999999999947,{L},0
1431,117,7,4,0,-45.33333333333278,{L},0
1431,118,3,6,0,-46.93333333333275,{L},0
1431,119,6,4,0,-48.46666666666602,{L},0
1431,120,2,6,0,-50.19999999999932,{L},0
1431,121,5,4,0,-51.79999999999929,{L},0
1431,122,1,6,0,-53.33333333333258,{L},0
1431,123,4,4,0,-55.06666666666588,{L},0
1431,124,3,4,0,-56.66666666666583,{L},0
1431,125,2,4,0,-58.19999999999912,{L},0
1431,126,1,4,0,-59.933333333332435,{L},0
