time_step,passenger_sequence,target_x,target_y,current_x,current_y,current_cell,state
1989,117,7,4,6.5999999999999925,3,{L},2
1989,119,6,4,5.599999999999996,3,{L},2
1989,121,5,4,3.600000000000002,3,{L},1
1989,123,4,4,2.700000000000001,3,{L},1
1989,124,3,4,1.8000000000000005,3,{L},1
1989,125,2,4,0.6,3,{L},1
1989,126,1,4,0.30000000000000004,3,{L},0
