time_step,passenger_sequence,target_x,target_y,current_x,current_y,current_cell,state
1978,117,7,4,6.099999999999994,3,{L},0
1978,119,6,4,5.299999999999997,3,{L},0
1978,121,5,4,3.2000000000000015,3,{L},0
1978,123,4,4,2.500000000000001,3,{L},0
1978,124,3,4,1.6000000000000003,3,{L},0
1978,125,2,4,0.4,3,{L},0
1978,126,1,4,0,0.6000000000007195,{L},0
