time_step,passenger_sequence,target_x,target_y,current_x,current_y,current_cell,state
2919,126,25,1,24.266666666664182,0.0,8,0
2919,129,27,1,22.966666666663993,0.0,9,0
2919,135,18,1,9.166666666663573,0.0,23,0
2919,136,28,1,9.93333333333018,0.0,22,0
2919,137,31,1,8.799999999996794,0.0,23,0
2919,138,24,1,6.166666666663417,0.0,26,0
2919,139,30,-1,5.2333333333300285,0.0,27,0
2919,140,9,-1,4.299999999996636,0.0,28,0
2919,141,22,1,3.3666666666632463,0.0,29,0
2919,142,7,1,2.4333333333298466,0.0,30,0
2919,143,23,1,1.4999999999964542,0.0,31,0
2919,144,2,1,0.5666666666630563,0.0,31,0
2919,145,19,1,-0.43333333333699864,0.0,32,0
2919,146,32,1,-1.4333333333370608,0.0,33,0
2919,147,26,-1,-2.4333333333371154,0.0,34,0
2919,148,19,-1,-3.433333333337182,0.0,35,0
2919,149,29,-1,-4.43333333333724,0.0,36,0
2919,150,6,-1,-5.4333333333373,0.0,37,0
2919,151,8,-1,-6.433333333337355,0.0,38,0
2919,152,5,-1,-7.433333333337417,0.0,39,0
2919,153,23,-1,-8.433333333337474,0.0,40,0
2919,154,17,1,-9.43333333333753,0.0,41,0
2919,155,10,1,-10.433333333337584,0.0,42,0
2919,156,11,-1,-11.433333333337648,0.0,43,0
2919,157,13,-1,-12.433333333337703,0.0,44,0
2919,158,28,-1,-13.43333333333777,0.0,45,0
2919,159,1,-1,-14.433333333337822,0.0,46,0
2919,160,30,1,-15.433333333337892,0.0,47,0
2919,161,7,-1,-16.433333333337952,0.0,48,0
2919,162,3,-1,-17.433333333338027,0.0,49,0
2919,163,12,-1,-18.433333333338098,0.0,50,0
2919,164,15,1,-19.43333333333818,0.0,51,0
2919,165,9,1,-20.433333333338254,0.0,52,0
2919,166,25,-1,-21.433333333338336,0.0,53,0
2919,167,14,1,-22.43333333333841,0.0,54,0
2919,168,29,1,-23.43333333333848,0.0,55,0
2919,169,32,-1,-24.433333333338563,0.0,56,0
2919,170,3,1,-25.433333333338638,0.0,57,0
2919,171,21,1,-26.433333333338712,0.0,58,0
2919,172,5,1,-27.433333333338787,0.0,59,0
2919,173,13,1,-28.43333333333886,0.0,60,0
2919,174,15,-1,-29.433333333338936,0.0,61,0
2919,175,31,-1,-30.43333333333901,0.0,62,0
2919,176,27,-1,-31.433333333339093,0.0,63,0
2919,177,4,-1,-32.43333333333917,0.0,64,0
2919,178,18,-1,-33.43333333333925,0.0,65,0
2919,179,22,-1,-34.43333333333933,0.0,66,0
2919,180,21,-1,-35.433333333339405,0.0,67,0
2919,181,4,1,-36.43333333333948,0.0,68,0
2919,182,24,-1,-37.43333333333956,0.0,69,0
2919,183,26,1,-38.43333333333964,0.0,70,0
2919,184,16,-1,-39.43333333333972,0.0,71,0
2919,185,20,1,-40.433333333339796,0.0,72,0
2919,186,16,1,-41.500000000006544,0.0,74,0
2919,187,6,1,-42.50000000000662,0.0,75,0
2919,188,20,-1,-43.5000000000067,0.0,76,0
