time_step,passenger_sequence,target_x,target_y,current_x,current_y,current_cell,state
3000,135,18,1,15.56666666666355,0.0,16,0
3000,136,28,1,14.633333333330164,0.0,17,0
3000,137,31,1,13.499999999996778,0.0,19,0
3000,138,24,1,10.8666666666634,0.0,21,0
3000,139,30,-1,11.633333333330006,0.0,20,0
3000,141,22,1,7.066666666663236,0.0,25,0
3000,142,7,1,6.1333333333298405,0.0,26,0
3000,143,23,1,5.199999999996452,0.0,27,0
3000,145,19,1,1.7333333333296685,0.0,30,0
3000,146,32,1,0.7999999999962726,0.0,31,0
3000,147,26,-1,-0.13333333333711422,0.0,32,0
3000,148,19,-1,-1.1333333333371798,0.0,33,0
3000,149,29,-1,-2.133333333337239,0.0,34,0
3000,150,6,-1,-3.1333333333373043,0.0,35,0
3000,151,8,-1,-4.133333333337363,0.0,36,0
3000,152,5,-1,-5.133333333337426,0.0,37,0
3000,153,23,-1,-6.133333333337482,0.0,38,0
3000,154,17,1,-7.1333333333375375,0.0,39,0
3000,155,10,1,-8.133333333337593,0.0,40,0
3000,156,11,-1,-9.133333333337657,0.0,41,0
3000,157,13,-1,-10.133333333337712,0.0,42,0
3000,158,28,-1,-11.133333333337777,0.0,43,0
3000,159,1,-1,-12.13333333333783,0.0,44,0
3000,160,30,1,-13.1333333333379,0.0,45,0
3000,161,7,-1,-14.133333333337955,0.0,46,0
3000,162,3,-1,-15.133333333338012,0.0,47,0
3000,163,12,-1,-16.13333333333807,0.0,48,0
3000,164,15,1,-17.13333333333815,0.0,49,0
3000,165,9,1,-18.133333333338225,0.0,50,0
3000,166,25,-1,-19.133333333338307,0.0,51,0
3000,167,14,1,-20.13333333333838,0.0,52,0
3000,168,29,1,-21.133333333338452,0.0,53,0
3000,169,32,-1,-22.133333333338534,0.0,54,0
3000,170,3,1,-23.13333333333861,0.0,55,0
3000,171,21,1,-24.133333333338683,0.0,56,0
3000,172,5,1,-25.133333333338758,0.0,57,0
3000,173,13,1,-26.133333333338832,0.0,58,0
3000,174,15,-1,-27.133333333338907,0.0,59,0
3000,175,31,-1,-28.13333333333898,0.0,60,0
3000,176,27,-1,-29.133333333339063,0.0,61,0
3000,177,4,-1,-30.133333333339138,0.0,62,0
3000,178,18,-1,-31.133333333339213,0.0,63,0
3000,179,22,-1,-32.13333333333929,0.0,64,0
3000,180,21,-1,-33.133333333339365,0.0,65,0
3000,181,4,1,-34.13333333333944,0.0,66,0
3000,182,24,-1,-35.13333333333952,0.0,67,0
3000,183,26,1,-36.1333333333396,0.0,68,0
3000,184,16,-1,-37.13333333333968,0.0,69,0
3000,185,20,1,-38.133333333339756,0.0,70,0
3000,186,16,1,-39.133333333339834,0.0,71,0
3000,187,6,1,-40.13333333333991,0.0,72,0
3000,188,20,-1,-41.13333333333999,0.0,73,0
