time_step,passenger_sequence,target_x,target_y,current_x,current_y,current_cell,state
3768,166,25,-1,20.333333333328383,0.0,12,0
3768,168,29,1,16.766666666661546,0.0,15,0
3768,169,32,-1,15.833333333328133,0.0,16,0
3768,171,21,1,12.666666666661355,0.0,19,0
3768,173,13,1,10.79999999999457,0.0,21,0
3768,174,15,-1,11.366666666661175,0.0,21,0
3768,175,31,-1,8.733333333327788,0.0,23,0
3768,176,27,-1,7.799999999994389,0.0,24,0
3768,178,18,-1,5.03333333332761,0.0,27,0
3768,179,22,-1,4.099999999994218,0.0,28,0
3768,180,21,-1,3.166666666660823,0.0,29,0
3768,181,4,1,2.233333333327427,0.0,30,0
3768,182,24,-1,1.299999999994031,0.0,31,0
3768,183,26,1,0.36666666666063696,0.0,32,0
3768,184,16,-1,-0.6333333333394251,0.0,33,0
3768,185,20,1,-1.6333333333394875,0.0,34,0
3768,186,16,1,-2.633333333339549,0.0,35,0
3768,187,6,1,-3.6333333333396123,0.0,36,0
3768,188,20,-1,-4.633333333339673,0.0,37,0
