time_step,passenger_sequence,target_x,target_y,current_x,current_y,current_cell,state
3975,175,31,-1,20.233333333327824,0.0,12,0
3975,176,27,-1,19.299999999994405,0.0,13,0
3975,178,18,-1,17.533333333327594,0.0,14,2
3975,179,22,-1,16.49999999999418,0.0,16,1
3975,180,21,-1,13.86666666666079,0.0,18,1
3975,182,24,-1,12.799999999994002,0.0,19,0
3975,183,26,1,12.26666666666061,0.0,20,1
3975,184,16,-1,11.333333333327218,0.0,21,1
3975,185,20,1,10.399999999993826,0.0,22,1
3975,186,16,1,9.466666666660435,0.0,23,1
3975,188,20,-1,5.1999999999936595,0.0,27,1
