time_step,passenger_sequence,target_x,target_y,current_x,current_y,current_cell,state
3991,175,31,-1,21.833333333327847,0.0,10,0
3991,176,27,-1,20.899999999994428,0.0,11,0
3991,179,22,-1,17.19999999999419,0.0,15,0
3991,180,21,-1,14.566666666660787,0.0,17,0
3991,182,24,-1,14.399999999993996,0.0,18,0
3991,183,26,1,12.966666666660608,0.0,19,0
3991,184,16,-1,12.033333333327215,0.0,20,0
3991,185,20,1,11.099999999993823,0.0,21,0
3991,186,16,1,10.166666666660433,0.0,22,0
3991,188,20,-1,5.899999999993657,0.0,26,0
