time_step,passenger_sequence,target_x,target_y,current_x,current_y,current_cell,state
3855,168,29,1,23.766666666661646,0.0,8,0
3855,169,32,-1,22.83333333332823,0.0,9,0
3855,171,21,1,19.666666666661396,0.0,12,0
3855,175,31,-1,13.333333333327772,0.0,19,0
3855,176,27,-1,12.399999999994373,0.0,20,0
3855,178,18,-1,9.633333333327593,0.0,22,0
3855,179,22,-1,8.699999999994201,0.0,23,0
3855,180,21,-1,7.766666666660811,0.0,24,0
3855,182,24,-1,5.8999999999940265,0.0,26,0
3855,183,26,1,4.466666666660638,0.0,28,0
3855,184,16,-1,3.5333333333272434,0.0,28,0
3855,185,20,1,2.5999999999938472,0.0,29,0
3855,186,16,1,1.6666666666604526,0.0,30,0
3855,187,6,1,0.7333333333270567,0.0,31,0
3855,188,20,-1,-0.20000000000633864,0.0,32,0
