time_step,passenger_sequence,target_x,target_y,current_x,current_y,current_cell,state
3538,158,28,-1,15.599999999995495,0.0,16,0
3538,160,30,1,12.033333333328711,0.0,20,0
3538,163,12,-1,8.033333333328548,0.0,24,0
3538,164,15,1,7.099999999995148,0.0,25,0
3538,165,9,1,6.166666666661758,0.0,26,0
3538,166,25,-1,5.233333333328359,0.0,27,0
3538,167,14,1,4.2999999999949665,0.0,28,0
3538,168,29,1,3.3666666666615765,0.0,29,0
3538,169,32,-1,2.4333333333281733,0.0,30,0
3538,170,3,1,1.4999999999947773,0.0,31,0
3538,171,21,1,0.566666666661383,0.0,31,0
3538,172,5,1,-0.43333333333867907,0.0,32,0
3538,173,13,1,-1.4333333333387412,0.0,33,0
3538,174,15,-1,-2.433333333338803,0.0,34,0
3538,175,31,-1,-3.433333333338866,0.0,35,0
3538,176,27,-1,-4.433333333338934,0.0,36,0
3538,177,4,-1,-5.433333333338991,0.0,37,0
3538,178,18,-1,-6.43333333333905,0.0,38,0
3538,179,22,-1,-7.4333333333391085,0.0,39,0
3538,180,21,-1,-8.433333333339165,0.0,40,0
3538,181,4,1,-9.433333333339224,0.0,41,0
3538,182,24,-1,-10.433333333339283,0.0,42,0
3538,183,26,1,-11.43333333333934,0.0,43,0
3538,184,16,-1,-12.433333333339398,0.0,44,0
3538,185,20,1,-13.433333333339457,0.0,45,0
3538,186,16,1,-14.433333333339514,0.0,46,0
3538,187,6,1,-15.433333333339572,0.0,47,0
3538,188,20,-1,-16.433333333339636,0.0,48,0
