time_step,passenger_sequence,target_x,target_y,current_x,current_y,current_cell,state
3138,136,28,1,26.73333333333031,0.0,5,0
3138,137,31,1,25.599999999996903,0.0,6,0
3138,138,24,1,22.966666666663482,0.0,9,0
3138,139,30,-1,23.7333333333301,0.0,8,0
3138,141,22,1,19.16666666666325,0.0,13,0
3138,143,23,1,15.699999999996415,0.0,16,0
3138,145,19,1,12.233333333329641,0.0,20,0
3138,146,32,1,11.299999999996249,0.0,21,0
3138,147,26,-1,10.366666666662866,0.0,22,0
3138,148,19,-1,9.43333333332947,0.0,23,0
3138,149,29,-1,8.499999999996081,0.0,24,0
3138,151,8,-1,4.933333333329305,0.0,27,0
3138,152,5,-1,3.999999999995909,0.0,28,0
3138,153,23,-1,3.066666666662514,0.0,29,0
3138,154,17,1,2.1333333333291216,0.0,30,0
3138,155,10,1,1.1999999999957291,0.0,31,0
3138,156,11,-1,0.266666666662328,0.0,32,0
3138,157,13,-1,-0.7333333333377304,0.0,33,0
3138,158,28,-1,-1.7333333333378,0.0,34,0
3138,159,1,-1,-2.733333333337858,0.0,35,0
3138,160,30,1,-3.733333333337932,0.0,36,0
3138,161,7,-1,-4.733333333337988,0.0,37,0
3138,162,3,-1,-5.733333333338045,0.0,38,0
3138,163,12,-1,-6.7333333333381,0.0,39,0
3138,164,15,1,-7.733333333338166,0.0,40,0
3138,165,9,1,-8.733333333338223,0.0,41,0
3138,166,25,-1,-9.733333333338289,0.0,42,0
3138,167,14,1,-10.733333333338347,0.0,43,0
3138,168,29,1,-11.7333333333384,0.0,44,0
3138,169,32,-1,-12.733333333338466,0.0,45,0
3138,170,3,1,-13.733333333338525,0.0,46,0
3138,171,21,1,-14.733333333338582,0.0,47,0
3138,172,5,1,-15.73333333333864,0.0,48,0
3138,173,13,1,-16.73333333333871,0.0,49,0
3138,174,15,-1,-17.733333333338784,0.0,50,0
3138,175,31,-1,-18.73333333333886,0.0,51,0
3138,176,27,-1,-19.73333333333894,0.0,52,0
3138,177,4,-1,-20.733333333339015,0.0,53,0
3138,178,18,-1,-21.73333333333909,0.0,54,0
3138,179,22,-1,-22.733333333339164,0.0,55,0
3138,180,21,-1,-23.73333333333924,0.0,56,0
3138,181,4,1,-24.733333333339313,0.0,57,0
3138,182,24,-1,-25.733333333339388,0.0,58,0
3138,183,26,1,-26.733333333339463,0.0,59,0
3138,184,16,-1,-27.733333333339537,0.0,60,0
3138,185,20,1,-28.733333333339612,0.0,61,0
3138,186,16,1,-29.733333333339687,0.0,62,0
3138,187,6,1,-30.73333333333976,0.0,63,0
3138,188,20,-1,-31.733333333339836,0.0,64,0
