time_step,passenger_sequence,target_x,target_y,current_x,current_y,current_cell,state
3244,139,30,-1,29.633333333330178,0.0,2,3
3244,143,23,1,19.49999999999646,0.0,13,0
3244,145,19,1,16.03333333332963,0.0,16,0
3244,146,32,1,15.099999999996236,0.0,17,0
3244,147,26,-1,14.166666666662852,0.0,18,0
3244,148,19,-1,13.233333333329456,0.0,19,0
3244,149,29,-1,12.299999999996068,0.0,20,0
3244,153,23,-1,6.966666666662505,0.0,25,0
3244,154,17,1,4.5333333333291215,0.0,27,0
3244,155,10,1,5.0999999999957275,0.0,27,0
3244,156,11,-1,2.666666666662329,0.0,29,0
3244,157,13,-1,1.7333333333289367,0.0,30,0
3244,158,28,-1,0.7999999999955336,0.0,31,0
3244,159,1,-1,-0.13333333333785674,0.0,32,0
3244,160,30,1,-1.1333333333379294,0.0,33,0
3244,161,7,-1,-2.1333333333379887,0.0,34,0
3244,162,3,-1,-3.1333333333380504,0.0,35,0
3244,163,12,-1,-4.1333333333381095,0.0,36,0
3244,164,15,1,-5.133333333338175,0.0,37,0
3244,165,9,1,-6.133333333338232,0.0,38,0
3244,166,25,-1,-7.133333333338298,0.0,39,0
3244,167,14,1,-8.133333333338356,0.0,40,0
3244,168,29,1,-9.13333333333841,0.0,41,0
3244,169,32,-1,-10.133333333338475,0.0,42,0
3244,170,3,1,-11.133333333338534,0.0,43,0
3244,171,21,1,-12.13333333333859,0.0,44,0
3244,172,5,1,-13.13333333333865,0.0,45,0
3244,173,13,1,-14.133333333338708,0.0,46,0
3244,174,15,-1,-15.133333333338765,0.0,47,0
3244,175,31,-1,-16.133333333338825,0.0,48,0
3244,176,27,-1,-17.133333333338907,0.0,49,0
3244,177,4,-1,-18.13333333333898,0.0,50,0
3244,178,18,-1,-19.133333333339056,0.0,51,0
3244,179,22,-1,-20.13333333333913,0.0,52,0
3244,180,21,-1,-21.133333333339205,0.0,53,0
3244,181,4,1,-22.13333333333928,0.0,54,0
3244,182,24,-1,-23.133333333339355,0.0,55,0
3244,183,26,1,-24.13333333333943,0.0,56,0
3244,184,16,-1,-25.133333333339504,0.0,57,0
3244,185,20,1,-26.13333333333958,0.0,58,0
3244,186,16,1,-27.133333333339653,0.0,59,0
3244,187,6,1,-28.133333333339728,0.0,60,0
3244,188,20,-1,-29.133333333339802,0.0,61,0
