time_step,passenger_sequence,target_x,target_y,current_x,current_y,current_cell,state
3442,149,29,-1,24.699999999996177,0.0,7,0
3442,153,23,-1,19.36666666666252,0.0,13,0
3442,157,13,-1,11.033333333328914,0.0,21,0
3442,158,28,-1,10.099999999995514,0.0,22,0
3442,160,30,1,6.533333333328731,0.0,25,0
3442,161,7,-1,5.599999999995342,0.0,26,0
3442,163,12,-1,3.033333333328561,0.0,29,0
3442,164,15,1,2.0999999999951577,0.0,30,0
3442,165,9,1,1.166666666661763,0.0,31,0
3442,166,25,-1,0.23333333332836062,0.0,32,0
3442,167,14,1,-0.7666666666717014,0.0,33,0
3442,168,29,1,-1.766666666671759,0.0,34,0
3442,169,32,-1,-2.766666666671829,0.0,35,0
3442,170,3,1,-3.766666666671892,0.0,36,0
3442,171,21,1,-4.76666666667195,0.0,37,0
3442,172,5,1,-5.766666666672009,0.0,38,0
3442,173,13,1,-6.766666666672068,0.0,39,0
3442,174,15,-1,-7.7666666666721245,0.0,40,0
3442,175,31,-1,-8.766666666672183,0.0,41,0
3442,176,27,-1,-9.766666666672249,0.0,42,0
3442,177,4,-1,-10.766666666672306,0.0,43,0
3442,178,18,-1,-11.766666666672364,0.0,44,0
3442,179,22,-1,-12.766666666672423,0.0,45,0
3442,180,21,-1,-13.76666666667248,0.0,46,0
3442,181,4,1,-14.766666666672538,0.0,47,0
3442,182,24,-1,-15.766666666672597,0.0,48,0
3442,183,26,1,-16.766666666672666,0.0,49,0
3442,184,16,-1,-17.76666666667274,0.0,50,0
3442,185,20,1,-18.766666666672815,0.0,51,0
3442,186,16,1,-19.76666666667289,0.0,52,0
3442,187,6,1,-20.766666666672965,0.0,53,0
3442,188,20,-1,-21.76666666667304,0.0,54,0
