time_step,passenger_sequence,target_x,target_y,current_x,current_y,current_cell,state
3348,146,32,1,23.79999999999634,0.0,8,0
3348,147,26,-1,22.266666666662935,0.0,10,0
3348,149,29,-1,18.69999999999609,0.0,13,0
3348,153,23,-1,13.366666666662482,0.0,19,0
3348,154,17,1,13.23333333332909,0.0,19,0
3348,156,11,-1,8.266666666662315,0.0,24,0
3348,157,13,-1,7.333333333328927,0.0,25,0
3348,158,28,-1,6.3999999999955275,0.0,26,0
3348,160,30,1,2.8333333333287385,0.0,29,0
3348,161,7,-1,1.899999999995346,0.0,30,0
3348,162,3,-1,0.9666666666619513,0.0,31,0
3348,163,12,-1,0.03333333332855956,0.0,32,0
3348,164,15,1,-0.9666666666715095,0.0,33,0
3348,165,9,1,-1.9666666666715709,0.0,34,0
3348,166,25,-1,-2.966666666671641,0.0,35,0
3348,167,14,1,-3.966666666671704,0.0,36,0
3348,168,29,1,-4.966666666671758,0.0,37,0
3348,169,32,-1,-5.9666666666718235,0.0,38,0
3348,170,3,1,-6.966666666671882,0.0,39,0
3348,171,21,1,-7.966666666671939,0.0,40,0
3348,172,5,1,-8.966666666671998,0.0,41,0
3348,173,13,1,-9.966666666672056,0.0,42,0
3348,174,15,-1,-10.966666666672113,0.0,43,0
3348,175,31,-1,-11.966666666672172,0.0,44,0
3348,176,27,-1,-12.966666666672237,0.0,45,0
3348,177,4,-1,-13.966666666672294,0.0,46,0
3348,178,18,-1,-14.966666666672353,0.0,47,0
3348,179,22,-1,-15.966666666672412,0.0,48,0
3348,180,21,-1,-16.966666666672484,0.0,49,0
3348,181,4,1,-17.96666666667256,0.0,50,0
3348,182,24,-1,-18.966666666672634,0.0,51,0
3348,183,26,1,-19.966666666672708,0.0,52,0
3348,184,16,-1,-20.966666666672783,0.0,53,0
3348,185,20,1,-21.966666666672857,0.0,54,0
3348,186,16,1,-22.966666666672932,0.0,55,0
3348,187,6,1,-23.966666666673007,0.0,56,0
3348,188,20,-1,-24.96666666667308,0.0,57,0
