time_step,passenger_sequence,target_x,target_y,current_x,current_y,current_cell,state
3681,160,30,1,24.63333333332882,0.0,7,0
3681,166,25,-1,13.33333333332833,0.0,19,0
3681,167,14,1,12.399999999994938,0.0,20,0
3681,168,29,1,11.46666666666155,0.0,21,0
3681,169,32,-1,10.533333333328152,0.0,21,0
3681,171,21,1,7.366666666661374,0.0,25,0
3681,173,13,1,5.499999999994589,0.0,27,0
3681,174,15,-1,4.3666666666611995,0.0,28,0
3681,175,31,-1,3.4333333333278047,0.0,29,0
3681,176,27,-1,2.4999999999944014,0.0,30,0
3681,177,4,-1,1.5666666666610067,0.0,30,0
3681,178,18,-1,0.633333333327611,0.0,31,0
3681,179,22,-1,-0.3000000000057844,0.0,32,0
3681,180,21,-1,-1.3000000000058451,0.0,33,0
3681,181,4,1,-2.300000000005908,0.0,34,0
3681,182,24,-1,-3.300000000005971,0.0,35,0
3681,183,26,1,-4.300000000006031,0.0,36,0
3681,184,16,-1,-5.30000000000609,0.0,37,0
3681,185,20,1,-6.300000000006149,0.0,38,0
3681,186,16,1,-7.3000000000062055,0.0,39,0
3681,187,6,1,-8.300000000006264,0.0,40,0
3681,188,20,-1,-9.300000000006323,0.0,41,0
