time_step,passenger_sequence,target_x,target_y,current_x,current_y,current_cell,state
3528,158,28,-1,14.599999999995498,0.0,17,0
3528,160,30,1,11.033333333328715,0.0,21,0
3528,163,12,-1,7.033333333328551,0.0,25,0
3528,164,15,1,6.099999999995152,0.0,26,0
3528,165,9,1,5.1666666666617616,0.0,27,0
3528,166,25,-1,4.233333333328362,0.0,28,0
3528,167,14,1,3.299999999994967,0.0,29,0
3528,168,29,1,2.3666666666615757,0.0,30,0
3528,169,32,-1,1.4333333333281726,0.0,31,0
3528,170,3,1,0.49999999999477696,0.0,32,0
3528,171,21,1,-0.5000000000052837,0.0,33,0
3528,172,5,1,-1.500000000005346,0.0,34,0
3528,173,13,1,-2.500000000005409,0.0,35,0
3528,174,15,-1,-3.5000000000054707,0.0,36,0
3528,175,31,-1,-4.500000000005532,0.0,37,0
3528,176,27,-1,-5.500000000005597,0.0,38,0
3528,177,4,-1,-6.500000000005654,0.0,39,0
3528,178,18,-1,-7.500000000005713,0.0,40,0
3528,179,22,-1,-8.500000000005771,0.0,41,0
3528,180,21,-1,-9.500000000005828,0.0,42,0
3528,181,4,1,-10.500000000005887,0.0,43,0
3528,182,24,-1,-11.500000000005945,0.0,44,0
3528,183,26,1,-12.500000000006002,0.0,45,0
3528,184,16,-1,-13.500000000006061,0.0,46,0
3528,185,20,1,-14.50000000000612,0.0,47,0
3528,186,16,1,-15.500000000006176,0.0,48,0
3528,187,6,1,-16.500000000006242,0.0,49,0
3528,188,20,-1,-17.500000000006317,0.0,50,0
