time_step,passenger_sequence,target_x,target_y,current_x,current_y,current_cell,state
3307,146,32,1,19.699999999996283,0.0,12,0
3307,147,26,-1,18.166666666662877,0.0,14,0
3307,148,19,-1,17.233333333329465,0.0,15,0
3307,149,29,-1,16.299999999996057,0.0,16,0
3307,153,23,-1,10.96666666666249,0.0,21,0
3307,154,17,1,9.133333333329105,0.0,23,0
3307,155,10,1,9.099999999995713,0.0,23,0
3307,156,11,-1,6.666666666662321,0.0,25,0
3307,157,13,-1,5.7333333333289325,0.0,26,0
3307,158,28,-1,4.799999999995533,0.0,27,0
3307,160,30,1,1.2333333333287373,0.0,31,0
3307,161,7,-1,0.2999999999953454,0.0,32,0
3307,162,3,-1,-0.7000000000047152,0.0,33,0
3307,163,12,-1,-1.7000000000047741,0.0,34,0
3307,164,15,1,-2.7000000000048443,0.0,35,0
3307,165,9,1,-3.700000000004906,0.0,36,0
3307,166,25,-1,-4.700000000004973,0.0,37,0
3307,167,14,1,-5.700000000005032,0.0,38,0
3307,168,29,1,-6.700000000005085,0.0,39,0
3307,169,32,-1,-7.700000000005151,0.0,40,0
3307,170,3,1,-8.70000000000521,0.0,41,0
3307,171,21,1,-9.700000000005266,0.0,42,0
3307,172,5,1,-10.700000000005325,0.0,43,0
3307,173,13,1,-11.700000000005383,0.0,44,0
3307,174,15,-1,-12.70000000000544,0.0,45,0
3307,175,31,-1,-13.700000000005499,0.0,46,0
3307,176,27,-1,-14.700000000005565,0.0,47,0
3307,177,4,-1,-15.700000000005621,0.0,48,0
3307,178,18,-1,-16.70000000000569,0.0,49,0
3307,179,22,-1,-17.700000000005765,0.0,50,0
3307,180,21,-1,-18.70000000000584,0.0,51,0
3307,181,4,1,-19.700000000005915,0.0,52,0
3307,182,24,-1,-20.70000000000599,0.0,53,0
3307,183,26,1,-21.700000000006064,0.0,54,0
3307,184,16,-1,-22.70000000000614,0.0,55,0
3307,185,20,1,-23.700000000006213,0.0,56,0
3307,186,16,1,-24.700000000006288,0.0,57,0
3307,187,6,1,-25.700000000006362,0.0,58,0
3307,188,20,-1,-26.700000000006437,0.0,59,0
