time_step,passenger_sequence,target_x,target_y,current_x,current_y,current_cell,state
3971,175,31,-1,19.83333333332782,0.0,12,0
3971,176,27,-1,18.8999999999944,0.0,13,0
3971,178,18,-1,17.533333333327594,0.0,14,2
3971,179,22,-1,16.49999999999418,0.0,16,1
3971,180,21,-1,13.86666666666079,0.0,18,1
3971,182,24,-1,12.399999999994003,0.0,20,0
3971,183,26,1,12.26666666666061,0.0,20,1
3971,184,16,-1,11.333333333327218,0.0,21,1
3971,185,20,1,10.399999999993826,0.0,22,1
3971,186,16,1,9.466666666660435,0.0,23,1
3971,188,20,-1,5.1999999999936595,0.0,27,1
