time_step,passenger_sequence,target_x,target_y,current_x,current_y,current_cell,state
3060,136,28,1,18.9333333333302,0.0,13,0
3060,137,31,1,17.799999999996793,0.0,14,0
3060,138,24,1,15.166666666663385,0.0,17,0
3060,139,30,-1,15.93333333332999,0.0,16,0
3060,141,22,1,11.366666666663221,0.0,21,0
3060,143,23,1,7.899999999996442,0.0,24,0
3060,145,19,1,4.433333333329669,0.0,28,0
3060,146,32,1,3.4999999999962745,0.0,29,0
3060,147,26,-1,2.566666666662887,0.0,29,0
3060,148,19,-1,1.6333333333294873,0.0,30,0
3060,149,29,-1,0.699999999996095,0.0,31,0
3060,150,6,-1,-0.23333333333730252,0.0,32,0
3060,151,8,-1,-1.233333333337361,0.0,33,0
3060,152,5,-1,-2.2333333333374275,0.0,34,0
3060,153,23,-1,-3.233333333337489,0.0,35,0
3060,154,17,1,-4.233333333337548,0.0,36,0
3060,155,10,1,-5.233333333337603,0.0,37,0
3060,156,11,-1,-6.233333333337667,0.0,38,0
3060,157,13,-1,-7.233333333337722,0.0,39,0
3060,158,28,-1,-8.233333333337788,0.0,40,0
3060,159,1,-1,-9.233333333337841,0.0,41,0
3060,160,30,1,-10.23333333333791,0.0,42,0
3060,161,7,-1,-11.233333333337965,0.0,43,0
3060,162,3,-1,-12.233333333338022,0.0,44,0
3060,163,12,-1,-13.233333333338077,0.0,45,0
3060,164,15,1,-14.233333333338143,0.0,46,0
3060,165,9,1,-15.2333333333382,0.0,47,0
3060,166,25,-1,-16.23333333333827,0.0,48,0
3060,167,14,1,-17.233333333338344,0.0,49,0
3060,168,29,1,-18.233333333338415,0.0,50,0
3060,169,32,-1,-19.233333333338496,0.0,51,0
3060,170,3,1,-20.23333333333857,0.0,52,0
3060,171,21,1,-21.233333333338646,0.0,53,0
3060,172,5,1,-22.23333333333872,0.0,54,0
3060,173,13,1,-23.233333333338795,0.0,55,0
3060,174,15,-1,-24.23333333333887,0.0,56,0
3060,175,31,-1,-25.233333333338944,0.0,57,0
3060,176,27,-1,-26.233333333339026,0.0,58,0
3060,177,4,-1,-27.2333333333391,0.0,59,0
3060,178,18,-1,-28.233333333339175,0.0,60,0
3060,179,22,-1,-29.23333333333925,0.0,61,0
3060,180,21,-1,-30.233333333339324,0.0,62,0
3060,181,4,1,-31.2333333333394,0.0,63,0
3060,182,24,-1,-32.23333333333947,0.0,64,0
3060,183,26,1,-33.23333333333955,0.0,65,0
3060,184,16,-1,-34.23333333333963,0.0,66,0
3060,185,20,1,-35.23333333333971,0.0,67,0
3060,186,16,1,-36.233333333339786,0.0,68,0
3060,187,6,1,-37.233333333339864,0.0,69,0
3060,188,20,-1,-38.23333333333994,0.0,70,0
