time_step,passenger_sequence,target_x,target_y,current_x,current_y,current_cell,state
4104,182,24,-1,20.799999999994057,0.0,11,0
4104,183,26,1,19.366666666660645,0.0,13,0
4104,185,20,1,17.499999999993825,0.0,15,0
4104,186,16,1,15.566666666660414,0.0,16,2
4104,188,20,-1,11.199999999993638,0.0,21,1
