time_step,passenger_sequence,target_x,target_y,current_x,current_y,current_cell,state
4028,175,31,-1,25.5333333333279,0.0,6,0
4028,176,27,-1,24.59999999999448,0.0,7,0
4028,179,22,-1,20.899999999994243,0.0,11,0
4028,180,21,-1,18.266666666660814,0.0,14,0
4028,182,24,-1,18.09999999999402,0.0,14,0
4028,183,26,1,16.666666666660607,0.0,15,0
4028,184,16,-1,15.533333333327203,0.0,16,2
4028,185,20,1,14.79999999999381,0.0,17,0
4028,186,16,1,13.56666666666042,0.0,18,1
4028,188,20,-1,9.299999999993645,0.0,23,1
