time_step,passenger_sequence,target_x,target_y,current_x,current_y,current_cell,state
4050,175,31,-1,27.73333333332793,0.0,4,0
4050,176,27,-1,26.59999999999451,0.0,5,2
4050,179,22,-1,21.599999999994253,0.0,10,2
4050,180,21,-1,20.16666666666084,0.0,12,1
4050,182,24,-1,18.699999999994027,0.0,13,1
4050,183,26,1,17.266666666660615,0.0,15,1
4050,185,20,1,15.399999999993808,0.0,17,1
4050,186,16,1,13.56666666666042,0.0,18,1
4050,188,20,-1,9.299999999993645,0.0,23,1
