time_step,passenger_sequence,target_x,target_y,current_x,current_y,current_cell,state
4116,182,24,-1,21.999999999994074,0.0,10,0
4116,183,26,1,20.566666666660662,0.0,11,0
4116,185,20,1,18.699999999993842,0.0,13,0
4116,186,16,1,15.566666666660414,0.0,16,2
4116,188,20,-1,11.199999999993638,0.0,21,1
