time_step,passenger_sequence,target_x,target_y,current_x,current_y,current_cell,state
2964,129,27,1,25.766666666664033,0.0,6,0
2964,135,18,1,13.666666666663557,0.0,18,0
2964,136,28,1,12.73333333333017,0.0,19,0
2964,137,31,1,11.599999999996784,0.0,20,0
2964,138,24,1,8.966666666663407,0.0,23,0
2964,139,30,-1,8.033333333330019,0.0,24,0
2964,140,9,-1,8.599999999996621,0.0,23,2
2964,141,22,1,5.8666666666632405,0.0,26,1
2964,142,7,1,4.933333333329845,0.0,27,1
2964,143,23,1,3.999999999996456,0.0,28,1
2964,144,2,1,1.5666666666630567,0.0,499,3
2964,145,19,1,0.533333333329668,0.0,31,1
2964,146,32,1,-0.466666666670394,0.0,32,1
2964,147,26,-1,-1.4666666666704478,0.0,33,1
2964,148,19,-1,-2.4666666666705144,0.0,34,1
2964,149,29,-1,-3.466666666670574,0.0,35,1
2964,150,6,-1,-4.466666666670637,0.0,36,1
2964,151,8,-1,-5.466666666670692,0.0,37,1
2964,152,5,-1,-6.466666666670754,0.0,38,1
2964,153,23,-1,-7.466666666670811,0.0,39,1
2964,154,17,1,-8.466666666670866,0.0,40,1
2964,155,10,1,-9.466666666670921,0.0,41,1
2964,156,11,-1,-10.466666666670985,0.0,42,1
2964,157,13,-1,-11.46666666667104,0.0,43,1
2964,158,28,-1,-12.466666666671106,0.0,44,1
2964,159,1,-1,-13.46666666667116,0.0,45,1
2964,160,30,1,-14.466666666671228,0.0,46,1
2964,161,7,-1,-15.466666666671284,0.0,47,1
2964,162,3,-1,-16.466666666671347,0.0,48,1
2964,163,12,-1,-17.46666666667142,0.0,49,1
2964,164,15,1,-18.4666666666715,0.0,50,1
2964,165,9,1,-19.466666666671575,0.0,51,1
2964,166,25,-1,-20.466666666671657,0.0,52,1
2964,167,14,1,-21.46666666667173,0.0,53,1
2964,168,29,1,-22.466666666671802,0.0,54,1
2964,169,32,-1,-23.466666666671884,0.0,55,1
2964,170,3,1,-24.46666666667196,0.0,56,1
2964,171,21,1,-25.466666666672033,0.0,57,1
2964,172,5,1,-26.466666666672108,0.0,58,1
2964,173,13,1,-27.466666666672182,0.0,59,1
2964,174,15,-1,-28.466666666672257,0.0,60,1
2964,175,31,-1,-29.46666666667233,0.0,61,1
2964,176,27,-1,-30.466666666672413,0.0,62,1
2964,177,4,-1,-31.466666666672488,0.0,63,1
2964,178,18,-1,-32.466666666672566,0.0,64,1
2964,179,22,-1,-33.466666666672644,0.0,65,1
2964,180,21,-1,-34.46666666667272,0.0,66,1
2964,181,4,1,-35.4666666666728,0.0,67,1
2964,182,24,-1,-36.46666666667288,0.0,68,1
2964,183,26,1,-37.46666666667296,0.0,69,1
2964,184,16,-1,-38.466666666673035,0.0,70,1
2964,185,20,1,-39.46666666667311,0.0,71,1
2964,186,16,1,-40.46666666667319,0.0,72,1
2964,187,6,1,-41.46666666667327,0.0,73,1
2964,188,20,-1,-42.46666666667335,0.0,74,1
