time_step,passenger_sequence,target_x,target_y,current_x,current_y,current_cell,state
3723,160,30,1,28.966666666662213,0.0,3,0
3723,166,25,-1,17.533333333328343,0.0,14,0
3723,168,29,1,13.966666666661542,0.0,18,0
3723,169,32,-1,13.033333333328143,0.0,19,0
3723,171,21,1,9.866666666661365,0.0,22,0
3723,173,13,1,7.99999999999458,0.0,24,0
3723,174,15,-1,8.566666666661185,0.0,23,0
3723,175,31,-1,5.933333333327798,0.0,26,0
3723,176,27,-1,4.999999999994399,0.0,27,0
3723,177,4,-1,3.5666666666610083,0.0,28,2
3723,178,18,-1,2.533333333327612,0.0,29,1
3723,179,22,-1,1.599999999994216,0.0,30,1
3723,180,21,-1,0.6666666666608216,0.0,31,1
3723,181,4,1,-0.26666666667257377,0.0,32,1
3723,182,24,-1,-1.2666666666726358,0.0,33,1
3723,183,26,1,-2.2666666666726973,0.0,34,1
3723,184,16,-1,-3.2666666666727604,0.0,35,1
3723,185,20,1,-4.266666666672823,0.0,36,1
3723,186,16,1,-5.266666666672879,0.0,37,1
3723,187,6,1,-6.266666666672938,0.0,38,1
3723,188,20,-1,-7.266666666672997,0.0,39,1
