time_step,passenger_sequence,target_x,target_y,current_x,current_y,current_cell,state
3361,146,32,1,25.09999999999636,0.0,7,0
3361,147,26,-1,23.566666666662954,0.0,8,0
3361,149,29,-1,19.99999999999611,0.0,12,0
3361,153,23,-1,14.666666666662477,0.0,17,0
3361,154,17,1,14.533333333329086,0.0,17,0
3361,156,11,-1,9.56666666666231,0.0,22,0
3361,157,13,-1,8.633333333328922,0.0,23,0
3361,158,28,-1,7.699999999995523,0.0,24,0
3361,160,30,1,4.133333333328739,0.0,28,0
3361,161,7,-1,3.199999999995347,0.0,29,0
3361,162,3,-1,2.266666666661952,0.0,30,0
3361,163,12,-1,1.3333333333285597,0.0,31,0
3361,164,15,1,0.3999999999951571,0.0,32,0
3361,165,9,1,-0.6000000000049035,0.0,33,0
3361,166,25,-1,-1.600000000004973,0.0,34,0
3361,167,14,1,-2.600000000005036,0.0,35,0
3361,168,29,1,-3.6000000000050942,0.0,36,0
3361,169,32,-1,-4.600000000005162,0.0,37,0
3361,170,3,1,-5.60000000000522,0.0,38,0
3361,171,21,1,-6.600000000005277,0.0,39,0
3361,172,5,1,-7.600000000005336,0.0,40,0
3361,173,13,1,-8.600000000005394,0.0,41,0
3361,174,15,-1,-9.600000000005451,0.0,42,0
3361,175,31,-1,-10.60000000000551,0.0,43,0
3361,176,27,-1,-11.600000000005576,0.0,44,0
3361,177,4,-1,-12.600000000005632,0.0,45,0
3361,178,18,-1,-13.600000000005691,0.0,46,0
3361,179,22,-1,-14.60000000000575,0.0,47,0
3361,180,21,-1,-15.600000000005807,0.0,48,0
3361,181,4,1,-16.600000000005874,0.0,49,0
3361,182,24,-1,-17.60000000000595,0.0,50,0
3361,183,26,1,-18.600000000006023,0.0,51,0
3361,184,16,-1,-19.600000000006098,0.0,52,0
3361,185,20,1,-20.600000000006172,0.0,53,0
3361,186,16,1,-21.600000000006247,0.0,54,0
3361,187,6,1,-22.60000000000632,0.0,55,0
3361,188,20,-1,-23.600000000006396,0.0,56,0
