time_step,passenger_sequence,target_x,target_y,current_x,current_y,current_cell,state
3302,146,32,1,19.199999999996276,0.0,13,0
3302,147,26,-1,17.66666666666287,0.0,14,0
3302,148,19,-1,16.73333333332946,0.0,15,0
3302,149,29,-1,15.799999999996055,0.0,16,0
3302,153,23,-1,10.466666666662492,0.0,22,0
3302,154,17,1,8.633333333329107,0.0,23,0
3302,155,10,1,8.599999999995715,0.0,23,0
3302,156,11,-1,6.166666666662323,0.0,26,0
3302,157,13,-1,5.233333333328934,0.0,27,0
3302,158,28,-1,4.299999999995535,0.0,28,0
3302,160,30,1,0.7333333333287372,0.0,31,0
3302,161,7,-1,-0.20000000000465465,0.0,32,0
3302,162,3,-1,-1.2000000000047153,0.0,33,0
3302,163,12,-1,-2.2000000000047746,0.0,34,0
3302,164,15,1,-3.2000000000048447,0.0,35,0
3302,165,9,1,-4.200000000004906,0.0,36,0
3302,166,25,-1,-5.200000000004971,0.0,37,0
3302,167,14,1,-6.20000000000503,0.0,38,0
3302,168,29,1,-7.200000000005083,0.0,39,0
3302,169,32,-1,-8.200000000005149,0.0,40,0
3302,170,3,1,-9.200000000005208,0.0,41,0
3302,171,21,1,-10.200000000005264,0.0,42,0
3302,172,5,1,-11.200000000005323,0.0,43,0
3302,173,13,1,-12.200000000005382,0.0,44,0
3302,174,15,-1,-13.200000000005438,0.0,45,0
3302,175,31,-1,-14.200000000005497,0.0,46,0
3302,176,27,-1,-15.200000000005563,0.0,47,0
3302,177,4,-1,-16.200000000005623,0.0,48,0
3302,178,18,-1,-17.200000000005698,0.0,49,0
3302,179,22,-1,-18.200000000005772,0.0,50,0
3302,180,21,-1,-19.200000000005847,0.0,51,0
3302,181,4,1,-20.20000000000592,0.0,52,0
3302,182,24,-1,-21.200000000005996,0.0,53,0
3302,183,26,1,-22.20000000000607,0.0,54,0
3302,184,16,-1,-23.200000000006145,0.0,55,0
3302,185,20,1,-24.20000000000622,0.0,56,0
3302,186,16,1,-25.200000000006295,0.0,57,0
3302,187,6,1,-26.20000000000637,0.0,58,0
3302,188,20,-1,-27.200000000006444,0.0,59,0
