time_step,passenger_sequence,target_x,target_y,current_x,current_y,current_cell,state
3001,135,18,1,15.66666666666355,0.0,16,0
3001,136,28,1,14.733333333330163,0.0,17,0
3001,137,31,1,13.599999999996777,0.0,18,0
3001,138,24,1,10.9666666666634,0.0,21,0
3001,139,30,-1,11.733333333330005,0.0,20,0
3001,141,22,1,7.166666666663236,0.0,25,0
3001,142,7,1,6.23333333332984,0.0,26,0
3001,143,23,1,5.2999999999964515,0.0,27,0
3001,145,19,1,1.8333333333296686,0.0,30,0
3001,146,32,1,0.8999999999962726,0.0,31,0
3001,147,26,-1,-0.03333333333711422,0.0,32,0
3001,148,19,-1,-1.0333333333371797,0.0,33,0
3001,149,29,-1,-2.033333333337239,0.0,34,0
3001,150,6,-1,-3.0333333333373043,0.0,35,0
3001,151,8,-1,-4.033333333337364,0.0,36,0
3001,152,5,-1,-5.033333333337426,0.0,37,0
3001,153,23,-1,-6.033333333337483,0.0,38,0
3001,154,17,1,-7.033333333337538,0.0,39,0
3001,155,10,1,-8.033333333337593,0.0,40,0
3001,156,11,-1,-9.033333333337657,0.0,41,0
3001,157,13,-1,-10.033333333337712,0.0,42,0
3001,158,28,-1,-11.033333333337778,0.0,43,0
3001,159,1,-1,-12.033333333337831,0.0,44,0
3001,160,30,1,-13.0333333333379,0.0,45,0
3001,161,7,-1,-14.033333333337955,0.0,46,0
3001,162,3,-1,-15.033333333338012,0.0,47,0
3001,163,12,-1,-16.033333333338067,0.0,48,0
3001,164,15,1,-17.03333333333815,0.0,49,0
3001,165,9,1,-18.033333333338224,0.0,50,0
3001,166,25,-1,-19.033333333338305,0.0,51,0
3001,167,14,1,-20.03333333333838,0.0,52,0
3001,168,29,1,-21.03333333333845,0.0,53,0
3001,169,32,-1,-22.033333333338533,0.0,54,0
3001,170,3,1,-23.033333333338607,0.0,55,0
3001,171,21,1,-24.033333333338682,0.0,56,0
3001,172,5,1,-25.033333333338756,0.0,57,0
3001,173,13,1,-26.03333333333883,0.0,58,0
3001,174,15,-1,-27.033333333338906,0.0,59,0
3001,175,31,-1,-28.03333333333898,0.0,60,0
3001,176,27,-1,-29.033333333339062,0.0,61,0
3001,177,4,-1,-30.033333333339137,0.0,62,0
3001,178,18,-1,-31.03333333333921,0.0,63,0
3001,179,22,-1,-32.033333333339286,0.0,64,0
3001,180,21,-1,-33.033333333339364,0.0,65,0
3001,181,4,1,-34.03333333333944,0.0,66,0
3001,182,24,-1,-35.03333333333952,0.0,67,0
3001,183,26,1,-36.0333333333396,0.0,68,0
3001,184,16,-1,-37.03333333333968,0.0,69,0
3001,185,20,1,-38.033333333339755,0.0,70,0
3001,186,16,1,-39.03333333333983,0.0,71,0
3001,187,6,1,-40.03333333333991,0.0,72,0
3001,188,20,-1,-41.03333333333999,0.0,73,0
