time_step,passenger_sequence,target_x,target_y,current_x,current_y,current_cell,state
3982,175,31,-1,20.933333333327834,0.0,11,0
3982,176,27,-1,19.999999999994415,0.0,12,0
3982,178,18,-1,17.533333333327594,0.0,14,2
3982,179,22,-1,16.49999999999418,0.0,16,1
3982,180,21,-1,13.86666666666079,0.0,18,1
3982,182,24,-1,13.499999999994,0.0,19,0
3982,183,26,1,12.26666666666061,0.0,20,1
3982,184,16,-1,11.333333333327218,0.0,21,1
3982,185,20,1,10.399999999993826,0.0,22,1
3982,186,16,1,9.466666666660435,0.0,23,1
3982,188,20,-1,5.1999999999936595,0.0,27,1
