time_step,passenger_sequence,target_x,target_y,current_x,current_y,current_cell,state
3990,175,31,-1,21.733333333327845,0.0,10,0
3990,176,27,-1,20.799999999994427,0.0,11,0
3990,179,22,-1,17.09999999999419,0.0,15,0
3990,180,21,-1,14.466666666660787,0.0,18,0
3990,182,24,-1,14.299999999993997,0.0,18,0
3990,183,26,1,12.866666666660608,0.0,19,0
3990,184,16,-1,11.933333333327216,0.0,20,0
3990,185,20,1,10.999999999993824,0.0,21,0
3990,186,16,1,10.066666666660433,0.0,22,0
3990,188,20,-1,5.799999999993657,0.0,26,0
