time_step,passenger_sequence,target_x,target_y,current_x,current_y,current_cell,state
3116,136,28,1,24.53333333333028,0.0,7,0
3116,137,31,1,23.399999999996872,0.0,9,0
3116,138,24,1,20.76666666666345,0.0,11,0
3116,139,30,-1,21.53333333333007,0.0,10,0
3116,141,22,1,16.96666666666322,0.0,15,0
3116,143,23,1,13.499999999996422,0.0,19,0
3116,145,19,1,10.033333333329649,0.0,22,0
3116,146,32,1,9.099999999996257,0.0,23,0
3116,147,26,-1,8.166666666662874,0.0,24,0
3116,148,19,-1,7.233333333329478,0.0,25,0
3116,149,29,-1,6.299999999996089,0.0,26,0
3116,150,6,-1,5.366666666662695,0.0,27,0
3116,151,8,-1,4.433333333329307,0.0,28,0
3116,152,5,-1,3.4999999999959086,0.0,29,0
3116,153,23,-1,2.5666666666625138,0.0,29,0
3116,154,17,1,1.6333333333291213,0.0,30,0
3116,155,10,1,0.699999999995729,0.0,31,0
3116,156,11,-1,-0.233333333337672,0.0,32,0
3116,157,13,-1,-1.2333333333377305,0.0,33,0
3116,158,28,-1,-2.2333333333378005,0.0,34,0
3116,159,1,-1,-3.2333333333378587,0.0,35,0
3116,160,30,1,-4.2333333333379315,0.0,36,0
3116,161,7,-1,-5.233333333337987,0.0,37,0
3116,162,3,-1,-6.233333333338043,0.0,38,0
3116,163,12,-1,-7.2333333333380985,0.0,39,0
3116,164,15,1,-8.233333333338164,0.0,40,0
3116,165,9,1,-9.233333333338221,0.0,41,0
3116,166,25,-1,-10.233333333338287,0.0,42,0
3116,167,14,1,-11.233333333338345,0.0,43,0
3116,168,29,1,-12.233333333338399,0.0,44,0
3116,169,32,-1,-13.233333333338464,0.0,45,0
3116,170,3,1,-14.233333333338523,0.0,46,0
3116,171,21,1,-15.23333333333858,0.0,47,0
3116,172,5,1,-16.233333333338642,0.0,48,0
3116,173,13,1,-17.233333333338717,0.0,49,0
3116,174,15,-1,-18.23333333333879,0.0,50,0
3116,175,31,-1,-19.233333333338866,0.0,51,0
3116,176,27,-1,-20.233333333338948,0.0,52,0
3116,177,4,-1,-21.233333333339022,0.0,53,0
3116,178,18,-1,-22.233333333339097,0.0,54,0
3116,179,22,-1,-23.23333333333917,0.0,55,0
3116,180,21,-1,-24.233333333339246,0.0,56,0
3116,181,4,1,-25.23333333333932,0.0,57,0
3116,182,24,-1,-26.233333333339395,0.0,58,0
3116,183,26,1,-27.23333333333947,0.0,59,0
3116,184,16,-1,-28.233333333339544,0.0,60,0
3116,185,20,1,-29.23333333333962,0.0,61,0
3116,186,16,1,-30.233333333339694,0.0,62,0
3116,187,6,1,-31.23333333333977,0.0,63,0
3116,188,20,-1,-32.23333333333984,0.0,64,0
