time_step,passenger_sequence,target_x,target_y,current_x,current_y,current_cell,state
3441,149,29,-1,24.599999999996175,0.0,7,0
3441,153,23,-1,19.26666666666252,0.0,13,0
3441,157,13,-1,10.933333333328914,0.0,21,0
3441,158,28,-1,9.999999999995515,0.0,22,0
3441,160,30,1,6.433333333328731,0.0,26,0
3441,161,7,-1,5.499999999995342,0.0,27,0
3441,163,12,-1,2.933333333328561,0.0,29,0
3441,164,15,1,1.9999999999951579,0.0,30,0
3441,165,9,1,1.066666666661763,0.0,31,0
3441,166,25,-1,0.13333333332836061,0.0,32,0
3441,167,14,1,-0.8666666666717013,0.0,33,0
3441,168,29,1,-1.866666666671759,0.0,34,0
3441,169,32,-1,-2.8666666666718292,0.0,35,0
3441,170,3,1,-3.8666666666718923,0.0,36,0
3441,171,21,1,-4.86666666667195,0.0,37,0
3441,172,5,1,-5.866666666672009,0.0,38,0
3441,173,13,1,-6.866666666672067,0.0,39,0
3441,174,15,-1,-7.866666666672124,0.0,40,0
3441,175,31,-1,-8.866666666672183,0.0,41,0
3441,176,27,-1,-9.866666666672248,0.0,42,0
3441,177,4,-1,-10.866666666672305,0.0,43,0
3441,178,18,-1,-11.866666666672364,0.0,44,0
3441,179,22,-1,-12.866666666672423,0.0,45,0
3441,180,21,-1,-13.86666666667248,0.0,46,0
3441,181,4,1,-14.866666666672538,0.0,47,0
3441,182,24,-1,-15.866666666672597,0.0,48,0
3441,183,26,1,-16.866666666672668,0.0,49,0
3441,184,16,-1,-17.866666666672742,0.0,50,0
3441,185,20,1,-18.866666666672817,0.0,51,0
3441,186,16,1,-19.86666666667289,0.0,52,0
3441,187,6,1,-20.866666666672966,0.0,53,0
3441,188,20,-1,-21.86666666667304,0.0,54,0
