time_step,passenger_sequence,target_x,target_y,current_x,current_y,current_cell,state
3448,149,29,-1,25.299999999996185,0.0,7,0
3448,153,23,-1,19.96666666666253,0.0,12,0
3448,157,13,-1,11.633333333328912,0.0,20,0
3448,158,28,-1,10.699999999995512,0.0,21,0
3448,160,30,1,7.1333333333287285,0.0,25,0
3448,161,7,-1,6.19999999999534,0.0,26,0
3448,163,12,-1,3.6333333333285616,0.0,28,0
3448,164,15,1,2.6999999999951583,0.0,29,0
3448,165,9,1,1.7666666666617636,0.0,30,0
3448,166,25,-1,0.8333333333283606,0.0,31,0
3448,167,14,1,-0.10000000000503478,0.0,32,0
3448,168,29,1,-1.1000000000050918,0.0,33,0
3448,169,32,-1,-2.1000000000051617,0.0,34,0
3448,170,3,1,-3.100000000005225,0.0,35,0
3448,171,21,1,-4.100000000005286,0.0,36,0
3448,172,5,1,-5.100000000005345,0.0,37,0
3448,173,13,1,-6.100000000005403,0.0,38,0
3448,174,15,-1,-7.10000000000546,0.0,39,0
3448,175,31,-1,-8.100000000005519,0.0,40,0
3448,176,27,-1,-9.100000000005585,0.0,41,0
3448,177,4,-1,-10.100000000005641,0.0,42,0
3448,178,18,-1,-11.1000000000057,0.0,43,0
3448,179,22,-1,-12.100000000005759,0.0,44,0
3448,180,21,-1,-13.100000000005815,0.0,45,0
3448,181,4,1,-14.100000000005874,0.0,46,0
3448,182,24,-1,-15.100000000005933,0.0,47,0
3448,183,26,1,-16.10000000000599,0.0,48,0
3448,184,16,-1,-17.100000000006066,0.0,49,0
3448,185,20,1,-18.10000000000614,0.0,50,0
3448,186,16,1,-19.100000000006215,0.0,51,0
3448,187,6,1,-20.10000000000629,0.0,52,0
3448,188,20,-1,-21.100000000006364,0.0,53,0
