time_step,passenger_sequence,target_x,target_y,current_x,current_y,current_cell,state
3901,168,29,1,28.36666666666171,0.0,4,0
3901,169,32,-1,27.433333333328296,0.0,5,0
3901,175,31,-1,16.233333333327767,0.0,16,0
3901,176,27,-1,15.299999999994363,0.0,17,0
3901,178,18,-1,12.533333333327583,0.0,19,0
3901,179,22,-1,13.299999999994185,0.0,19,0
3901,180,21,-1,10.6666666666608,0.0,21,0
3901,182,24,-1,8.799999999994016,0.0,23,0
3901,183,26,1,7.3666666666606275,0.0,25,0
3901,184,16,-1,6.433333333327235,0.0,26,0
3901,185,20,1,5.499999999993843,0.0,27,0
3901,186,16,1,6.266666666660447,0.0,26,0
3901,187,6,1,3.6333333333270588,0.0,28,0
3901,188,20,-1,2.6999999999936626,0.0,29,0
