time_step,passenger_sequence,target_x,target_y,current_x,current_y,current_cell,state
3042,136,28,1,17.133333333330174,0.0,15,0
3042,137,31,1,15.999999999996769,0.0,16,0
3042,138,24,1,13.366666666663392,0.0,19,0
3042,139,30,-1,14.133333333329997,0.0,18,0
3042,141,22,1,9.566666666663227,0.0,22,0
3042,143,23,1,6.099999999996449,0.0,26,0
3042,145,19,1,2.633333333329669,0.0,29,0
3042,146,32,1,1.6999999999962732,0.0,30,0
3042,147,26,-1,0.7666666666628857,0.0,31,0
3042,148,19,-1,-0.1666666666705132,0.0,32,0
3042,149,29,-1,-1.1666666666705716,0.0,33,0
3042,150,6,-1,-2.1666666666706367,0.0,34,0
3042,151,8,-1,-3.166666666670696,0.0,35,0
3042,152,5,-1,-4.166666666670762,0.0,36,0
3042,153,23,-1,-5.166666666670819,0.0,37,0
3042,154,17,1,-6.166666666670874,0.0,38,0
3042,155,10,1,-7.166666666670929,0.0,39,0
3042,156,11,-1,-8.166666666670993,0.0,40,0
3042,157,13,-1,-9.166666666671048,0.0,41,0
3042,158,28,-1,-10.166666666671114,0.0,42,0
3042,159,1,-1,-11.166666666671167,0.0,43,0
3042,160,30,1,-12.166666666671237,0.0,44,0
3042,161,7,-1,-13.166666666671292,0.0,45,0
3042,162,3,-1,-14.166666666671349,0.0,46,0
3042,163,12,-1,-15.166666666671404,0.0,47,0
3042,164,15,1,-16.16666666667147,0.0,48,0
3042,165,9,1,-17.166666666671546,0.0,49,0
3042,166,25,-1,-18.166666666671627,0.0,50,0
3042,167,14,1,-19.166666666671702,0.0,51,0
3042,168,29,1,-20.166666666671773,0.0,52,0
3042,169,32,-1,-21.166666666671855,0.0,53,0
3042,170,3,1,-22.16666666667193,0.0,54,0
3042,171,21,1,-23.166666666672004,0.0,55,0
3042,172,5,1,-24.16666666667208,0.0,56,0
3042,173,13,1,-25.166666666672153,0.0,57,0
3042,174,15,-1,-26.166666666672228,0.0,58,0
3042,175,31,-1,-27.166666666672302,0.0,59,0
3042,176,27,-1,-28.166666666672384,0.0,60,0
3042,177,4,-1,-29.16666666667246,0.0,61,0
3042,178,18,-1,-30.166666666672533,0.0,62,0
3042,179,22,-1,-31.166666666672608,0.0,63,0
3042,180,21,-1,-32.16666666667268,0.0,64,0
3042,181,4,1,-33.16666666667276,0.0,65,0
3042,182,24,-1,-34.16666666667284,0.0,66,0
3042,183,26,1,-35.16666666667292,0.0,67,0
3042,184,16,-1,-36.166666666672995,0.0,68,0
3042,185,20,1,-37.16666666667307,0.0,69,0
3042,186,16,1,-38.16666666667315,0.0,70,0
3042,187,6,1,-39.16666666667323,0.0,71,0
3042,188,20,-1,-40.16666666667331,0.0,72,0
