time_step,passenger_sequence,target_x,target_y,current_x,current_y,current_cell,state
3938,169,32,-1,30.033333333328322,0.0,2,0
3938,175,31,-1,18.233333333327796,0.0,14,0
3938,176,27,-1,17.299999999994377,0.0,15,0
3938,178,18,-1,16.233333333327575,0.0,16,0
3938,179,22,-1,15.299999999994178,0.0,17,0
3938,180,21,-1,12.666666666660793,0.0,19,0
3938,182,24,-1,10.799999999994009,0.0,21,0
3938,183,26,1,11.066666666660614,0.0,21,0
3938,184,16,-1,8.433333333327228,0.0,24,0
3938,185,20,1,9.19999999999383,0.0,23,0
3938,186,16,1,8.26666666666044,0.0,24,0
3938,187,6,1,5.533333333327054,0.0,26,2
3938,188,20,-1,4.499999999993662,0.0,28,1
