time_step,passenger_sequence,target_x,target_y,current_x,current_y,current_cell,state
3050,136,28,1,17.933333333330186,0.0,14,0
3050,137,31,1,16.79999999999678,0.0,15,0
3050,138,24,1,14.166666666663389,0.0,18,0
3050,139,30,-1,14.933333333329994,0.0,17,0
3050,141,22,1,10.366666666663225,0.0,22,0
3050,143,23,1,6.899999999996446,0.0,25,0
3050,145,19,1,3.43333333332967,0.0,29,0
3050,146,32,1,2.4999999999962736,0.0,30,0
3050,147,26,-1,1.5666666666628861,0.0,30,0
3050,148,19,-1,0.6333333333294868,0.0,31,0
3050,149,29,-1,-0.30000000000390503,0.0,32,0
3050,150,6,-1,-1.3000000000039693,0.0,33,0
3050,151,8,-1,-2.3000000000040286,0.0,34,0
3050,152,5,-1,-3.300000000004095,0.0,35,0
3050,153,23,-1,-4.300000000004156,0.0,36,0
3050,154,17,1,-5.300000000004211,0.0,37,0
3050,155,10,1,-6.300000000004266,0.0,38,0
3050,156,11,-1,-7.30000000000433,0.0,39,0
3050,157,13,-1,-8.300000000004385,0.0,40,0
3050,158,28,-1,-9.30000000000445,0.0,41,0
3050,159,1,-1,-10.300000000004504,0.0,42,0
3050,160,30,1,-11.300000000004573,0.0,43,0
3050,161,7,-1,-12.300000000004628,0.0,44,0
3050,162,3,-1,-13.300000000004685,0.0,45,0
3050,163,12,-1,-14.30000000000474,0.0,46,0
3050,164,15,1,-15.300000000004806,0.0,47,0
3050,165,9,1,-16.300000000004868,0.0,48,0
3050,166,25,-1,-17.30000000000495,0.0,49,0
3050,167,14,1,-18.300000000005024,0.0,50,0
3050,168,29,1,-19.300000000005095,0.0,51,0
3050,169,32,-1,-20.300000000005177,0.0,52,0
3050,170,3,1,-21.30000000000525,0.0,53,0
3050,171,21,1,-22.300000000005326,0.0,54,0
3050,172,5,1,-23.3000000000054,0.0,55,0
3050,173,13,1,-24.300000000005475,0.0,56,0
3050,174,15,-1,-25.30000000000555,0.0,57,0
3050,175,31,-1,-26.300000000005625,0.0,58,0
3050,176,27,-1,-27.300000000005706,0.0,59,0
3050,177,4,-1,-28.30000000000578,0.0,60,0
3050,178,18,-1,-29.300000000005856,0.0,61,0
3050,179,22,-1,-30.30000000000593,0.0,62,0
3050,180,21,-1,-31.300000000006005,0.0,63,0
3050,181,4,1,-32.30000000000608,0.0,64,0
3050,182,24,-1,-33.30000000000616,0.0,65,0
3050,183,26,1,-34.300000000006236,0.0,66,0
3050,184,16,-1,-35.300000000006314,0.0,67,0
3050,185,20,1,-36.30000000000639,0.0,68,0
3050,186,16,1,-37.30000000000647,0.0,69,0
3050,187,6,1,-38.30000000000655,0.0,70,0
3050,188,20,-1,-39.30000000000663,0.0,71,0
