time_step,passenger_sequence,target_x,target_y,current_x,current_y,current_cell,state
3707,160,30,1,27.233333333328858,0.0,5,0
3707,166,25,-1,15.93333333332832,0.0,16,0
3707,167,14,1,13.599999999994933,0.0,18,2
3707,168,29,1,12.566666666661547,0.0,19,1
3707,169,32,-1,11.633333333328148,0.0,20,1
3707,171,21,1,8.46666666666137,0.0,24,1
3707,173,13,1,6.599999999994585,0.0,25,1
3707,174,15,-1,6.96666666666119,0.0,25,0
3707,175,31,-1,4.533333333327803,0.0,27,1
3707,176,27,-1,3.5999999999944023,0.0,28,1
3707,177,4,-1,2.6666666666610075,0.0,29,1
3707,178,18,-1,1.7333333333276115,0.0,30,1
3707,179,22,-1,0.7999999999942156,0.0,31,1
3707,180,21,-1,-0.13333333333917835,0.0,32,1
3707,181,4,1,-1.1333333333392404,0.0,33,1
3707,182,24,-1,-2.133333333339303,0.0,34,1
3707,183,26,1,-3.133333333339365,0.0,35,1
3707,184,16,-1,-4.1333333333394275,0.0,36,1
3707,185,20,1,-5.133333333339486,0.0,37,1
3707,186,16,1,-6.133333333339543,0.0,38,1
3707,187,6,1,-7.133333333339602,0.0,39,1
3707,188,20,-1,-8.13333333333966,0.0,40,1
