time_step,passenger_sequence,target_x,target_y,current_x,current_y,current_cell,state
3562,158,28,-1,17.99999999999552,0.0,14,0
3562,160,30,1,14.433333333328703,0.0,18,0
3562,163,12,-1,10.43333333332854,0.0,22,0
3562,164,15,1,9.49999999999514,0.0,23,0
3562,165,9,1,8.56666666666175,0.0,23,2
3562,166,25,-1,7.5333333333283505,0.0,24,1
3562,167,14,1,6.599999999994958,0.0,25,1
3562,168,29,1,5.6666666666615715,0.0,26,1
3562,169,32,-1,4.733333333328172,0.0,27,1
3562,170,3,1,2.599999999994778,0.0,29,2
3562,171,21,1,1.5666666666613833,0.0,30,1
3562,172,5,1,0.6333333333279876,0.0,31,1
3562,173,13,1,-0.30000000000540783,0.0,32,1
3562,174,15,-1,-1.3000000000054686,0.0,33,1
3562,175,31,-1,-2.3000000000055314,0.0,34,1
3562,176,27,-1,-3.3000000000056016,0.0,35,1
3562,177,4,-1,-4.300000000005662,0.0,36,1
3562,178,18,-1,-5.300000000005721,0.0,37,1
3562,179,22,-1,-6.300000000005779,0.0,38,1
3562,180,21,-1,-7.300000000005836,0.0,39,1
3562,181,4,1,-8.300000000005895,0.0,40,1
3562,182,24,-1,-9.300000000005953,0.0,41,1
3562,183,26,1,-10.30000000000601,0.0,42,1
3562,184,16,-1,-11.300000000006069,0.0,43,1
3562,185,20,1,-12.300000000006127,0.0,44,1
3562,186,16,1,-13.300000000006184,0.0,45,1
3562,187,6,1,-14.300000000006243,0.0,46,1
3562,188,20,-1,-15.300000000006301,0.0,47,1
