time_step,passenger_sequence,target_x,target_y,current_x,current_y,current_cell,state
3758,166,25,-1,19.33333333332837,0.0,13,0
3758,168,29,1,15.766666666661536,0.0,16,0
3758,169,32,-1,14.833333333328136,0.0,17,0
3758,171,21,1,11.666666666661358,0.0,20,0
3758,173,13,1,9.799999999994574,0.0,22,0
3758,174,15,-1,10.366666666661178,0.0,22,0
3758,175,31,-1,7.733333333327792,0.0,24,0
3758,176,27,-1,6.799999999994393,0.0,25,0
3758,178,18,-1,4.033333333327613,0.0,28,0
3758,179,22,-1,3.099999999994217,0.0,29,0
3758,180,21,-1,2.1666666666608223,0.0,30,0
3758,181,4,1,1.2333333333274263,0.0,31,0
3758,182,24,-1,0.2999999999940309,0.0,32,0
3758,183,26,1,-0.7000000000060297,0.0,33,0
3758,184,16,-1,-1.7000000000060922,0.0,34,0
3758,185,20,1,-2.7000000000061553,0.0,35,0
3758,186,16,1,-3.700000000006217,0.0,36,0
3758,187,6,1,-4.700000000006277,0.0,37,0
3758,188,20,-1,-5.7000000000063356,0.0,38,0
