time_step,passenger_sequence,target_x,target_y,current_x,current_y,current_cell,state
3939,169,32,-1,30.266666666661656,0.0,2,0
3939,175,31,-1,18.333333333327797,0.0,14,0
3939,176,27,-1,17.399999999994378,0.0,15,0
3939,178,18,-1,16.333333333327577,0.0,16,0
3939,179,22,-1,15.399999999994177,0.0,17,0
3939,180,21,-1,12.766666666660793,0.0,19,0
3939,182,24,-1,10.899999999994009,0.0,21,0
3939,183,26,1,11.166666666660614,0.0,21,0
3939,184,16,-1,8.533333333327228,0.0,23,0
3939,185,20,1,9.29999999999383,0.0,23,0
3939,186,16,1,8.36666666666044,0.0,24,0
3939,187,6,1,5.533333333327054,0.0,26,2
3939,188,20,-1,4.499999999993662,0.0,28,1
