time_step,passenger_sequence,target_x,target_y,current_x,current_y,current_cell,state
3647,158,28,-1,26.49999999999564,0.0,6,0
3647,160,30,1,22.933333333328797,0.0,9,0
3647,164,15,1,14.599999999995122,0.0,17,3
3647,166,25,-1,11.633333333328336,0.0,20,0
3647,167,14,1,10.699999999994944,0.0,21,0
3647,168,29,1,9.766666666661557,0.0,22,0
3647,169,32,-1,8.833333333328158,0.0,23,0
3647,171,21,1,5.66666666666138,0.0,26,0
3647,173,13,1,3.7999999999945944,0.0,28,0
3647,174,15,-1,2.6666666666611993,0.0,29,0
3647,175,31,-1,1.7333333333278034,0.0,30,0
3647,176,27,-1,0.7999999999944003,0.0,31,0
3647,177,4,-1,-0.1333333333389936,0.0,32,0
3647,178,18,-1,-1.1333333333390556,0.0,33,0
3647,179,22,-1,-2.1333333333391185,0.0,34,0
3647,180,21,-1,-3.13333333333918,0.0,35,0
3647,181,4,1,-4.133333333339243,0.0,36,0
3647,182,24,-1,-5.133333333339301,0.0,37,0
3647,183,26,1,-6.133333333339358,0.0,38,0
3647,184,16,-1,-7.133333333339417,0.0,39,0
3647,185,20,1,-8.133333333339476,0.0,40,0
3647,186,16,1,-9.133333333339532,0.0,41,0
3647,187,6,1,-10.133333333339591,0.0,42,0
3647,188,20,-1,-11.13333333333965,0.0,43,0
