time_step,passenger_sequence,target_x,target_y,current_x,current_y,current_cell,state
3689,160,30,1,25.433333333328832,0.0,7,0
3689,166,25,-1,14.133333333328327,0.0,18,0
3689,167,14,1,13.199999999994935,0.0,19,0
3689,168,29,1,12.266666666661548,0.0,20,0
3689,169,32,-1,11.333333333328149,0.0,21,0
3689,171,21,1,8.16666666666137,0.0,24,0
3689,173,13,1,6.299999999994586,0.0,26,0
3689,174,15,-1,5.166666666661197,0.0,27,0
3689,175,31,-1,4.2333333333278045,0.0,28,0
3689,176,27,-1,3.299999999994402,0.0,29,0
3689,177,4,-1,2.3666666666610072,0.0,30,0
3689,178,18,-1,1.4333333333276113,0.0,31,0
3689,179,22,-1,0.4999999999942156,0.0,32,0
3689,180,21,-1,-0.500000000005845,0.0,33,0
3689,181,4,1,-1.5000000000059073,0.0,34,0
3689,182,24,-1,-2.5000000000059703,0.0,35,0
3689,183,26,1,-3.500000000006032,0.0,36,0
3689,184,16,-1,-4.500000000006093,0.0,37,0
3689,185,20,1,-5.5000000000061515,0.0,38,0
3689,186,16,1,-6.500000000006208,0.0,39,0
3689,187,6,1,-7.500000000006267,0.0,40,0
3689,188,20,-1,-8.500000000006326,0.0,41,0
