time_step,passenger_sequence,target_x,target_y,current_x,current_y,current_cell,state
3113,136,28,1,24.233333333330275,0.0,8,0
3113,137,31,1,23.099999999996868,0.0,9,0
3113,138,24,1,20.466666666663446,0.0,12,0
3113,139,30,-1,21.233333333330066,0.0,11,0
3113,141,22,1,16.666666666663215,0.0,15,0
3113,143,23,1,13.199999999996423,0.0,19,0
3113,145,19,1,9.73333333332965,0.0,22,0
3113,146,32,1,8.799999999996258,0.0,23,0
3113,147,26,-1,7.866666666662875,0.0,24,0
3113,148,19,-1,6.933333333329479,0.0,25,0
3113,149,29,-1,5.99999999999609,0.0,26,0
3113,150,6,-1,5.066666666662696,0.0,27,0
3113,151,8,-1,4.133333333329308,0.0,28,0
3113,152,5,-1,3.1999999999959083,0.0,29,0
3113,153,23,-1,2.2666666666625135,0.0,30,0
3113,154,17,1,1.333333333329121,0.0,31,0
3113,155,10,1,0.3999999999957291,0.0,32,0
3113,156,11,-1,-0.6000000000043386,0.0,33,0
3113,157,13,-1,-1.6000000000043975,0.0,34,0
3113,158,28,-1,-2.6000000000044676,0.0,35,0
3113,159,1,-1,-3.600000000004526,0.0,36,0
3113,160,30,1,-4.600000000004597,0.0,37,0
3113,161,7,-1,-5.600000000004652,0.0,38,0
3113,162,3,-1,-6.600000000004709,0.0,39,0
3113,163,12,-1,-7.600000000004764,0.0,40,0
3113,164,15,1,-8.60000000000483,0.0,41,0
3113,165,9,1,-9.600000000004886,0.0,42,0
3113,166,25,-1,-10.600000000004952,0.0,43,0
3113,167,14,1,-11.60000000000501,0.0,44,0
3113,168,29,1,-12.600000000005064,0.0,45,0
3113,169,32,-1,-13.60000000000513,0.0,46,0
3113,170,3,1,-14.600000000005188,0.0,47,0
3113,171,21,1,-15.600000000005245,0.0,48,0
3113,172,5,1,-16.600000000005313,0.0,49,0
3113,173,13,1,-17.600000000005387,0.0,50,0
3113,174,15,-1,-18.600000000005462,0.0,51,0
3113,175,31,-1,-19.600000000005537,0.0,52,0
3113,176,27,-1,-20.60000000000562,0.0,53,0
3113,177,4,-1,-21.600000000005693,0.0,54,0
3113,178,18,-1,-22.600000000005767,0.0,55,0
3113,179,22,-1,-23.600000000005842,0.0,56,0
3113,180,21,-1,-24.600000000005917,0.0,57,0
3113,181,4,1,-25.60000000000599,0.0,58,0
3113,182,24,-1,-26.600000000006066,0.0,59,0
3113,183,26,1,-27.60000000000614,0.0,60,0
3113,184,16,-1,-28.600000000006215,0.0,61,0
3113,185,20,1,-29.60000000000629,0.0,62,0
3113,186,16,1,-30.600000000006364,0.0,63,0
3113,187,6,1,-31.60000000000644,0.0,64,0
3113,188,20,-1,-32.60000000000652,0.0,65,0
