time_step,passenger_sequence,target_x,target_y,current_x,current_y,current_cell,state
3385,146,32,1,27.499999999996394,0.0,5,0
3385,147,26,-1,25.566666666662982,0.0,6,2
3385,149,29,-1,21.899999999996137,0.0,10,1
3385,153,23,-1,16.56666666666248,0.0,15,1
3385,154,17,1,16.433333333329088,0.0,16,1
3385,156,11,-1,10.566666666662307,0.0,21,2
3385,157,13,-1,9.533333333328919,0.0,22,1
3385,158,28,-1,8.59999999999552,0.0,23,1
3385,160,30,1,5.033333333328736,0.0,27,1
3385,161,7,-1,4.099999999995347,0.0,28,1
3385,163,12,-1,1.53333333332856,0.0,30,1
3385,164,15,1,0.5999999999951571,0.0,31,1
3385,165,9,1,-0.40000000000490354,0.0,32,1
3385,166,25,-1,-1.4000000000049728,0.0,33,1
3385,167,14,1,-2.400000000005036,0.0,34,1
3385,168,29,1,-3.400000000005094,0.0,35,1
3385,169,32,-1,-4.4000000000051624,0.0,36,1
3385,170,3,1,-5.400000000005221,0.0,37,1
3385,171,21,1,-6.400000000005278,0.0,38,1
3385,172,5,1,-7.4000000000053365,0.0,39,1
3385,173,13,1,-8.400000000005395,0.0,40,1
3385,174,15,-1,-9.400000000005452,0.0,41,1
3385,175,31,-1,-10.40000000000551,0.0,42,1
3385,176,27,-1,-11.400000000005576,0.0,43,1
3385,177,4,-1,-12.400000000005633,0.0,44,1
3385,178,18,-1,-13.400000000005692,0.0,45,1
3385,179,22,-1,-14.40000000000575,0.0,46,1
3385,180,21,-1,-15.400000000005807,0.0,47,1
3385,181,4,1,-16.40000000000587,0.0,48,1
3385,182,24,-1,-17.400000000005946,0.0,49,1
3385,183,26,1,-18.40000000000602,0.0,50,1
3385,184,16,-1,-19.400000000006095,0.0,51,1
3385,185,20,1,-20.40000000000617,0.0,52,1
3385,186,16,1,-21.400000000006244,0.0,53,1
3385,187,6,1,-22.40000000000632,0.0,54,1
3385,188,20,-1,-23.400000000006393,0.0,55,1
