time_step,passenger_sequence,target_x,target_y,current_x,current_y,current_cell,state
3089,136,28,1,21.83333333333024,0.0,10,0
3089,137,31,1,20.699999999996834,0.0,11,0
3089,138,24,1,18.066666666663412,0.0,14,0
3089,139,30,-1,18.83333333333003,0.0,13,0
3089,141,22,1,14.26666666666321,0.0,18,0
3089,143,23,1,10.799999999996432,0.0,21,0
3089,145,19,1,7.333333333329659,0.0,25,0
3089,146,32,1,6.3999999999962665,0.0,26,0
3089,147,26,-1,5.466666666662883,0.0,27,0
3089,148,19,-1,4.533333333329487,0.0,27,0
3089,149,29,-1,3.599999999996097,0.0,28,0
3089,150,6,-1,2.6666666666626986,0.0,29,0
3089,151,8,-1,1.7333333333293062,0.0,30,0
3089,152,5,-1,0.7999999999959067,0.0,31,0
3089,153,23,-1,-0.13333333333748726,0.0,32,0
3089,154,17,1,-1.1333333333375457,0.0,33,0
3089,155,10,1,-2.133333333337605,0.0,34,0
3089,156,11,-1,-3.133333333337674,0.0,35,0
3089,157,13,-1,-4.133333333337733,0.0,36,0
3089,158,28,-1,-5.133333333337799,0.0,37,0
3089,159,1,-1,-6.133333333337852,0.0,38,0
3089,160,30,1,-7.133333333337921,0.0,39,0
3089,161,7,-1,-8.133333333337976,0.0,40,0
3089,162,3,-1,-9.133333333338033,0.0,41,0
3089,163,12,-1,-10.133333333338088,0.0,42,0
3089,164,15,1,-11.133333333338154,0.0,43,0
3089,165,9,1,-12.13333333333821,0.0,44,0
3089,166,25,-1,-13.133333333338276,0.0,45,0
3089,167,14,1,-14.133333333338335,0.0,46,0
3089,168,29,1,-15.133333333338388,0.0,47,0
3089,169,32,-1,-16.133333333338456,0.0,48,0
3089,170,3,1,-17.13333333333853,0.0,49,0
3089,171,21,1,-18.133333333338605,0.0,50,0
3089,172,5,1,-19.13333333333868,0.0,51,0
3089,173,13,1,-20.133333333338754,0.0,52,0
3089,174,15,-1,-21.13333333333883,0.0,53,0
3089,175,31,-1,-22.133333333338904,0.0,54,0
3089,176,27,-1,-23.133333333338985,0.0,55,0
3089,177,4,-1,-24.13333333333906,0.0,56,0
3089,178,18,-1,-25.133333333339134,0.0,57,0
3089,179,22,-1,-26.13333333333921,0.0,58,0
3089,180,21,-1,-27.133333333339284,0.0,59,0
3089,181,4,1,-28.13333333333936,0.0,60,0
3089,182,24,-1,-29.133333333339433,0.0,61,0
3089,183,26,1,-30.133333333339507,0.0,62,0
3089,184,16,-1,-31.133333333339582,0.0,63,0
3089,185,20,1,-32.13333333333966,0.0,64,0
3089,186,16,1,-33.133333333339735,0.0,65,0
3089,187,6,1,-34.13333333333981,0.0,66,0
3089,188,20,-1,-35.13333333333989,0.0,67,0
