time_step,passenger_sequence,target_x,target_y,current_x,current_y,current_cell,state
3897,168,29,1,27.966666666661705,0.0,4,0
3897,169,32,-1,27.03333333332829,0.0,5,0
3897,175,31,-1,15.833333333327763,0.0,16,0
3897,176,27,-1,14.899999999994364,0.0,17,0
3897,178,18,-1,12.133333333327585,0.0,20,0
3897,179,22,-1,12.899999999994186,0.0,19,0
3897,180,21,-1,10.266666666660802,0.0,22,0
3897,182,24,-1,8.399999999994018,0.0,24,0
3897,183,26,1,6.966666666660629,0.0,25,0
3897,184,16,-1,6.033333333327237,0.0,26,0
3897,185,20,1,5.099999999993845,0.0,27,0
3897,186,16,1,5.866666666660448,0.0,26,0
3897,187,6,1,3.2333333333270584,0.0,29,0
3897,188,20,-1,2.2999999999936622,0.0,30,0
