time_step,passenger_sequence,target_x,target_y,current_x,current_y,current_cell,state
3634,158,28,-1,25.199999999995622,0.0,7,0
3634,160,30,1,21.63333333332878,0.0,10,0
3634,164,15,1,14.599999999995122,0.0,17,2
3634,166,25,-1,11.533333333328336,0.0,20,1
3634,167,14,1,10.599999999994944,0.0,21,1
3634,168,29,1,9.666666666661557,0.0,22,1
3634,169,32,-1,8.733333333328158,0.0,23,1
3634,171,21,1,5.56666666666138,0.0,26,1
3634,172,5,1,4.533333333327988,0.0,27,2
3634,173,13,1,3.6999999999945943,0.0,28,1
3634,174,15,-1,2.5666666666611992,0.0,29,1
3634,175,31,-1,1.6333333333278033,0.0,30,1
3634,176,27,-1,0.6999999999944003,0.0,31,1
3634,177,4,-1,-0.23333333333899361,0.0,32,1
3634,178,18,-1,-1.2333333333390557,0.0,33,1
3634,179,22,-1,-2.2333333333391185,0.0,34,1
3634,180,21,-1,-3.2333333333391803,0.0,35,1
3634,181,4,1,-4.233333333339242,0.0,36,1
3634,182,24,-1,-5.233333333339301,0.0,37,1
3634,183,26,1,-6.233333333339358,0.0,38,1
3634,184,16,-1,-7.2333333333394165,0.0,39,1
3634,185,20,1,-8.233333333339475,0.0,40,1
3634,186,16,1,-9.233333333339532,0.0,41,1
3634,187,6,1,-10.23333333333959,0.0,42,1
3634,188,20,-1,-11.23333333333965,0.0,43,1
