time_step,passenger_sequence,target_x,target_y,current_x,current_y,current_cell,state
3889,168,29,1,27.166666666661694,0.0,5,0
3889,169,32,-1,26.23333333332828,0.0,6,0
3889,175,31,-1,15.033333333327766,0.0,17,0
3889,176,27,-1,14.099999999994367,0.0,18,0
3889,178,18,-1,11.333333333327587,0.0,21,0
3889,179,22,-1,12.09999999999419,0.0,20,0
3889,180,21,-1,9.466666666660805,0.0,23,0
3889,182,24,-1,7.59999999999402,0.0,24,0
3889,183,26,1,6.166666666660632,0.0,26,0
3889,184,16,-1,5.23333333332724,0.0,27,0
3889,185,20,1,4.299999999993847,0.0,28,0
3889,186,16,1,5.066666666660451,0.0,27,0
3889,187,6,1,2.4333333333270577,0.0,30,0
3889,188,20,-1,1.4999999999936617,0.0,31,0
