time_step,passenger_sequence,target_x,target_y,current_x,current_y,current_cell,state
3366,146,32,1,25.599999999996367,0.0,6,0
3366,147,26,-1,24.06666666666296,0.0,8,0
3366,149,29,-1,20.499999999996117,0.0,12,0
3366,153,23,-1,15.166666666662476,0.0,17,0
3366,154,17,1,15.033333333329084,0.0,17,0
3366,156,11,-1,10.066666666662309,0.0,22,0
3366,157,13,-1,9.13333333332892,0.0,23,0
3366,158,28,-1,8.199999999995521,0.0,24,0
3366,160,30,1,4.633333333328737,0.0,27,0
3366,161,7,-1,3.6999999999953475,0.0,28,0
3366,162,3,-1,2.5666666666619524,0.0,29,2
3366,163,12,-1,1.53333333332856,0.0,30,1
3366,164,15,1,0.5999999999951571,0.0,31,1
3366,165,9,1,-0.40000000000490354,0.0,32,1
3366,166,25,-1,-1.4000000000049728,0.0,33,1
3366,167,14,1,-2.400000000005036,0.0,34,1
3366,168,29,1,-3.400000000005094,0.0,35,1
3366,169,32,-1,-4.4000000000051624,0.0,36,1
3366,170,3,1,-5.400000000005221,0.0,37,1
3366,171,21,1,-6.400000000005278,0.0,38,1
3366,172,5,1,-7.4000000000053365,0.0,39,1
3366,173,13,1,-8.400000000005395,0.0,40,1
3366,174,15,-1,-9.400000000005452,0.0,41,1
3366,175,31,-1,-10.40000000000551,0.0,42,1
3366,176,27,-1,-11.400000000005576,0.0,43,1
3366,177,4,-1,-12.400000000005633,0.0,44,1
3366,178,18,-1,-13.400000000005692,0.0,45,1
3366,179,22,-1,-14.40000000000575,0.0,46,1
3366,180,21,-1,-15.400000000005807,0.0,47,1
3366,181,4,1,-16.40000000000587,0.0,48,1
3366,182,24,-1,-17.400000000005946,0.0,49,1
3366,183,26,1,-18.40000000000602,0.0,50,1
3366,184,16,-1,-19.400000000006095,0.0,51,1
3366,185,20,1,-20.40000000000617,0.0,52,1
3366,186,16,1,-21.400000000006244,0.0,53,1
3366,187,6,1,-22.40000000000632,0.0,54,1
3366,188,20,-1,-23.400000000006393,0.0,55,1
