time_step,passenger_sequence,target_x,target_y,current_x,current_y,current_cell,state
3625,158,28,-1,24.29999999999561,0.0,8,0
3625,160,30,1,20.733333333328765,0.0,11,0
3625,164,15,1,14.099999999995124,0.0,18,0
3625,166,25,-1,11.133333333328338,0.0,21,0
3625,167,14,1,10.199999999994946,0.0,22,0
3625,168,29,1,9.266666666661559,0.0,23,0
3625,169,32,-1,8.33333333332816,0.0,24,0
3625,171,21,1,5.166666666661381,0.0,27,0
3625,172,5,1,4.233333333327989,0.0,28,0
3625,173,13,1,3.299999999994594,0.0,29,0
3625,174,15,-1,2.366666666661199,0.0,30,0
3625,175,31,-1,1.433333333327803,0.0,31,0
3625,176,27,-1,0.49999999999440037,0.0,32,0
3625,177,4,-1,-0.5000000000056603,0.0,33,0
3625,178,18,-1,-1.5000000000057225,0.0,34,0
3625,179,22,-1,-2.5000000000057856,0.0,35,0
3625,180,21,-1,-3.5000000000058473,0.0,36,0
3625,181,4,1,-4.500000000005908,0.0,37,0
3625,182,24,-1,-5.500000000005967,0.0,38,0
3625,183,26,1,-6.500000000006024,0.0,39,0
3625,184,16,-1,-7.500000000006082,0.0,40,0
3625,185,20,1,-8.50000000000614,0.0,41,0
3625,186,16,1,-9.500000000006198,0.0,42,0
3625,187,6,1,-10.500000000006256,0.0,43,0
3625,188,20,-1,-11.500000000006315,0.0,44,0
