time_step,passenger_sequence,target_x,target_y,current_x,current_y,current_cell,state
3527,158,28,-1,14.499999999995499,0.0,18,0
3527,160,30,1,10.933333333328715,0.0,21,0
3527,163,12,-1,6.933333333328552,0.0,25,0
3527,164,15,1,5.999999999995152,0.0,26,0
3527,165,9,1,5.066666666661762,0.0,27,0
3527,166,25,-1,4.133333333328363,0.0,28,0
3527,167,14,1,3.199999999994967,0.0,29,0
3527,168,29,1,2.2666666666615756,0.0,30,0
3527,169,32,-1,1.3333333333281725,0.0,31,0
3527,170,3,1,0.399999999994777,0.0,32,0
3527,171,21,1,-0.6000000000052836,0.0,33,0
3527,172,5,1,-1.600000000005346,0.0,34,0
3527,173,13,1,-2.600000000005409,0.0,35,0
3527,174,15,-1,-3.600000000005471,0.0,36,0
3527,175,31,-1,-4.600000000005531,0.0,37,0
3527,176,27,-1,-5.600000000005597,0.0,38,0
3527,177,4,-1,-6.600000000005654,0.0,39,0
3527,178,18,-1,-7.600000000005712,0.0,40,0
3527,179,22,-1,-8.600000000005771,0.0,41,0
3527,180,21,-1,-9.600000000005828,0.0,42,0
3527,181,4,1,-10.600000000005886,0.0,43,0
3527,182,24,-1,-11.600000000005945,0.0,44,0
3527,183,26,1,-12.600000000006002,0.0,45,0
3527,184,16,-1,-13.60000000000606,0.0,46,0
3527,185,20,1,-14.60000000000612,0.0,47,0
3527,186,16,1,-15.600000000006176,0.0,48,0
3527,187,6,1,-16.600000000006244,0.0,49,0
3527,188,20,-1,-17.600000000006318,0.0,50,0
