time_step,passenger_sequence,target_x,target_y,current_x,current_y,current_cell,state
3343,146,32,1,23.299999999996334,0.0,9,0
3343,147,26,-1,21.76666666666293,0.0,10,0
3343,149,29,-1,18.199999999996084,0.0,14,0
3343,153,23,-1,12.866666666662484,0.0,19,0
3343,154,17,1,12.733333333329092,0.0,19,0
3343,156,11,-1,7.766666666662317,0.0,24,0
3343,157,13,-1,6.833333333328929,0.0,25,0
3343,158,28,-1,5.899999999995529,0.0,26,0
3343,160,30,1,2.333333333328738,0.0,30,0
3343,161,7,-1,1.3999999999953456,0.0,31,0
3343,162,3,-1,0.46666666666195145,0.0,32,0
3343,163,12,-1,-0.5333333333381071,0.0,33,0
3343,164,15,1,-1.5333333333381765,0.0,34,0
3343,165,9,1,-2.533333333338238,0.0,35,0
3343,166,25,-1,-3.5333333333383083,0.0,36,0
3343,167,14,1,-4.533333333338369,0.0,37,0
3343,168,29,1,-5.5333333333384225,0.0,38,0
3343,169,32,-1,-6.533333333338488,0.0,39,0
3343,170,3,1,-7.533333333338547,0.0,40,0
3343,171,21,1,-8.533333333338604,0.0,41,0
3343,172,5,1,-9.533333333338662,0.0,42,0
3343,173,13,1,-10.533333333338721,0.0,43,0
3343,174,15,-1,-11.533333333338778,0.0,44,0
3343,175,31,-1,-12.533333333338836,0.0,45,0
3343,176,27,-1,-13.533333333338902,0.0,46,0
3343,177,4,-1,-14.533333333338959,0.0,47,0
3343,178,18,-1,-15.533333333339018,0.0,48,0
3343,179,22,-1,-16.533333333339083,0.0,49,0
3343,180,21,-1,-17.533333333339158,0.0,50,0
3343,181,4,1,-18.533333333339232,0.0,51,0
3343,182,24,-1,-19.533333333339307,0.0,52,0
3343,183,26,1,-20.53333333333938,0.0,53,0
3343,184,16,-1,-21.533333333339456,0.0,54,0
3343,185,20,1,-22.53333333333953,0.0,55,0
3343,186,16,1,-23.533333333339606,0.0,56,0
3343,187,6,1,-24.53333333333968,0.0,57,0
3343,188,20,-1,-25.533333333339755,0.0,58,0
