time_step,passenger_sequence,target_x,target_y,current_x,current_y,current_cell,state
3725,160,30,1,29.29999999999555,0.0,3,0
3725,166,25,-1,17.733333333328346,0.0,14,0
3725,168,29,1,14.166666666661541,0.0,18,0
3725,169,32,-1,13.233333333328142,0.0,19,0
3725,171,21,1,10.066666666661364,0.0,22,0
3725,173,13,1,8.19999999999458,0.0,24,0
3725,174,15,-1,8.766666666661184,0.0,23,0
3725,175,31,-1,6.133333333327798,0.0,26,0
3725,176,27,-1,5.199999999994398,0.0,27,0
3725,177,4,-1,3.5666666666610083,0.0,28,2
3725,178,18,-1,2.533333333327612,0.0,29,1
3725,179,22,-1,1.599999999994216,0.0,30,1
3725,180,21,-1,0.6666666666608216,0.0,31,1
3725,181,4,1,-0.26666666667257377,0.0,32,1
3725,182,24,-1,-1.2666666666726358,0.0,33,1
3725,183,26,1,-2.2666666666726973,0.0,34,1
3725,184,16,-1,-3.2666666666727604,0.0,35,1
3725,185,20,1,-4.266666666672823,0.0,36,1
3725,186,16,1,-5.266666666672879,0.0,37,1
3725,187,6,1,-6.266666666672938,0.0,38,1
3725,188,20,-1,-7.266666666672997,0.0,39,1
