time_step,passenger_sequence,target_x,target_y,current_x,current_y,current_cell,state
3844,168,29,1,22.66666666666163,0.0,9,0
3844,169,32,-1,21.733333333328215,0.0,10,0
3844,171,21,1,18.56666666666138,0.0,13,0
3844,175,31,-1,12.233333333327776,0.0,20,0
3844,176,27,-1,11.299999999994377,0.0,21,0
3844,178,18,-1,8.533333333327597,0.0,23,0
3844,179,22,-1,7.599999999994205,0.0,24,0
3844,180,21,-1,6.666666666660815,0.0,25,0
3844,182,24,-1,4.79999999999403,0.0,27,0
3844,183,26,1,3.3666666666606386,0.0,29,0
3844,184,16,-1,2.4333333333272424,0.0,30,0
3844,185,20,1,1.4999999999938465,0.0,31,0
3844,186,16,1,0.5666666666604522,0.0,31,0
3844,187,6,1,-0.4333333333396099,0.0,32,0
3844,188,20,-1,-1.433333333339672,0.0,33,0
