time_step,passenger_sequence,target_x,target_y,current_x,current_y,current_cell,state
3308,146,32,1,19.799999999996285,0.0,12,0
3308,147,26,-1,18.26666666666288,0.0,14,0
3308,148,19,-1,17.333333333329467,0.0,15,0
3308,149,29,-1,16.39999999999606,0.0,16,0
3308,153,23,-1,11.06666666666249,0.0,21,0
3308,154,17,1,9.233333333329105,0.0,23,0
3308,155,10,1,9.199999999995713,0.0,23,0
3308,156,11,-1,6.766666666662321,0.0,25,0
3308,157,13,-1,5.833333333328932,0.0,26,0
3308,158,28,-1,4.899999999995533,0.0,27,0
3308,160,30,1,1.3333333333287374,0.0,31,0
3308,161,7,-1,0.3999999999953454,0.0,32,0
3308,162,3,-1,-0.6000000000047152,0.0,33,0
3308,163,12,-1,-1.600000000004774,0.0,34,0
3308,164,15,1,-2.600000000004844,0.0,35,0
3308,165,9,1,-3.600000000004906,0.0,36,0
3308,166,25,-1,-4.600000000004973,0.0,37,0
3308,167,14,1,-5.600000000005032,0.0,38,0
3308,168,29,1,-6.600000000005085,0.0,39,0
3308,169,32,-1,-7.600000000005151,0.0,40,0
3308,170,3,1,-8.60000000000521,0.0,41,0
3308,171,21,1,-9.600000000005267,0.0,42,0
3308,172,5,1,-10.600000000005325,0.0,43,0
3308,173,13,1,-11.600000000005384,0.0,44,0
3308,174,15,-1,-12.60000000000544,0.0,45,0
3308,175,31,-1,-13.6000000000055,0.0,46,0
3308,176,27,-1,-14.600000000005565,0.0,47,0
3308,177,4,-1,-15.600000000005622,0.0,48,0
3308,178,18,-1,-16.60000000000569,0.0,49,0
3308,179,22,-1,-17.600000000005764,0.0,50,0
3308,180,21,-1,-18.60000000000584,0.0,51,0
3308,181,4,1,-19.600000000005913,0.0,52,0
3308,182,24,-1,-20.600000000005988,0.0,53,0
3308,183,26,1,-21.600000000006062,0.0,54,0
3308,184,16,-1,-22.600000000006137,0.0,55,0
3308,185,20,1,-23.60000000000621,0.0,56,0
3308,186,16,1,-24.600000000006286,0.0,57,0
3308,187,6,1,-25.60000000000636,0.0,58,0
3308,188,20,-1,-26.600000000006435,0.0,59,0
