time_step,passenger_sequence,target_x,target_y,current_x,current_y,current_cell,state
3209,137,31,1,30.63333333333029,0.0,1,2
3209,139,30,-1,27.733333333330158,0.0,4,1
3209,143,23,1,17.99999999999644,0.0,14,1
3209,145,19,1,14.533333333329633,0.0,17,1
3209,146,32,1,13.59999999999624,0.0,18,1
3209,147,26,-1,12.666666666662858,0.0,19,1
3209,148,19,-1,11.733333333329462,0.0,20,1
3209,149,29,-1,10.799999999996073,0.0,21,1
3209,151,8,-1,7.433333333329296,0.0,25,1
3209,153,23,-1,6.566666666662506,0.0,25,0
3209,154,17,1,4.433333333329122,0.0,28,1
3209,155,10,1,4.999999999995728,0.0,27,1
3209,156,11,-1,2.566666666662329,0.0,29,1
3209,157,13,-1,1.6333333333289366,0.0,30,1
3209,158,28,-1,0.6999999999955336,0.0,31,1
3209,159,1,-1,-0.23333333333785675,0.0,32,1
3209,160,30,1,-1.2333333333379295,0.0,33,1
3209,161,7,-1,-2.233333333337989,0.0,34,1
3209,162,3,-1,-3.2333333333380505,0.0,35,1
3209,163,12,-1,-4.233333333338109,0.0,36,1
3209,164,15,1,-5.233333333338175,0.0,37,1
3209,165,9,1,-6.233333333338232,0.0,38,1
3209,166,25,-1,-7.233333333338297,0.0,39,1
3209,167,14,1,-8.233333333338356,0.0,40,1
3209,168,29,1,-9.23333333333841,0.0,41,1
3209,169,32,-1,-10.233333333338475,0.0,42,1
3209,170,3,1,-11.233333333338534,0.0,43,1
3209,171,21,1,-12.23333333333859,0.0,44,1
3209,172,5,1,-13.23333333333865,0.0,45,1
3209,173,13,1,-14.233333333338708,0.0,46,1
3209,174,15,-1,-15.233333333338765,0.0,47,1
3209,175,31,-1,-16.233333333338827,0.0,48,1
3209,176,27,-1,-17.23333333333891,0.0,49,1
3209,177,4,-1,-18.233333333338983,0.0,50,1
3209,178,18,-1,-19.233333333339058,0.0,51,1
3209,179,22,-1,-20.233333333339132,0.0,52,1
3209,180,21,-1,-21.233333333339207,0.0,53,1
3209,181,4,1,-22.23333333333928,0.0,54,1
3209,182,24,-1,-23.233333333339356,0.0,55,1
3209,183,26,1,-24.23333333333943,0.0,56,1
3209,184,16,-1,-25.233333333339505,0.0,57,1
3209,185,20,1,-26.23333333333958,0.0,58,1
3209,186,16,1,-27.233333333339655,0.0,59,1
3209,187,6,1,-28.23333333333973,0.0,60,1
3209,188,20,-1,-29.233333333339804,0.0,61,1
