time_step,passenger_sequence,target_x,target_y,current_x,current_y,current_cell,state
3931,169,32,-1,28.79999999999498,0.0,3,0
3931,175,31,-1,17.533333333327786,0.0,14,0
3931,176,27,-1,16.599999999994367,0.0,15,0
3931,178,18,-1,15.533333333327572,0.0,16,0
3931,179,22,-1,14.59999999999418,0.0,17,0
3931,180,21,-1,11.966666666660796,0.0,20,0
3931,182,24,-1,10.099999999994012,0.0,22,0
3931,183,26,1,10.366666666660617,0.0,22,0
3931,184,16,-1,7.733333333327231,0.0,24,0
3931,185,20,1,8.499999999993832,0.0,24,0
3931,186,16,1,7.566666666660442,0.0,24,0
3931,187,6,1,4.933333333327056,0.0,27,0
3931,188,20,-1,3.9999999999936637,0.0,28,0
