time_step,passenger_sequence,target_x,target_y,current_x,current_y,current_cell,state
3549,158,28,-1,16.6999999999955,0.0,15,0
3549,160,30,1,13.133333333328707,0.0,19,0
3549,163,12,-1,9.133333333328544,0.0,23,0
3549,164,15,1,8.199999999995145,0.0,24,0
3549,165,9,1,7.266666666661754,0.0,25,0
3549,166,25,-1,6.333333333328355,0.0,26,0
3549,167,14,1,5.399999999994963,0.0,27,0
3549,168,29,1,4.466666666661576,0.0,28,0
3549,169,32,-1,3.5333333333281742,0.0,28,0
3549,170,3,1,2.599999999994778,0.0,29,2
3549,171,21,1,1.5666666666613833,0.0,30,1
3549,172,5,1,0.6333333333279876,0.0,31,1
3549,173,13,1,-0.30000000000540783,0.0,32,1
3549,174,15,-1,-1.3000000000054686,0.0,33,1
3549,175,31,-1,-2.3000000000055314,0.0,34,1
3549,176,27,-1,-3.3000000000056016,0.0,35,1
3549,177,4,-1,-4.300000000005662,0.0,36,1
3549,178,18,-1,-5.300000000005721,0.0,37,1
3549,179,22,-1,-6.300000000005779,0.0,38,1
3549,180,21,-1,-7.300000000005836,0.0,39,1
3549,181,4,1,-8.300000000005895,0.0,40,1
3549,182,24,-1,-9.300000000005953,0.0,41,1
3549,183,26,1,-10.30000000000601,0.0,42,1
3549,184,16,-1,-11.300000000006069,0.0,43,1
3549,185,20,1,-12.300000000006127,0.0,44,1
3549,186,16,1,-13.300000000006184,0.0,45,1
3549,187,6,1,-14.300000000006243,0.0,46,1
3549,188,20,-1,-15.300000000006301,0.0,47,1
