time_step,passenger_sequence,target_x,target_y,current_x,current_y,current_cell,state
3163,136,28,1,27.533333333330322,0.0,4,3
3163,137,31,1,26.399999999996915,0.0,6,0
3163,139,30,-1,24.533333333330113,0.0,7,0
3163,141,22,1,19.76666666666326,0.0,12,0
3163,143,23,1,16.299999999996416,0.0,16,0
3163,145,19,1,12.833333333329639,0.0,19,0
3163,146,32,1,11.899999999996247,0.0,20,0
3163,147,26,-1,10.966666666662864,0.0,21,0
3163,148,19,-1,10.033333333329468,0.0,22,0
3163,149,29,-1,9.09999999999608,0.0,23,0
3163,151,8,-1,5.733333333329302,0.0,26,0
3163,153,23,-1,3.6666666666625147,0.0,28,0
3163,154,17,1,2.733333333329122,0.0,29,0
3163,155,10,1,1.7999999999957297,0.0,30,0
3163,156,11,-1,0.866666666662328,0.0,31,0
3163,157,13,-1,-0.06666666667106386,0.0,32,0
3163,158,28,-1,-1.0666666666711329,0.0,33,0
3163,159,1,-1,-2.066666666671191,0.0,34,0
3163,160,30,1,-3.0666666666712645,0.0,35,0
3163,161,7,-1,-4.066666666671324,0.0,36,0
3163,162,3,-1,-5.066666666671381,0.0,37,0
3163,163,12,-1,-6.066666666671436,0.0,38,0
3163,164,15,1,-7.066666666671502,0.0,39,0
3163,165,9,1,-8.066666666671559,0.0,40,0
3163,166,25,-1,-9.066666666671624,0.0,41,0
3163,167,14,1,-10.066666666671683,0.0,42,0
3163,168,29,1,-11.066666666671736,0.0,43,0
3163,169,32,-1,-12.066666666671802,0.0,44,0
3163,170,3,1,-13.06666666667186,0.0,45,0
3163,171,21,1,-14.066666666671917,0.0,46,0
3163,172,5,1,-15.066666666671976,0.0,47,0
3163,173,13,1,-16.066666666672035,0.0,48,0
3163,174,15,-1,-17.06666666667211,0.0,49,0
3163,175,31,-1,-18.066666666672184,0.0,50,0
3163,176,27,-1,-19.066666666672266,0.0,51,0
3163,177,4,-1,-20.06666666667234,0.0,52,0
3163,178,18,-1,-21.066666666672415,0.0,53,0
3163,179,22,-1,-22.06666666667249,0.0,54,0
3163,180,21,-1,-23.066666666672564,0.0,55,0
3163,181,4,1,-24.06666666667264,0.0,56,0
3163,182,24,-1,-25.066666666672713,0.0,57,0
3163,183,26,1,-26.066666666672788,0.0,58,0
3163,184,16,-1,-27.066666666672862,0.0,59,0
3163,185,20,1,-28.066666666672937,0.0,60,0
3163,186,16,1,-29.06666666667301,0.0,61,0
3163,187,6,1,-30.066666666673086,0.0,62,0
3163,188,20,-1,-31.06666666667316,0.0,63,0
