time_step,passenger_sequence,target_x,target_y,current_x,current_y,current_cell,state
3092,136,28,1,22.133333333330246,0.0,10,0
3092,137,31,1,20.999999999996838,0.0,11,0
3092,138,24,1,18.366666666663416,0.0,14,0
3092,139,30,-1,19.133333333330036,0.0,13,0
3092,141,22,1,14.56666666666321,0.0,17,0
3092,143,23,1,11.099999999996431,0.0,21,0
3092,145,19,1,7.633333333329658,0.0,24,0
3092,146,32,1,6.699999999996265,0.0,25,0
3092,147,26,-1,5.766666666662882,0.0,26,0
3092,148,19,-1,4.833333333329486,0.0,27,0
3092,149,29,-1,3.8999999999960973,0.0,28,0
3092,150,6,-1,2.966666666662699,0.0,29,0
3092,151,8,-1,2.033333333329306,0.0,30,0
3092,152,5,-1,1.0999999999959067,0.0,31,0
3092,153,23,-1,0.16666666666251276,0.0,32,0
3092,154,17,1,-0.8333333333375457,0.0,33,0
3092,155,10,1,-1.8333333333376047,0.0,34,0
3092,156,11,-1,-2.8333333333376736,0.0,35,0
3092,157,13,-1,-3.833333333337733,0.0,36,0
3092,158,28,-1,-4.8333333333378,0.0,37,0
3092,159,1,-1,-5.833333333337853,0.0,38,0
3092,160,30,1,-6.833333333337922,0.0,39,0
3092,161,7,-1,-7.833333333337977,0.0,40,0
3092,162,3,-1,-8.833333333338034,0.0,41,0
3092,163,12,-1,-9.83333333333809,0.0,42,0
3092,164,15,1,-10.833333333338155,0.0,43,0
3092,165,9,1,-11.833333333338212,0.0,44,0
3092,166,25,-1,-12.833333333338278,0.0,45,0
3092,167,14,1,-13.833333333338336,0.0,46,0
3092,168,29,1,-14.83333333333839,0.0,47,0
3092,169,32,-1,-15.833333333338455,0.0,48,0
3092,170,3,1,-16.833333333338526,0.0,49,0
3092,171,21,1,-17.8333333333386,0.0,50,0
3092,172,5,1,-18.833333333338675,0.0,51,0
3092,173,13,1,-19.83333333333875,0.0,52,0
3092,174,15,-1,-20.833333333338825,0.0,53,0
3092,175,31,-1,-21.8333333333389,0.0,54,0
3092,176,27,-1,-22.83333333333898,0.0,55,0
3092,177,4,-1,-23.833333333339056,0.0,56,0
3092,178,18,-1,-24.83333333333913,0.0,57,0
3092,179,22,-1,-25.833333333339205,0.0,58,0
3092,180,21,-1,-26.83333333333928,0.0,59,0
3092,181,4,1,-27.833333333339354,0.0,60,0
3092,182,24,-1,-28.83333333333943,0.0,61,0
3092,183,26,1,-29.833333333339503,0.0,62,0
3092,184,16,-1,-30.833333333339578,0.0,63,0
3092,185,20,1,-31.833333333339652,0.0,64,0
3092,186,16,1,-32.83333333333973,0.0,65,0
3092,187,6,1,-33.83333333333981,0.0,66,0
3092,188,20,-1,-34.83333333333989,0.0,67,0
