time_step,passenger_sequence,target_x,target_y,current_x,current_y,current_cell,state
3171,137,31,1,27.199999999996926,0.0,5,0
3171,139,30,-1,25.333333333330124,0.0,7,0
3171,141,22,1,20.56666666666327,0.0,11,0
3171,143,23,1,17.099999999996427,0.0,15,0
3171,145,19,1,13.633333333329636,0.0,18,0
3171,146,32,1,12.699999999996244,0.0,19,0
3171,147,26,-1,11.76666666666286,0.0,20,0
3171,148,19,-1,10.833333333329465,0.0,21,0
3171,149,29,-1,9.899999999996076,0.0,22,0
3171,151,8,-1,6.533333333329299,0.0,25,0
3171,153,23,-1,4.466666666662514,0.0,28,0
3171,154,17,1,3.533333333329123,0.0,28,0
3171,155,10,1,2.59999999999573,0.0,29,0
3171,156,11,-1,1.6666666666623284,0.0,30,0
3171,157,13,-1,0.7333333333289361,0.0,31,0
3171,158,28,-1,-0.20000000000446636,0.0,32,0
3171,159,1,-1,-1.2000000000045234,0.0,33,0
3171,160,30,1,-2.200000000004597,0.0,34,0
3171,161,7,-1,-3.2000000000046565,0.0,35,0
3171,162,3,-1,-4.200000000004717,0.0,36,0
3171,163,12,-1,-5.200000000004772,0.0,37,0
3171,164,15,1,-6.200000000004838,0.0,38,0
3171,165,9,1,-7.200000000004895,0.0,39,0
3171,166,25,-1,-8.20000000000496,0.0,40,0
3171,167,14,1,-9.20000000000502,0.0,41,0
3171,168,29,1,-10.200000000005073,0.0,42,0
3171,169,32,-1,-11.200000000005138,0.0,43,0
3171,170,3,1,-12.200000000005197,0.0,44,0
3171,171,21,1,-13.200000000005254,0.0,45,0
3171,172,5,1,-14.200000000005312,0.0,46,0
3171,173,13,1,-15.200000000005371,0.0,47,0
3171,174,15,-1,-16.20000000000543,0.0,48,0
3171,175,31,-1,-17.200000000005506,0.0,49,0
3171,176,27,-1,-18.200000000005588,0.0,50,0
3171,177,4,-1,-19.200000000005662,0.0,51,0
3171,178,18,-1,-20.200000000005737,0.0,52,0
3171,179,22,-1,-21.20000000000581,0.0,53,0
3171,180,21,-1,-22.200000000005886,0.0,54,0
3171,181,4,1,-23.20000000000596,0.0,55,0
3171,182,24,-1,-24.200000000006035,0.0,56,0
3171,183,26,1,-25.20000000000611,0.0,57,0
3171,184,16,-1,-26.200000000006185,0.0,58,0
3171,185,20,1,-27.20000000000626,0.0,59,0
3171,186,16,1,-28.200000000006334,0.0,60,0
3171,187,6,1,-29.20000000000641,0.0,61,0
3171,188,20,-1,-30.200000000006483,0.0,62,0
