time_step,passenger_sequence,target_x,target_y,current_x,current_y,current_cell,state
3779,166,25,-1,21.4333333333284,0.0,11,0
3779,168,29,1,17.866666666661562,0.0,14,0
3779,169,32,-1,16.933333333328147,0.0,15,0
3779,171,21,1,13.76666666666135,0.0,18,0
3779,173,13,1,11.899999999994566,0.0,20,0
3779,174,15,-1,12.46666666666117,0.0,20,0
3779,175,31,-1,9.833333333327785,0.0,22,0
3779,176,27,-1,8.899999999994385,0.0,23,0
3779,178,18,-1,6.133333333327606,0.0,26,0
3779,179,22,-1,5.199999999994214,0.0,27,0
3779,180,21,-1,4.266666666660823,0.0,28,0
3779,181,4,1,3.333333333327428,0.0,29,0
3779,182,24,-1,2.399999999994032,0.0,30,0
3779,183,26,1,1.4666666666606372,0.0,31,0
3779,184,16,-1,0.5333333333272415,0.0,31,0
3779,185,20,1,-0.46666666667282053,0.0,32,0
3779,186,16,1,-1.4666666666728814,0.0,33,0
3779,187,6,1,-2.4666666666729444,0.0,34,0
3779,188,20,-1,-3.4666666666730075,0.0,35,0
