time_step,passenger_sequence,target_x,target_y,current_x,current_y,current_cell,state
3351,146,32,1,24.099999999996346,0.0,8,0
3351,147,26,-1,22.56666666666294,0.0,9,0
3351,149,29,-1,18.999999999996096,0.0,13,0
3351,153,23,-1,13.666666666662481,0.0,18,0
3351,154,17,1,13.53333333332909,0.0,18,0
3351,156,11,-1,8.566666666662314,0.0,23,0
3351,157,13,-1,7.633333333328926,0.0,24,0
3351,158,28,-1,6.699999999995526,0.0,25,0
3351,160,30,1,3.1333333333287388,0.0,29,0
3351,161,7,-1,2.199999999995346,0.0,30,0
3351,162,3,-1,1.2666666666619515,0.0,31,0
3351,163,12,-1,0.3333333333285596,0.0,32,0
3351,164,15,1,-0.6666666666715095,0.0,33,0
3351,165,9,1,-1.6666666666715706,0.0,34,0
3351,166,25,-1,-2.6666666666716408,0.0,35,0
3351,167,14,1,-3.666666666671704,0.0,36,0
3351,168,29,1,-4.666666666671759,0.0,37,0
3351,169,32,-1,-5.666666666671825,0.0,38,0
3351,170,3,1,-6.666666666671883,0.0,39,0
3351,171,21,1,-7.66666666667194,0.0,40,0
3351,172,5,1,-8.666666666671999,0.0,41,0
3351,173,13,1,-9.666666666672057,0.0,42,0
3351,174,15,-1,-10.666666666672114,0.0,43,0
3351,175,31,-1,-11.666666666672173,0.0,44,0
3351,176,27,-1,-12.666666666672239,0.0,45,0
3351,177,4,-1,-13.666666666672295,0.0,46,0
3351,178,18,-1,-14.666666666672354,0.0,47,0
3351,179,22,-1,-15.666666666672413,0.0,48,0
3351,180,21,-1,-16.66666666667248,0.0,49,0
3351,181,4,1,-17.666666666672555,0.0,50,0
3351,182,24,-1,-18.66666666667263,0.0,51,0
3351,183,26,1,-19.666666666672704,0.0,52,0
3351,184,16,-1,-20.66666666667278,0.0,53,0
3351,185,20,1,-21.666666666672853,0.0,54,0
3351,186,16,1,-22.666666666672928,0.0,55,0
3351,187,6,1,-23.666666666673002,0.0,56,0
3351,188,20,-1,-24.666666666673077,0.0,57,0
