time_step,passenger_sequence,target_x,target_y,current_x,current_y,current_cell,state
3668,158,28,-1,27.599999999995656,0.0,4,2
3668,160,30,1,23.93333333332881,0.0,8,1
3668,166,25,-1,12.633333333328332,0.0,19,1
3668,167,14,1,11.69999999999494,0.0,20,1
3668,168,29,1,10.766666666661553,0.0,21,1
3668,169,32,-1,9.833333333328154,0.0,22,1
3668,171,21,1,6.666666666661376,0.0,25,1
3668,173,13,1,4.799999999994592,0.0,27,1
3668,174,15,-1,3.6666666666612002,0.0,28,1
3668,175,31,-1,2.733333333327804,0.0,29,1
3668,176,27,-1,1.799999999994401,0.0,30,1
3668,177,4,-1,0.8666666666610063,0.0,31,1
3668,178,18,-1,-0.06666666667238902,0.0,32,1
3668,179,22,-1,-1.066666666672451,0.0,33,1
3668,180,21,-1,-2.0666666666725124,0.0,34,1
3668,181,4,1,-3.0666666666725755,0.0,35,1
3668,182,24,-1,-4.0666666666726385,0.0,36,1
3668,183,26,1,-5.066666666672695,0.0,37,1
3668,184,16,-1,-6.066666666672754,0.0,38,1
3668,185,20,1,-7.066666666672813,0.0,39,1
3668,186,16,1,-8.06666666667287,0.0,40,1
3668,187,6,1,-9.066666666672928,0.0,41,1
3668,188,20,-1,-10.066666666672987,0.0,42,1
