time_step,passenger_sequence,target_x,target_y,current_x,current_y,current_cell,state
3173,137,31,1,27.39999999999693,0.0,5,0
3173,139,30,-1,25.533333333330127,0.0,6,0
3173,141,22,1,20.766666666663273,0.0,11,0
3173,143,23,1,17.29999999999643,0.0,15,0
3173,145,19,1,13.833333333329636,0.0,18,0
3173,146,32,1,12.899999999996243,0.0,19,0
3173,147,26,-1,11.96666666666286,0.0,20,0
3173,148,19,-1,11.033333333329464,0.0,21,0
3173,149,29,-1,10.099999999996076,0.0,22,0
3173,151,8,-1,6.733333333329298,0.0,25,0
3173,153,23,-1,4.666666666662513,0.0,27,0
3173,154,17,1,3.733333333329123,0.0,28,0
3173,155,10,1,2.7999999999957303,0.0,29,0
3173,156,11,-1,1.8666666666623286,0.0,30,0
3173,157,13,-1,0.9333333333289361,0.0,31,0
3173,158,28,-1,-4.466343961340158e-12,0.0,32,0
3173,159,1,-1,-1.0000000000045233,0.0,33,0
3173,160,30,1,-2.0000000000045968,0.0,34,0
3173,161,7,-1,-3.0000000000046563,0.0,35,0
3173,162,3,-1,-4.000000000004718,0.0,36,0
3173,163,12,-1,-5.000000000004773,0.0,37,0
3173,164,15,1,-6.000000000004839,0.0,38,0
3173,165,9,1,-7.000000000004896,0.0,39,0
3173,166,25,-1,-8.000000000004961,0.0,40,0
3173,167,14,1,-9.00000000000502,0.0,41,0
3173,168,29,1,-10.000000000005073,0.0,42,0
3173,169,32,-1,-11.000000000005139,0.0,43,0
3173,170,3,1,-12.000000000005198,0.0,44,0
3173,171,21,1,-13.000000000005254,0.0,45,0
3173,172,5,1,-14.000000000005313,0.0,46,0
3173,173,13,1,-15.000000000005372,0.0,47,0
3173,174,15,-1,-16.00000000000543,0.0,48,0
3173,175,31,-1,-17.000000000005503,0.0,49,0
3173,176,27,-1,-18.000000000005585,0.0,50,0
3173,177,4,-1,-19.00000000000566,0.0,51,0
3173,178,18,-1,-20.000000000005734,0.0,52,0
3173,179,22,-1,-21.00000000000581,0.0,53,0
3173,180,21,-1,-22.000000000005883,0.0,54,0
3173,181,4,1,-23.000000000005958,0.0,55,0
3173,182,24,-1,-24.000000000006033,0.0,56,0
3173,183,26,1,-25.000000000006107,0.0,57,0
3173,184,16,-1,-26.00000000000618,0.0,58,0
3173,185,20,1,-27.000000000006256,0.0,59,0
3173,186,16,1,-28.00000000000633,0.0,60,0
3173,187,6,1,-29.000000000006406,0.0,61,0
3173,188,20,-1,-30.00000000000648,0.0,62,0
