time_step,passenger_sequence,target_x,target_y,current_x,current_y,current_cell,state
3369,146,32,1,25.89999999999637,0.0,6,0
3369,147,26,-1,24.366666666662965,0.0,8,0
3369,149,29,-1,20.79999999999612,0.0,11,0
3369,153,23,-1,15.466666666662475,0.0,17,0
3369,154,17,1,15.333333333329083,0.0,17,0
3369,156,11,-1,10.366666666662308,0.0,22,0
3369,157,13,-1,9.43333333332892,0.0,23,0
3369,158,28,-1,8.49999999999552,0.0,24,0
3369,160,30,1,4.933333333328736,0.0,27,0
3369,161,7,-1,3.9999999999953477,0.0,28,0
3369,162,3,-1,2.5666666666619524,0.0,29,2
3369,163,12,-1,1.53333333332856,0.0,30,1
3369,164,15,1,0.5999999999951571,0.0,31,1
3369,165,9,1,-0.40000000000490354,0.0,32,1
3369,166,25,-1,-1.4000000000049728,0.0,33,1
3369,167,14,1,-2.400000000005036,0.0,34,1
3369,168,29,1,-3.400000000005094,0.0,35,1
3369,169,32,-1,-4.4000000000051624,0.0,36,1
3369,170,3,1,-5.400000000005221,0.0,37,1
3369,171,21,1,-6.400000000005278,0.0,38,1
3369,172,5,1,-7.4000000000053365,0.0,39,1
3369,173,13,1,-8.400000000005395,0.0,40,1
3369,174,15,-1,-9.400000000005452,0.0,41,1
3369,175,31,-1,-10.40000000000551,0.0,42,1
3369,176,27,-1,-11.400000000005576,0.0,43,1
3369,177,4,-1,-12.400000000005633,0.0,44,1
3369,178,18,-1,-13.400000000005692,0.0,45,1
3369,179,22,-1,-14.40000000000575,0.0,46,1
3369,180,21,-1,-15.400000000005807,0.0,47,1
3369,181,4,1,-16.40000000000587,0.0,48,1
3369,182,24,-1,-17.400000000005946,0.0,49,1
3369,183,26,1,-18.40000000000602,0.0,50,1
3369,184,16,-1,-19.400000000006095,0.0,51,1
3369,185,20,1,-20.40000000000617,0.0,52,1
3369,186,16,1,-21.400000000006244,0.0,53,1
3369,187,6,1,-22.40000000000632,0.0,54,1
3369,188,20,-1,-23.400000000006393,0.0,55,1
