time_step,passenger_sequence,target_x,target_y,current_x,current_y,current_cell,state
3515,158,28,-1,13.299999999995503,0.0,19,0
3515,160,30,1,9.73333333332872,0.0,22,0
3515,163,12,-1,5.733333333328556,0.0,26,0
3515,164,15,1,4.799999999995157,0.0,27,0
3515,165,9,1,3.8666666666617653,0.0,28,0
3515,166,25,-1,2.933333333328362,0.0,29,0
3515,167,14,1,1.999999999994966,0.0,30,0
3515,168,29,1,1.0666666666615747,0.0,31,0
3515,169,32,-1,0.13333333332817232,0.0,32,0
3515,170,3,1,-0.8666666666718896,0.0,33,0
3515,171,21,1,-1.866666666671951,0.0,34,0
3515,172,5,1,-2.866666666672014,0.0,35,0
3515,173,13,1,-3.866666666672077,0.0,36,0
3515,174,15,-1,-4.866666666672135,0.0,37,0
3515,175,31,-1,-5.866666666672193,0.0,38,0
3515,176,27,-1,-6.866666666672259,0.0,39,0
3515,177,4,-1,-7.866666666672316,0.0,40,0
3515,178,18,-1,-8.866666666672375,0.0,41,0
3515,179,22,-1,-9.866666666672433,0.0,42,0
3515,180,21,-1,-10.86666666667249,0.0,43,0
3515,181,4,1,-11.866666666672549,0.0,44,0
3515,182,24,-1,-12.866666666672607,0.0,45,0
3515,183,26,1,-13.866666666672664,0.0,46,0
3515,184,16,-1,-14.866666666672723,0.0,47,0
3515,185,20,1,-15.866666666672781,0.0,48,0
3515,186,16,1,-16.866666666672852,0.0,49,0
3515,187,6,1,-17.866666666672927,0.0,50,0
3515,188,20,-1,-18.866666666673,0.0,51,0
