time_step,passenger_sequence,target_x,target_y,current_x,current_y,current_cell,state
3518,158,28,-1,13.599999999995502,0.0,18,0
3518,160,30,1,10.033333333328718,0.0,22,0
3518,163,12,-1,6.033333333328555,0.0,26,0
3518,164,15,1,5.0999999999951555,0.0,27,0
3518,165,9,1,4.166666666661765,0.0,28,0
3518,166,25,-1,3.2333333333283623,0.0,29,0
3518,167,14,1,2.299999999994966,0.0,30,0
3518,168,29,1,1.366666666661575,0.0,31,0
3518,169,32,-1,0.43333333332817237,0.0,32,0
3518,170,3,1,-0.5666666666718897,0.0,33,0
3518,171,21,1,-1.5666666666719506,0.0,34,0
3518,172,5,1,-2.5666666666720137,0.0,35,0
3518,173,13,1,-3.5666666666720768,0.0,36,0
3518,174,15,-1,-4.566666666672136,0.0,37,0
3518,175,31,-1,-5.5666666666721945,0.0,38,0
3518,176,27,-1,-6.56666666667226,0.0,39,0
3518,177,4,-1,-7.566666666672317,0.0,40,0
3518,178,18,-1,-8.566666666672376,0.0,41,0
3518,179,22,-1,-9.566666666672434,0.0,42,0
3518,180,21,-1,-10.566666666672491,0.0,43,0
3518,181,4,1,-11.56666666667255,0.0,44,0
3518,182,24,-1,-12.566666666672608,0.0,45,0
3518,183,26,1,-13.566666666672665,0.0,46,0
3518,184,16,-1,-14.566666666672724,0.0,47,0
3518,185,20,1,-15.566666666672782,0.0,48,0
3518,186,16,1,-16.566666666672848,0.0,49,0
3518,187,6,1,-17.566666666672923,0.0,50,0
3518,188,20,-1,-18.566666666672997,0.0,51,0
