time_step,passenger_sequence,target_x,target_y,current_x,current_y,current_cell,state
4098,182,24,-1,20.19999999999405,0.0,12,0
4098,183,26,1,18.766666666660637,0.0,13,0
4098,185,20,1,16.899999999993817,0.0,15,0
4098,186,16,1,15.066666666660415,0.0,17,0
4098,188,20,-1,10.79999999999364,0.0,21,0
