time_step,passenger_sequence,target_x,target_y,current_x,current_y,current_cell,state
4018,175,31,-1,24.533333333327885,0.0,7,0
4018,176,27,-1,23.599999999994466,0.0,8,0
4018,179,22,-1,19.89999999999423,0.0,12,0
4018,180,21,-1,17.2666666666608,0.0,15,0
4018,182,24,-1,17.099999999994004,0.0,15,0
4018,183,26,1,15.666666666660598,0.0,16,0
4018,184,16,-1,14.733333333327206,0.0,17,0
4018,185,20,1,13.799999999993814,0.0,18,0
4018,186,16,1,12.866666666660423,0.0,19,0
4018,188,20,-1,8.599999999993647,0.0,23,0
