time_step,passenger_sequence,target_x,target_y,current_x,current_y,current_cell,state
4118,182,24,-1,22.199999999994077,0.0,10,0
4118,183,26,1,20.766666666660665,0.0,11,0
4118,185,20,1,18.899999999993845,0.0,13,0
4118,186,16,1,15.566666666660414,0.0,16,2
4118,188,20,-1,11.199999999993638,0.0,21,1
