time_step,passenger_sequence,target_x,target_y,current_x,current_y,current_cell,state
4005,175,31,-1,23.233333333327867,0.0,9,0
4005,176,27,-1,22.299999999994448,0.0,10,0
4005,179,22,-1,18.59999999999421,0.0,13,0
4005,180,21,-1,15.966666666660782,0.0,16,0
4005,182,24,-1,15.799999999993991,0.0,16,0
4005,183,26,1,14.366666666660603,0.0,18,0
4005,184,16,-1,13.43333333332721,0.0,19,0
4005,185,20,1,12.499999999993818,0.0,20,0
4005,186,16,1,11.566666666660428,0.0,20,0
4005,188,20,-1,7.299999999993652,0.0,25,0
