time_step,passenger_sequence,target_x,target_y,current_x,current_y,current_cell,state
4088,175,31,-1,30.733333333327955,0.0,499,3
4088,182,24,-1,19.199999999994034,0.0,13,0
4088,183,26,1,17.766666666660623,0.0,14,0
4088,185,20,1,15.899999999993806,0.0,16,0
4088,186,16,1,14.066666666660419,0.0,18,0
4088,188,20,-1,9.799999999993643,0.0,22,0
