time_step,passenger_sequence,target_x,target_y,current_x,current_y,current_cell,state
4002,175,31,-1,22.933333333327862,0.0,9,0
4002,176,27,-1,21.999999999994444,0.0,10,0
4002,179,22,-1,18.299999999994206,0.0,14,0
4002,180,21,-1,15.666666666660783,0.0,16,0
4002,182,24,-1,15.499999999993992,0.0,17,0
4002,183,26,1,14.066666666660604,0.0,18,0
4002,184,16,-1,13.133333333327212,0.0,19,0
4002,185,20,1,12.19999999999382,0.0,20,0
4002,186,16,1,11.266666666660429,0.0,21,0
4002,188,20,-1,6.999999999993653,0.0,25,0
