time_step,passenger_sequence,target_x,target_y,current_x,current_y,current_cell,state
4025,175,31,-1,25.233333333327895,0.0,7,0
4025,176,27,-1,24.299999999994476,0.0,8,0
4025,179,22,-1,20.59999999999424,0.0,11,0
4025,180,21,-1,17.96666666666081,0.0,14,0
4025,182,24,-1,17.799999999994014,0.0,14,0
4025,183,26,1,16.366666666660603,0.0,16,0
4025,184,16,-1,15.433333333327203,0.0,17,0
4025,185,20,1,14.499999999993811,0.0,18,0
4025,186,16,1,13.56666666666042,0.0,18,0
4025,188,20,-1,9.299999999993645,0.0,23,0
