time_step,passenger_sequence,target_x,target_y,current_x,current_y,current_cell,state
4096,182,24,-1,19.999999999994046,0.0,12,0
4096,183,26,1,18.566666666660634,0.0,13,0
4096,185,20,1,16.699999999993814,0.0,15,0
4096,186,16,1,14.866666666660416,0.0,17,0
4096,188,20,-1,10.59999999999364,0.0,21,0
