time_step,passenger_sequence,target_x,target_y,current_x,current_y,current_cell,state
4035,175,31,-1,26.23333333332791,0.0,6,0
4035,176,27,-1,25.29999999999449,0.0,7,0
4035,179,22,-1,21.599999999994253,0.0,10,2
4035,180,21,-1,18.966666666660824,0.0,13,0
4035,182,24,-1,18.699999999994027,0.0,13,1
4035,183,26,1,17.266666666660615,0.0,15,1
4035,184,16,-1,15.533333333327203,0.0,16,2
4035,185,20,1,15.399999999993808,0.0,17,1
4035,186,16,1,13.56666666666042,0.0,18,1
4035,188,20,-1,9.299999999993645,0.0,23,1
