time_step,passenger_sequence,target_x,target_y,current_x,current_y,current_cell,state
4119,182,24,-1,22.29999999999408,0.0,10,0
4119,183,26,1,20.866666666660667,0.0,11,0
4119,185,20,1,18.999999999993847,0.0,13,0
4119,186,16,1,15.566666666660414,0.0,16,2
4119,188,20,-1,11.199999999993638,0.0,21,0
