time_step,passenger_sequence,target_x,target_y,current_x,current_y,current_cell,state
4069,142,31,1,16.199999999996376,0.0,16,0
4069,144,26,1,14.299999999996256,0.0,18,0
4069,146,18,2,7.433333333329484,0.0,25,0
4069,147,16,1,11.299999999996068,0.0,21,0
4069,148,20,-3,5.5666666666626945,0.0,26,0
4069,149,32,-3,4.633333333329302,0.0,27,0
4069,150,6,-1,3.6999999999959017,0.0,28,0
4069,151,24,-3,2.766666666662507,0.0,29,0
4069,152,8,2,1.8333333333291109,0.0,30,0
4069,153,2,-1,0.8999999999957077,0.0,31,0
4069,154,19,-2,-0.033333333337686205,0.0,32,0
4069,155,8,1,-1.0333333333377481,0.0,33,0
4069,156,29,-2,-2.033333333337811,0.0,34,0
4069,157,11,2,-3.0333333333378727,0.0,35,0
4069,158,5,-3,-4.033333333337943,0.0,36,0
4069,159,18,-3,-5.0333333333380015,0.0,37,0
4069,160,25,-3,-6.033333333338058,0.0,38,0
4069,161,29,1,-7.033333333338117,0.0,39,0
4069,162,17,-1,-8.033333333338176,0.0,40,0
4069,163,21,3,-9.033333333338232,0.0,41,0
4069,164,13,-1,-10.033333333338291,0.0,42,0
4069,165,17,-2,-11.03333333333835,0.0,43,0
4069,166,22,1,-12.0333333333384,0.0,44,0
4069,167,17,1,-13.033333333338458,0.0,45,0
4069,168,22,2,-14.033333333338517,0.0,46,0
4069,169,24,3,-15.033333333338573,0.0,47,0
4069,170,9,2,-16.033333333338632,0.0,48,0
4069,171,3,2,-17.033333333338707,0.0,49,0
4069,172,22,-2,-18.033333333338774,0.0,50,0
4069,173,4,-2,-19.03333333333885,0.0,51,0
4069,174,19,-1,-20.033333333338923,0.0,52,0
4069,175,25,-2,-21.03333333333899,0.0,53,0
4069,176,27,2,-22.033333333339066,0.0,54,0
4069,177,2,-2,-23.03333333333914,0.0,55,0
4069,178,28,2,-24.033333333339215,0.0,56,0
4069,179,6,-3,-25.033333333339282,0.0,57,0
4069,180,32,3,-26.033333333339357,0.0,58,0
4069,181,15,3,-27.033333333339424,0.0,59,0
4069,182,29,2,-28.0333333333395,0.0,60,0
4069,183,2,3,-29.033333333339574,0.0,61,0
4069,184,18,3,-30.03333333333964,0.0,62,0
4069,185,15,-3,-31.033333333339716,0.0,63,0
4069,186,11,-3,-32.03333333333978,0.0,64,0
4069,187,3,-2,-33.03333333333986,0.0,65,0
4069,188,18,1,-34.03333333333993,0.0,66,0
