time_step,passenger_sequence,target_x,target_y,current_x,current_y,current_cell,state
4152,142,31,1,24.499999999996493,0.0,8,0
4152,144,26,1,22.599999999996342,0.0,9,0
4152,146,18,2,13.433333333329463,0.0,19,0
4152,148,20,-3,11.566666666662673,0.0,20,0
4152,149,32,-3,10.633333333329281,0.0,21,0
4152,151,24,-3,6.566666666662499,0.0,25,0
4152,152,8,2,5.633333333329107,0.0,26,0
4152,154,19,-2,2.566666666662315,0.0,29,0
4152,155,8,1,1.6333333333289188,0.0,30,0
4152,156,29,-2,0.699999999995523,0.0,31,0
4152,157,11,2,-0.23333333333787096,0.0,32,0
4152,158,5,-3,-1.2333333333379402,0.0,33,0
4152,159,18,-3,-2.233333333338003,0.0,34,0
4152,160,25,-3,-3.2333333333380647,0.0,35,0
4152,161,29,1,-4.233333333338127,0.0,36,0
4152,162,17,-1,-5.2333333333381855,0.0,37,0
4152,163,21,3,-6.233333333338242,0.0,38,0
4152,164,13,-1,-7.233333333338301,0.0,39,0
4152,165,17,-2,-8.23333333333836,0.0,40,0
4152,166,22,1,-9.23333333333841,0.0,41,0
4152,167,17,1,-10.233333333338468,0.0,42,0
4152,168,22,2,-11.233333333338527,0.0,43,0
4152,169,24,3,-12.233333333338583,0.0,44,0
4152,170,9,2,-13.233333333338642,0.0,45,0
4152,171,3,2,-14.2333333333387,0.0,46,0
4152,172,22,-2,-15.23333333333875,0.0,47,0
4152,173,4,-2,-16.233333333338813,0.0,48,0
4152,174,19,-1,-17.233333333338887,0.0,49,0
4152,175,25,-2,-18.233333333338955,0.0,50,0
4152,176,27,2,-19.23333333333903,0.0,51,0
4152,177,2,-2,-20.233333333339104,0.0,52,0
4152,178,28,2,-21.23333333333918,0.0,53,0
4152,179,6,-3,-22.233333333339246,0.0,54,0
4152,180,32,3,-23.23333333333932,0.0,55,0
4152,181,15,3,-24.233333333339388,0.0,56,0
4152,182,29,2,-25.233333333339463,0.0,57,0
4152,183,2,3,-26.233333333339537,0.0,58,0
4152,184,18,3,-27.233333333339605,0.0,59,0
4152,185,15,-3,-28.23333333333968,0.0,60,0
4152,186,11,-3,-29.233333333339747,0.0,61,0
4152,187,3,-2,-30.23333333333982,0.0,62,0
4152,188,18,1,-31.23333333333989,0.0,63,0
