time_step,passenger_sequence,target_x,target_y,current_x,current_y,current_cell,state
5195,180,32,3,29.933333333327546,0.0,2,0
5195,182,29,2,22.73333333332734,0.0,9,0
5195,188,18,1,13.433333333326905,0.0,19,0
