time_step,passenger_sequence,target_x,target_y,current_x,current_y,current_cell,state
5063,176,27,2,23.63333333332771,0.0,8,0
5063,178,28,2,21.66666666666089,0.0,10,0
5063,180,32,3,19.79999999999408,0.0,12,0
5063,182,29,2,15.133333333327247,0.0,17,1
5063,184,18,3,17.566666666660485,0.0,14,2
5063,185,15,-3,13.433333333327075,0.0,19,1
5063,188,18,1,8.333333333326923,0.0,24,1
