time_step,passenger_sequence,target_x,target_y,current_x,current_y,current_cell,state
5090,176,27,2,26.333333333327747,0.0,6,0
5090,178,28,2,24.36666666666093,0.0,8,0
5090,180,32,3,22.499999999994117,0.0,10,0
5090,182,29,2,15.833333333327245,0.0,16,0
5090,185,15,-3,14.233333333327073,0.0,18,0
5090,188,18,1,9.13333333332692,0.0,23,0
