time_step,passenger_sequence,target_x,target_y,current_x,current_y,current_cell,state
5109,176,27,2,26.53333333332775,0.0,5,3
5109,178,28,2,24.566666666660932,0.0,7,0
5109,180,32,3,22.69999999999412,0.0,9,0
5109,182,29,2,16.033333333327246,0.0,16,0
5109,185,15,-3,14.433333333327072,0.0,18,0
5109,188,18,1,9.33333333332692,0.0,23,0
