time_step,passenger_sequence,target_x,target_y,current_x,current_y,current_cell,state
5088,176,27,2,26.133333333327744,0.0,6,0
5088,178,28,2,24.166666666660927,0.0,8,0
5088,180,32,3,22.299999999994114,0.0,10,0
5088,182,29,2,15.633333333327245,0.0,16,0
5088,185,15,-3,14.033333333327073,0.0,18,0
5088,188,18,1,8.933333333326921,0.0,23,0
