time_step,passenger_sequence,target_x,target_y,current_x,current_y,current_cell,state
5135,178,28,2,27.16666666666097,0.0,5,0
5135,180,32,3,25.299999999994156,0.0,7,0
5135,182,29,2,18.633333333327283,0.0,13,0
5135,185,15,-3,14.533333333327072,0.0,17,2
5135,188,18,1,9.33333333332692,0.0,23,0
