time_step,passenger_sequence,target_x,target_y,current_x,current_y,current_cell,state
5059,176,27,2,23.233333333327703,0.0,9,0
5059,178,28,2,21.266666666660885,0.0,11,0
5059,180,32,3,19.399999999994073,0.0,13,0
5059,182,29,2,14.933333333327248,0.0,17,0
5059,184,18,3,17.366666666660482,0.0,15,0
5059,185,15,-3,13.333333333327076,0.0,19,0
5059,188,18,1,8.233333333326923,0.0,24,0
