time_step,passenger_sequence,target_x,target_y,current_x,current_y,current_cell,state
4598,301,5,19,3.800000000000002,18,{L},0
4598,303,5,9,4.200000000000001,11,{L},0
4598,304,3,21,1.9000000000000006,18,{L},0
4598,305,5,3,4.4,4,{L},0
4598,306,5,10,2.600000000000001,11,{L},0
4598,307,3,20,0,13.199999999992835,{L},0
4598,308,3,8,0,8.933333333326097,{L},0
4598,309,3,19,0,6.266666666659371,{L},0
4598,310,3,9,0,3.8666666666593126,{L},0
4598,311,1,21,0,1.4666666666592576,{L},0
4598,312,3,10,0,-0.9333333333407992,{L},0
4598,313,1,20,0,-3.333333333340857,{L},0
4598,314,1,8,0,-5.733333333340919,{L},0
4598,315,1,19,0,-8.133333333340978,{L},0
4598,316,1,9,0,-10.533333333341027,{L},0
4598,317,1,10,0,-12.933333333341071,{L},0
