time_step,passenger_sequence,target_x,target_y,current_x,current_y,current_cell,state
4231,268,11,20,10.599999999999978,18,{L},2
4231,271,11,8,10.599999999999978,11,{L},2
4231,272,11,19,5.899999999999995,18,{L},1
4231,273,5,27,0.7999999999999999,25,{L},0
4231,274,11,2,8.299999999999986,4,{L},0
4231,275,11,9,4.200000000000001,11,{L},1
4231,276,9,21,0,15.799999999994604,{L},0
4231,277,5,26,0,11.066666666661199,{L},0
4231,278,11,3,1.8000000000000005,4,{L},0
4231,279,11,10,0,6.133333333327739,{L},0
4231,280,9,20,0,2.4666666666610166,{L},0
4231,281,9,1,0,0.06666666666096294,{L},0
4231,282,9,8,0,-2.3333333333390938,{L},0
4231,283,9,19,0,-4.733333333339153,{L},0
4231,284,9,2,0,-7.133333333339215,{L},0
4231,285,9,9,0,-9.533333333339268,{L},0
4231,286,7,21,0,-11.933333333339316,{L},0
4231,287,9,3,0,-14.333333333339361,{L},0
4231,288,9,10,0,-16.73333333333941,{L},0
4231,289,7,20,0,-19.06666666667279,{L},0
4231,290,7,1,0,-21.266666666672844,{L},0
4231,291,7,8,0,-23.266666666672894,{L},0
4231,292,7,19,0,-25.066666666672944,{L},0
4231,293,7,2,0,-26.733333333339658,{L},0
4231,294,7,9,0,-28.33333333333971,{L},0
4231,295,5,21,0,-29.93333333333976,{L},0
4231,296,7,3,0,-31.60000000000648,{L},0
4231,297,7,10,0,-33.20000000000653,{L},0
4231,298,5,20,0,-34.800000000006584,{L},0
4231,299,5,1,0,-36.4666666666733,{L},0
4231,300,5,8,0,-38.06666666667335,{L},0
4231,301,5,19,0,-39.6666666666734,{L},0
4231,302,5,2,0,-41.33333333334012,{L},0
4231,303,5,9,0,-42.93333333334017,{L},0
4231,304,3,21,0,-44.533333333340224,{L},0
4231,305,5,3,0,-46.20000000000694,{L},0
4231,306,5,10,0,-47.80000000000699,{L},0
4231,307,3,20,0,-49.40000000000704,{L},0
4231,308,3,8,0,-51.06666666667376,{L},0
4231,309,3,19,0,-52.66666666667381,{L},0
4231,310,3,9,0,-54.26666666667386,{L},0
4231,311,1,21,0,-55.93333333334058,{L},0
4231,312,3,10,0,-57.53333333334063,{L},0
4231,313,1,20,0,-59.13333333334068,{L},0
4231,314,1,8,0,-60.8000000000074,{L},0
4231,315,1,19,0,-62.40000000000745,{L},0
4231,316,1,9,0,-64.0000000000075,{L},0
4231,317,1,10,0,-65.6666666666743,{L},0
