time_step,passenger_sequence,target_x,target_y,current_x,current_y,current_cell,state
4445,283,9,19,8.399999999999986,18,{L},0
4445,285,9,9,8.599999999999985,11,{L},2
4445,286,7,21,6.499999999999993,18,{L},0
4445,287,9,3,7.29999999999999,4,{L},0
4445,288,9,10,4.899999999999999,11,{L},1
4445,289,7,20,4.6,18,{L},0
4445,290,7,1,5.399999999999997,4,{L},0
4445,291,7,8,3.0000000000000013,11,{L},1
4445,292,7,19,0.9999999999999999,18,{L},0
4445,293,7,2,3.5000000000000018,4,{L},0
4445,294,7,9,1.0999999999999999,11,{L},1
4445,295,5,21,0,10.79999999999351,{L},0
4445,296,7,3,1.6000000000000003,4,{L},0
4445,297,7,10,0,5.599999999993383,{L},0
4445,298,5,20,0,2.066666666659993,{L},0
4445,299,5,1,0,-0.33333333334006027,{L},0
4445,300,5,8,0,-2.7333333333401173,{L},0
4445,301,5,19,0,-5.133333333340176,{L},0
4445,302,5,2,0,-7.533333333340239,{L},0
4445,303,5,9,0,-9.93333333334029,{L},0
4445,304,3,21,0,-12.333333333340338,{L},0
4445,305,5,3,0,-14.733333333340383,{L},0
4445,306,5,10,0,-17.13333333334043,{L},0
4445,307,3,20,0,-19.466666666673813,{L},0
4445,308,3,8,0,-21.8000000000072,{L},0
4445,309,3,19,0,-23.866666666673915,{L},0
4445,310,3,9,0,-25.73333333334063,{L},0
4445,311,1,21,0,-27.400000000007346,{L},0
4445,312,3,10,0,-29.000000000007397,{L},0
4445,313,1,20,0,-30.600000000007448,{L},0
4445,314,1,8,0,-32.26666666667417,{L},0
4445,315,1,19,0,-33.86666666667422,{L},0
4445,316,1,9,0,-35.46666666667427,{L},0
4445,317,1,10,0,-37.133333333340985,{L},0
