time_step,passenger_sequence,target_x,target_y,current_x,current_y,current_cell,state
4552,292,7,19,6.5999999999999925,18,{L},2
4552,297,7,10,5.299999999999997,11,{L},0
4552,298,5,20,2.500000000000001,18,{L},0
4552,300,5,8,3.5000000000000018,11,{L},0
4552,301,5,19,0.8999999999999999,18,{L},0
4552,302,5,2,3.1000000000000014,4,{L},0
4552,303,5,9,1.6000000000000003,11,{L},0
4552,304,3,21,0,10.533333333326327,{L},0
4552,305,5,3,1.5000000000000002,4,{L},0
4552,306,5,10,0,5.333333333326208,{L},0
4552,307,3,20,0,1.8666666666594849,{L},0
4552,308,3,8,0,-0.5333333333405754,{L},0
4552,309,3,19,0,-2.9333333333406326,{L},0
4552,310,3,9,0,-5.333333333340692,{L},0
4552,311,1,21,0,-7.733333333340747,{L},0
4552,312,3,10,0,-10.133333333340797,{L},0
4552,313,1,20,0,-12.533333333340845,{L},0
4552,314,1,8,0,-14.933333333340897,{L},0
4552,315,1,19,0,-17.333333333340946,{L},0
4552,316,1,9,0,-19.733333333340994,{L},0
4552,317,1,10,0,-22.000000000007706,{L},0
