time_step,passenger_sequence,target_x,target_y,current_x,current_y,current_cell,state
4062,260,13,19,9.133333333333317,18,{L},0
4062,261,7,27,5.099999999999998,25,{L},0
4062,263,13,9,8.666666666666652,11,{L},0
4062,264,11,21,2.9000000000000012,18,{L},0
4062,265,7,26,0.30000000000000004,25,{L},0
4062,266,13,3,6.099999999999994,4,{L},0
4062,267,13,10,2.2000000000000006,11,{L},0
4062,268,11,20,0,12.599999999995049,{L},0
4062,269,5,28,0,8.733333333328316,{L},0
4062,270,11,1,1.3,4,{L},0
4062,271,11,8,0,4.399999999994865,{L},0
4062,272,11,19,0,1.466666666661471,{L},0
4062,273,5,27,0,-0.9333333333385858,{L},0
4062,274,11,2,0,-3.3333333333386435,{L},0
4062,275,11,9,0,-5.733333333338699,{L},0
4062,276,9,21,0,-8.133333333338758,{L},0
4062,277,5,26,0,-10.533333333338806,{L},0
4062,278,11,3,0,-12.933333333338858,{L},0
4062,279,11,10,0,-15.333333333338906,{L},0
4062,280,9,20,0,-17.733333333338955,{L},0
4062,281,9,1,0,-20.000000000005667,{L},0
4062,282,9,8,0,-22.066666666672383,{L},0
4062,283,9,19,0,-23.9333333333391,{L},0
4062,284,9,2,0,-25.60000000000582,{L},0
4062,285,9,9,0,-27.200000000005872,{L},0
4062,286,7,21,0,-28.800000000005923,{L},0
4062,287,9,3,0,-30.466666666672637,{L},0
4062,288,9,10,0,-32.06666666667269,{L},0
4062,289,7,20,0,-33.66666666667274,{L},0
4062,290,7,1,0,-35.33333333333946,{L},0
4062,291,7,8,0,-36.93333333333951,{L},0
4062,292,7,19,0,-38.53333333333956,{L},0
4062,293,7,2,0,-40.20000000000628,{L},0
4062,294,7,9,0,-41.80000000000633,{L},0
4062,295,5,21,0,-43.40000000000638,{L},0
4062,296,7,3,0,-45.0666666666731,{L},0
4062,297,7,10,0,-46.66666666667315,{L},0
4062,298,5,20,0,-48.2666666666732,{L},0
4062,299,5,1,0,-49.93333333333992,{L},0
4062,300,5,8,0,-51.53333333333997,{L},0
4062,301,5,19,0,-53.13333333334002,{L},0
4062,302,5,2,0,-54.80000000000674,{L},0
4062,303,5,9,0,-56.40000000000679,{L},0
4062,304,3,21,0,-58.00000000000684,{L},0
4062,305,5,3,0,-59.66666666667356,{L},0
4062,306,5,10,0,-61.26666666667361,{L},0
4062,307,3,20,0,-62.86666666667366,{L},0
4062,308,3,8,0,-64.53333333334041,{L},0
4062,309,3,19,0,-66.13333333334054,{L},0
4062,310,3,9,0,-67.73333333334068,{L},0
4062,311,1,21,0,-69.40000000000748,{L},0
4062,312,3,10,0,-71.00000000000762,{L},0
4062,313,1,20,0,-72.60000000000775,{L},0
4062,314,1,8,0,-74.26666666667457,{L},0
4062,315,1,19,0,-75.8666666666747,{L},0
4062,316,1,9,0,-77.46666666667484,{L},0
4062,317,1,10,0,-79.13333333334164,{L},0
