time_step,passenger_sequence,target_x,target_y,current_x,current_y,current_cell,state
4308,275,11,9,10.066666666666647,11,{L},0
4308,276,9,21,5.299999999999997,18,{L},0
4308,277,5,26,2.600000000000001,25,{L},0
4308,278,11,3,7.799999999999988,4,{L},0
4308,279,11,10,5.999999999999995,11,{L},0
4308,280,9,20,1.7000000000000004,18,{L},0
4308,281,9,1,4.200000000000001,4,{L},0
4308,282,9,8,2.400000000000001,11,{L},0
4308,283,9,19,0,12.666666666660864,{L},0
4308,284,9,2,2.3000000000000007,4,{L},0
4308,285,9,9,0,7.466666666660731,{L},0
4308,286,7,21,0,3.4666666666606765,{L},0
4308,287,9,3,0,1.066666666660622,{L},0
4308,288,9,10,0,-1.3333333333394348,{L},0
4308,289,7,20,0,-3.733333333339493,{L},0
4308,290,7,1,0,-6.133333333339555,{L},0
4308,291,7,8,0,-8.533333333339613,{L},0
4308,292,7,19,0,-10.933333333339661,{L},0
4308,293,7,2,0,-13.333333333339706,{L},0
4308,294,7,9,0,-15.733333333339754,{L},0
4308,295,5,21,0,-18.133333333339802,{L},0
4308,296,7,3,0,-20.40000000000652,{L},0
4308,297,7,10,0,-22.533333333339904,{L},0
4308,298,5,20,0,-24.466666666673287,{L},0
4308,299,5,1,0,-26.200000000006668,{L},0
4308,300,5,8,0,-27.80000000000672,{L},0
4308,301,5,19,0,-29.40000000000677,{L},0
4308,302,5,2,0,-31.06666666667349,{L},0
4308,303,5,9,0,-32.66666666667354,{L},0
4308,304,3,21,0,-34.26666666667359,{L},0
4308,305,5,3,0,-35.93333333334031,{L},0
4308,306,5,10,0,-37.53333333334036,{L},0
4308,307,3,20,0,-39.13333333334041,{L},0
4308,308,3,8,0,-40.80000000000713,{L},0
4308,309,3,19,0,-42.40000000000718,{L},0
4308,310,3,9,0,-44.00000000000723,{L},0
4308,311,1,21,0,-45.66666666667395,{L},0
4308,312,3,10,0,-47.266666666674,{L},0
4308,313,1,20,0,-48.86666666667405,{L},0
4308,314,1,8,0,-50.53333333334077,{L},0
4308,315,1,19,0,-52.13333333334082,{L},0
4308,316,1,9,0,-53.73333333334087,{L},0
4308,317,1,10,0,-55.40000000000759,{L},0
