time_step,passenger_sequence,target_x,target_y,current_x,current_y,current_cell,state
4655,307,3,20,2.500000000000001,18,{L},2
4655,309,3,19,0,16.533333333326063,{L},0
4655,310,3,9,0.7,11,{L},0
4655,311,1,21,0,9.999999999992601,{L},0
4655,312,3,10,0,7.066666666659205,{L},0
4655,313,1,20,0,4.666666666659146,{L},0
4655,314,1,8,0,2.266666666659084,{L},0
4655,315,1,19,0,-0.1333333333409733,{L},0
4655,316,1,9,0,-2.53333333334103,{L},0
4655,317,1,10,0,-4.933333333341086,{L},0
