time_step,passenger_sequence,target_x,target_y,current_x,current_y,current_cell,state
4249,272,11,19,6.8999999999999915,18,{L},0
4249,273,5,27,2.600000000000001,25,{L},0
4249,274,11,2,9.666666666666648,4,{L},0
4249,275,11,9,4.5,11,{L},0
4249,276,9,21,1.0999999999999999,18,{L},0
4249,277,5,26,0,15.866666666661214,{L},0
4249,278,11,3,3.600000000000002,4,{L},0
4249,279,11,10,0.1,11,{L},0
4249,280,9,20,0,6.533333333327684,{L},0
4249,281,9,1,0,4,{L},0
4249,282,9,8,0,1.3333333333275728,{L},0
4249,283,9,19,0,-1.1333333333391507,{L},0
4249,284,9,2,0,-3.533333333339212,{L},0
4249,285,9,9,0,-5.933333333339271,{L},0
4249,286,7,21,0,-8.33333333333933,{L},0
4249,287,9,3,0,-10.733333333339374,{L},0
4249,288,9,10,0,-13.133333333339422,{L},0
4249,289,7,20,0,-15.53333333333947,{L},0
4249,290,7,1,0,-17.933333333339522,{L},0
4249,291,7,8,0,-20.200000000006238,{L},0
4249,292,7,19,0,-22.266666666672954,{L},0
4249,293,7,2,0,-24.266666666673,{L},0
4249,294,7,9,0,-25.933333333339718,{L},0
4249,295,5,21,0,-27.53333333333977,{L},0
4249,296,7,3,0,-29.20000000000649,{L},0
4249,297,7,10,0,-30.80000000000654,{L},0
4249,298,5,20,0,-32.40000000000659,{L},0
4249,299,5,1,0,-34.06666666667331,{L},0
4249,300,5,8,0,-35.66666666667336,{L},0
4249,301,5,19,0,-37.26666666667341,{L},0
4249,302,5,2,0,-38.93333333334013,{L},0
4249,303,5,9,0,-40.53333333334018,{L},0
4249,304,3,21,0,-42.13333333334023,{L},0
4249,305,5,3,0,-43.800000000006946,{L},0
4249,306,5,10,0,-45.400000000007,{L},0
4249,307,3,20,0,-47.00000000000705,{L},0
4249,308,3,8,0,-48.66666666667377,{L},0
4249,309,3,19,0,-50.26666666667382,{L},0
4249,310,3,9,0,-51.86666666667387,{L},0
4249,311,1,21,0,-53.533333333340586,{L},0
4249,312,3,10,0,-55.13333333334064,{L},0
4249,313,1,20,0,-56.73333333334069,{L},0
4249,314,1,8,0,-58.40000000000741,{L},0
4249,315,1,19,0,-60.00000000000746,{L},0
4249,316,1,9,0,-61.60000000000751,{L},0
4249,317,1,10,0,-63.266666666674226,{L},0
