time_step,passenger_sequence,target_x,target_y,current_x,current_y,current_cell,state
4762,315,1,19,0,11.133333333325707,{L},0
4762,316,1,9,0,7.866666666658975,{L},0
4762,317,1,10,0,5.466666666658919,{L},0
