time_step,passenger_sequence,target_x,target_y,current_x,current_y,current_cell,state
4289,272,11,19,10.599999999999978,18,{L},2
4289,275,11,9,8.499999999999986,11,{L},0
4289,276,9,21,4.899999999999999,18,{L},1
4289,277,5,26,0.7,25,{L},0
4289,278,11,3,5.899999999999995,4,{L},0
4289,279,11,10,4.100000000000001,11,{L},0
4289,280,9,20,0,17.199999999994372,{L},0
4289,281,9,1,2.3000000000000007,4,{L},0
4289,282,9,8,0.5,11,{L},0
4289,283,9,19,0,7.599999999994184,{L},0
4289,284,9,2,0.4,4,{L},0
4289,285,9,9,0,2.399999999994065,{L},0
4289,286,7,21,0,-0.33333333333932486,{L},0
4289,287,9,3,0,-2.7333333333393783,{L},0
4289,288,9,10,0,-5.133333333339437,{L},0
4289,289,7,20,0,-7.533333333339496,{L},0
4289,290,7,1,0,-9.93333333333955,{L},0
4289,291,7,8,0,-12.3333333333396,{L},0
4289,292,7,19,0,-14.733333333339647,{L},0
4289,293,7,2,0,-17.133333333339692,{L},0
4289,294,7,9,0,-19.466666666673074,{L},0
4289,295,5,21,0,-21.666666666673123,{L},0
4289,296,7,3,0,-23.733333333339843,{L},0
4289,297,7,10,0,-25.466666666673227,{L},0
4289,298,5,20,0,-27.066666666673278,{L},0
4289,299,5,1,0,-28.733333333339992,{L},0
4289,300,5,8,0,-30.333333333340043,{L},0
4289,301,5,19,0,-31.933333333340094,{L},0
4289,302,5,2,0,-33.600000000006816,{L},0
4289,303,5,9,0,-35.20000000000687,{L},0
4289,304,3,21,0,-36.80000000000692,{L},0
4289,305,5,3,0,-38.46666666667363,{L},0
4289,306,5,10,0,-40.06666666667368,{L},0
4289,307,3,20,0,-41.666666666673734,{L},0
4289,308,3,8,0,-43.333333333340455,{L},0
4289,309,3,19,0,-44.93333333334051,{L},0
4289,310,3,9,0,-46.53333333334056,{L},0
4289,311,1,21,0,-48.20000000000727,{L},0
4289,312,3,10,0,-49.80000000000732,{L},0
4289,313,1,20,0,-51.400000000007374,{L},0
4289,314,1,8,0,-53.066666666674095,{L},0
4289,315,1,19,0,-54.666666666674146,{L},0
4289,316,1,9,0,-56.2666666666742,{L},0
4289,317,1,10,0,-57.93333333334091,{L},0
