time_step,passenger_sequence,target_x,target_y,current_x,current_y,current_cell,state
4708,311,1,21,0.5,18,{L},2
4708,312,3,10,1.9000000000000006,11,{L},0
4708,313,1,20,0,13.199999999992498,{L},0
4708,314,1,8,0,8.866666666659086,{L},1
4708,315,1,19,0,6.46666666665903,{L},1
4708,316,1,9,0,4.066666666658971,{L},1
4708,317,1,10,0,1.6666666666589165,{L},1
