time_step,passenger_sequence,target_x,target_y,current_x,current_y,current_cell,state
4281,272,11,19,9.666666666666648,18,{L},0
4281,273,5,27,4.5,25,{L},2
4281,275,11,9,7.699999999999989,11,{L},0
4281,276,9,21,4.300000000000001,18,{L},0
4281,277,5,26,0,24.399999999994517,{L},0
4281,278,11,3,5.099999999999998,4,{L},0
4281,279,11,10,3.3000000000000016,11,{L},0
4281,280,9,20,0,15.066666666661039,{L},0
4281,281,9,1,1.5000000000000002,4,{L},0
4281,282,9,8,0,9.86666666666091,{L},0
4281,283,9,19,0,5.599999999994184,{L},0
4281,284,9,2,0,2.8666666666607896,{L},0
4281,285,9,9,0,0.46666666666073203,{L},0
4281,286,7,21,0,-1.9333333333393246,{L},0
4281,287,9,3,0,-4.33333333333938,{L},0
4281,288,9,10,0,-6.733333333339439,{L},0
4281,289,7,20,0,-9.133333333339493,{L},0
4281,290,7,1,0,-11.533333333339545,{L},0
4281,291,7,8,0,-13.933333333339593,{L},0
4281,292,7,19,0,-16.33333333333964,{L},0
4281,293,7,2,0,-18.733333333339687,{L},0
4281,294,7,9,0,-21.000000000006402,{L},0
4281,295,5,21,0,-23.066666666673118,{L},0
4281,296,7,3,0,-24.93333333333984,{L},0
4281,297,7,10,0,-26.53333333333989,{L},0
4281,298,5,20,0,-28.13333333333994,{L},0
4281,299,5,1,0,-29.800000000006655,{L},0
4281,300,5,8,0,-31.400000000006706,{L},0
4281,301,5,19,0,-33.00000000000676,{L},0
4281,302,5,2,0,-34.66666666667348,{L},0
4281,303,5,9,0,-36.26666666667353,{L},0
4281,304,3,21,0,-37.86666666667358,{L},0
4281,305,5,3,0,-39.533333333340295,{L},0
4281,306,5,10,0,-41.133333333340346,{L},0
4281,307,3,20,0,-42.7333333333404,{L},0
4281,308,3,8,0,-44.40000000000712,{L},0
4281,309,3,19,0,-46.00000000000717,{L},0
4281,310,3,9,0,-47.60000000000722,{L},0
4281,311,1,21,0,-49.266666666673935,{L},0
4281,312,3,10,0,-50.866666666673986,{L},0
4281,313,1,20,0,-52.46666666667404,{L},0
4281,314,1,8,0,-54.13333333334076,{L},0
4281,315,1,19,0,-55.73333333334081,{L},0
4281,316,1,9,0,-57.33333333334086,{L},0
4281,317,1,10,0,-59.000000000007574,{L},0
