time_step,passenger_sequence,target_x,target_y,current_x,current_y,current_cell,state
3279,150,7,-3,6.133333333329329,0.0,26,0
3279,153,9,-1,2.1333333333291375,0.0,30,0
3279,154,10,-1,1.1999999999957398,0.0,31,0
3279,155,11,1,0.26666666666234934,0.0,32,0
3279,156,5,2,-0.7333333333377215,0.0,33,0
3279,157,8,2,-1.7333333333377858,0.0,34,0
3279,158,5,1,-2.7333333333378476,0.0,35,0
3279,159,1,-3,-3.7333333333379195,0.0,36,0
3279,160,10,3,-4.733333333337983,0.0,37,0
3279,161,7,1,-5.733333333338042,0.0,38,0
3279,162,7,2,-6.733333333338091,0.0,39,0
3279,163,10,-3,-7.733333333338155,0.0,40,0
3279,164,5,3,-8.733333333338212,0.0,41,0
3279,165,2,1,-9.733333333338273,0.0,42,0
3279,166,5,-1,-10.73333333333833,0.0,43,0
3279,167,6,-3,-11.73333333333839,0.0,44,0
3279,168,6,3,-12.73333333333845,0.0,45,0
3279,169,11,-3,-13.733333333338505,0.0,46,0
3279,170,4,-2,-14.80000000000523,0.0,47,0
3279,171,2,-2,-15.800000000005287,0.0,48,0
3279,172,10,2,-16.800000000005355,0.0,49,0
3279,173,3,2,-17.800000000005426,0.0,50,0
3279,174,2,-3,-18.8000000000055,0.0,51,0
3279,175,7,-1,-19.80000000000557,0.0,52,0
3279,176,4,-3,-20.800000000005642,0.0,53,0
3279,177,1,-1,-21.800000000005713,0.0,54,0
3279,178,11,-1,-22.86666666667245,0.0,55,0
3279,179,10,1,-23.866666666672522,0.0,56,0
3279,180,11,2,-24.866666666672604,0.0,57,0
3279,181,8,-2,-25.866666666672664,0.0,58,0
3279,182,9,2,-26.933333333339405,0.0,59,0
3279,183,2,-1,-28.000000000006143,0.0,60,0
3279,184,2,3,-29.000000000006214,0.0,61,0
3279,185,11,3,-30.000000000006285,0.0,62,0
3279,186,3,-3,-31.000000000006352,0.0,63,0
3279,187,3,1,-32.06666666667309,0.0,64,0
3279,188,4,3,-33.06666666667317,0.0,65,0
