time_step,passenger_sequence,target_x,target_y,current_x,current_y,current_cell,state
3970,180,11,2,10.03333333332745,0.0,22,0
3970,182,9,2,8.066666666660682,0.0,24,0
3970,185,11,3,3.5666666666605216,0.0,28,0
3970,186,3,-3,2.5333333333271324,0.0,29,2
3970,187,3,1,1.6999999999937365,0.0,30,0
3970,188,4,3,0.5666666666603456,0.0,31,1
