time_step,passenger_sequence,target_x,target_y,current_x,current_y,current_cell,state
3391,155,11,1,7.7666666666623385,0.0,24,0
3391,157,8,2,5.8999999999955435,0.0,26,0
3391,158,5,1,3.766666666662156,0.0,28,0
3391,160,10,3,0.6999999999953507,0.0,31,0
3391,161,7,1,-0.23333333333804504,0.0,32,0
3391,162,7,2,-1.2333333333380982,0.0,33,0
3391,163,10,-3,-2.2333333333381664,0.0,34,0
3391,164,5,3,-3.233333333338228,0.0,35,0
3391,165,2,1,-4.233333333338292,0.0,36,0
3391,166,5,-1,-5.233333333338349,0.0,37,0
3391,167,6,-3,-6.233333333338409,0.0,38,0
3391,168,6,3,-7.23333333333847,0.0,39,0
3391,169,11,-3,-8.233333333338525,0.0,40,0
3391,170,4,-2,-9.233333333338583,0.0,41,0
3391,171,2,-2,-10.23333333333864,0.0,42,0
3391,172,10,2,-11.233333333338697,0.0,43,0
3391,173,3,2,-12.23333333333875,0.0,44,0
3391,174,2,-3,-13.233333333338809,0.0,45,0
3391,175,7,-1,-14.233333333338864,0.0,46,0
3391,176,4,-3,-15.233333333338917,0.0,47,0
3391,177,1,-1,-16.233333333338976,0.0,48,0
3391,178,11,-1,-17.233333333339047,0.0,49,0
3391,179,10,1,-18.233333333339118,0.0,50,0
3391,180,11,2,-19.2333333333392,0.0,51,0
3391,181,8,-2,-20.23333333333926,0.0,52,0
3391,182,9,2,-21.233333333339335,0.0,53,0
3391,183,2,-1,-22.300000000006072,0.0,54,0
3391,184,2,3,-23.300000000006143,0.0,55,0
3391,185,11,3,-24.300000000006214,0.0,56,0
3391,186,3,-3,-25.300000000006282,0.0,57,0
3391,187,3,1,-26.300000000006357,0.0,58,0
3391,188,4,3,-27.300000000006428,0.0,59,0
