time_step,passenger_sequence,target_x,target_y,current_x,current_y,current_cell,state
3454,160,10,3,3.2999999999953524,0.0,29,0
3454,161,7,1,2.366666666661956,0.0,30,0
3454,162,7,2,1.4333333333285687,0.0,31,0
3454,163,10,-3,0.49999999999516775,0.0,32,0
3454,164,5,3,-0.5000000000048929,0.0,33,0
3454,165,2,1,-1.500000000004957,0.0,34,0
3454,166,5,-1,-2.500000000005018,0.0,35,0
3454,167,6,-3,-3.5000000000050835,0.0,36,0
3454,168,6,3,-4.500000000005146,0.0,37,0
3454,169,11,-3,-5.500000000005201,0.0,38,0
3454,170,4,-2,-6.50000000000526,0.0,39,0
3454,171,2,-2,-7.500000000005317,0.0,40,0
3454,172,10,2,-8.500000000005373,0.0,41,0
3454,173,3,2,-9.500000000005427,0.0,42,0
3454,174,2,-3,-10.500000000005485,0.0,43,0
3454,175,7,-1,-11.50000000000554,0.0,44,0
3454,176,4,-3,-12.500000000005594,0.0,45,0
3454,177,1,-1,-13.500000000005649,0.0,46,0
3454,178,11,-1,-14.500000000005704,0.0,47,0
3454,179,10,1,-15.500000000005757,0.0,48,0
3454,180,11,2,-16.50000000000583,0.0,49,0
3454,181,8,-2,-17.50000000000589,0.0,50,0
3454,182,9,2,-18.500000000005965,0.0,51,0
3454,183,2,-1,-19.500000000006036,0.0,52,0
3454,184,2,3,-20.500000000006107,0.0,53,0
3454,185,11,3,-21.500000000006178,0.0,54,0
3454,186,3,-3,-22.500000000006246,0.0,55,0
3454,187,3,1,-23.50000000000632,0.0,56,0
3454,188,4,3,-24.50000000000639,0.0,57,0
