time_step,passenger_sequence,target_x,target_y,current_x,current_y,current_cell,state
3319,153,9,-1,4.433333333329138,0.0,28,0
3319,154,10,-1,5.199999999995738,0.0,27,0
3319,155,11,1,2.5666666666623503,0.0,29,0
3319,156,5,2,1.6333333333289455,0.0,30,0
3319,157,8,2,0.6999999999955479,0.0,31,0
3319,158,5,1,-0.2333333333378461,0.0,32,0
3319,159,1,-3,-1.233333333337917,0.0,33,0
3319,160,10,3,-2.2333333333379835,0.0,34,0
3319,161,7,1,-3.233333333338047,0.0,35,0
3319,162,7,2,-4.2333333333381,0.0,36,0
3319,163,10,-3,-5.233333333338164,0.0,37,0
3319,164,5,3,-6.233333333338221,0.0,38,0
3319,165,2,1,-7.233333333338281,0.0,39,0
3319,166,5,-1,-8.233333333338338,0.0,40,0
3319,167,6,-3,-9.233333333338399,0.0,41,0
3319,168,6,3,-10.233333333338459,0.0,42,0
3319,169,11,-3,-11.233333333338514,0.0,43,0
3319,170,4,-2,-12.233333333338573,0.0,44,0
3319,171,2,-2,-13.23333333333863,0.0,45,0
3319,172,10,2,-14.233333333338686,0.0,46,0
3319,173,3,2,-15.23333333333874,0.0,47,0
3319,174,2,-3,-16.233333333338802,0.0,48,0
3319,175,7,-1,-17.233333333338873,0.0,49,0
3319,176,4,-3,-18.233333333338944,0.0,50,0
3319,177,1,-1,-19.233333333339015,0.0,51,0
3319,178,11,-1,-20.300000000005753,0.0,52,0
3319,179,10,1,-21.300000000005824,0.0,53,0
3319,180,11,2,-22.300000000005905,0.0,54,0
3319,181,8,-2,-23.300000000005966,0.0,55,0
3319,182,9,2,-24.366666666672707,0.0,56,0
3319,183,2,-1,-25.433333333339444,0.0,57,0
3319,184,2,3,-26.433333333339515,0.0,58,0
3319,185,11,3,-27.433333333339586,0.0,59,0
3319,186,3,-3,-28.50000000000632,0.0,61,0
3319,187,3,1,-29.500000000006395,0.0,62,0
3319,188,4,3,-30.500000000006466,0.0,63,0
