time_step,passenger_sequence,target_x,target_y,current_x,current_y,current_cell,state
3206,148,8,3,5.799999999996123,0.0,26,0
3206,149,7,3,3.166666666662731,0.0,29,0
3206,150,7,-3,2.233333333329335,0.0,30,0
3206,151,4,1,1.2999999999959353,0.0,31,0
3206,152,3,-2,0.36666666666253056,0.0,32,0
3206,153,9,-1,-0.6333333333375297,0.0,33,0
3206,154,10,-1,-1.633333333337594,0.0,34,0
3206,155,11,1,-2.633333333337652,0.0,35,0
3206,156,5,2,-3.633333333337724,0.0,36,0
3206,157,8,2,-4.633333333337786,0.0,37,0
3206,158,5,1,-5.633333333337843,0.0,38,0
3206,159,1,-3,-6.6333333333379105,0.0,39,0
3206,160,10,3,-7.633333333337973,0.0,40,0
3206,161,7,1,-8.633333333338031,0.0,41,0
3206,162,7,2,-9.633333333338081,0.0,42,0
3206,163,10,-3,-10.700000000004811,0.0,43,0
3206,164,5,3,-11.700000000004868,0.0,44,0
3206,165,2,1,-12.700000000004929,0.0,45,0
3206,166,5,-1,-13.700000000004986,0.0,46,0
3206,167,6,-3,-14.700000000005046,0.0,47,0
3206,168,6,3,-15.700000000005106,0.0,48,0
3206,169,11,-3,-16.700000000005172,0.0,49,0
3206,170,4,-2,-17.766666666671913,0.0,50,0
3206,171,2,-2,-18.766666666671988,0.0,51,0
3206,172,10,2,-19.76666666667206,0.0,52,0
3206,173,3,2,-20.76666666667213,0.0,53,0
3206,174,2,-3,-21.766666666672204,0.0,54,0
3206,175,7,-1,-22.833333333338942,0.0,55,0
3206,176,4,-3,-23.833333333339013,0.0,56,0
3206,177,1,-1,-24.833333333339084,0.0,57,0
3206,178,11,-1,-25.90000000000582,0.0,58,0
3206,179,10,1,-26.900000000005893,0.0,59,0
3206,180,11,2,-27.900000000005974,0.0,60,0
3206,181,8,-2,-28.9666666666727,0.0,61,0
3206,182,9,2,-30.033333333339442,0.0,62,0
3206,183,2,-1,-31.033333333339513,0.0,63,0
3206,184,2,3,-32.033333333339584,0.0,64,0
3206,185,11,3,-33.03333333333966,0.0,65,0
3206,186,3,-3,-34.1000000000064,0.0,66,0
3206,187,3,1,-35.16666666667315,0.0,67,0
3206,188,4,3,-36.16666666667323,0.0,68,0
