time_step,passenger_sequence,target_x,target_y,current_x,current_y,current_cell,state
3468,160,10,3,4.699999999995351,0.0,27,0
3468,161,7,1,3.766666666661957,0.0,28,0
3468,162,7,2,2.8333333333285697,0.0,29,0
3468,163,10,-3,1.8999999999951684,0.0,30,0
3468,164,5,3,0.9666666666617737,0.0,31,0
3468,165,2,1,0.033333333328376596,0.0,32,0
3468,166,5,-1,-0.9666666666716835,0.0,33,0
3468,167,6,-3,-1.9666666666717485,0.0,34,0
3468,168,6,3,-2.9666666666718133,0.0,35,0
3468,169,11,-3,-3.966666666671873,0.0,36,0
3468,170,4,-2,-4.966666666671932,0.0,37,0
3468,171,2,-2,-5.966666666671989,0.0,38,0
3468,172,10,2,-6.966666666672046,0.0,39,0
3468,173,3,2,-7.966666666672099,0.0,40,0
3468,174,2,-3,-8.966666666672158,0.0,41,0
3468,175,7,-1,-9.966666666672213,0.0,42,0
3468,176,4,-3,-10.966666666672266,0.0,43,0
3468,177,1,-1,-11.966666666672321,0.0,44,0
3468,178,11,-1,-12.966666666672376,0.0,45,0
3468,179,10,1,-13.96666666667243,0.0,46,0
3468,180,11,2,-14.966666666672495,0.0,47,0
3468,181,8,-2,-15.96666666667254,0.0,48,0
3468,182,9,2,-16.966666666672612,0.0,49,0
3468,183,2,-1,-17.966666666672683,0.0,50,0
3468,184,2,3,-18.966666666672754,0.0,51,0
3468,185,11,3,-19.966666666672825,0.0,52,0
3468,186,3,-3,-20.966666666672893,0.0,53,0
3468,187,3,1,-21.966666666672968,0.0,54,0
3468,188,4,3,-22.96666666667304,0.0,55,0
