time_step,passenger_sequence,target_x,target_y,current_x,current_y,current_cell,state
3725,169,11,-3,10.399999999994776,0.0,22,0
3725,172,10,2,5.4999999999946105,0.0,27,0
3725,175,7,-1,0.8999999999944358,0.0,31,0
3725,176,4,-3,-0.033333333338954524,0.0,32,0
3725,177,1,-1,-1.033333333339013,0.0,33,0
3725,178,11,-1,-2.033333333339072,0.0,34,0
3725,179,10,1,-3.0333333333391304,0.0,35,0
3725,180,11,2,-4.0333333333392005,0.0,36,0
3725,181,8,-2,-5.033333333339245,0.0,37,0
3725,182,9,2,-6.033333333339302,0.0,38,0
3725,183,2,-1,-7.033333333339357,0.0,39,0
3725,184,2,3,-8.033333333339412,0.0,40,0
3725,185,11,3,-9.033333333339465,0.0,41,0
3725,186,3,-3,-10.033333333339517,0.0,42,0
3725,187,3,1,-11.033333333339575,0.0,43,0
3725,188,4,3,-12.033333333339629,0.0,44,0
