time_step,passenger_sequence,target_x,target_y,current_x,current_y,current_cell,state
3865,178,11,-1,6.499999999994255,0.0,26,0
3865,179,10,1,3.8666666666608736,0.0,28,0
3865,180,11,2,2.9333333333274703,0.0,29,0
3865,181,8,-2,1.9999999999940885,0.0,30,0
3865,182,9,2,1.0666666666606937,0.0,31,0
3865,183,2,-1,0.1333333333273019,0.0,32,0
3865,184,2,3,-0.8666666666727565,0.0,33,0
3865,185,11,3,-1.8666666666728142,0.0,34,0
3865,186,3,-3,-2.86666666667287,0.0,35,0
3865,187,3,1,-3.8666666666729332,0.0,36,0
3865,188,4,3,-4.866666666672987,0.0,37,0
