time_step,passenger_sequence,target_x,target_y,current_x,current_y,current_cell,state
3845,178,11,-1,4.499999999994262,0.0,28,0
3845,179,10,1,1.866666666660872,0.0,30,0
3845,180,11,2,0.9333333333274688,0.0,31,0
3845,181,8,-2,-5.912298428611962e-12,0.0,32,0
3845,182,9,2,-1.0000000000059728,0.0,33,0
3845,183,2,-1,-2.000000000006032,0.0,34,0
3845,184,2,3,-3.0000000000060916,0.0,35,0
3845,185,11,3,-4.00000000000615,0.0,36,0
3845,186,3,-3,-5.000000000006201,0.0,37,0
3845,187,3,1,-6.00000000000626,0.0,38,0
3845,188,4,3,-7.000000000006313,0.0,39,0
