time_step,passenger_sequence,target_x,target_y,current_x,current_y,current_cell,state
3214,148,8,3,6.59999999999612,0.0,25,0
3214,149,7,3,3.9666666666627317,0.0,28,0
3214,150,7,-3,3.0333333333293355,0.0,29,0
3214,151,4,1,2.099999999995936,0.0,30,0
3214,152,3,-2,1.1666666666625305,0.0,31,0
3214,153,9,-1,0.2333333333291369,0.0,32,0
3214,154,10,-1,-0.7666666666709269,0.0,33,0
3214,155,11,1,-1.7666666666709845,0.0,34,0
3214,156,5,2,-2.7666666666710564,0.0,35,0
3214,157,8,2,-3.7666666666711213,0.0,36,0
3214,158,5,1,-4.766666666671179,0.0,37,0
3214,159,1,-3,-5.766666666671247,0.0,38,0
3214,160,10,3,-6.766666666671309,0.0,39,0
3214,161,7,1,-7.766666666671368,0.0,40,0
3214,162,7,2,-8.766666666671417,0.0,41,0
3214,163,10,-3,-9.766666666671481,0.0,42,0
3214,164,5,3,-10.766666666671538,0.0,43,0
3214,165,2,1,-11.766666666671599,0.0,44,0
3214,166,5,-1,-12.766666666671656,0.0,45,0
3214,167,6,-3,-13.833333333338382,0.0,46,0
3214,168,6,3,-14.833333333338443,0.0,47,0
3214,169,11,-3,-15.833333333338498,0.0,48,0
3214,170,4,-2,-16.900000000005235,0.0,49,0
3214,171,2,-2,-17.90000000000531,0.0,50,0
3214,172,10,2,-18.90000000000538,0.0,51,0
3214,173,3,2,-19.900000000005452,0.0,52,0
3214,174,2,-3,-20.900000000005527,0.0,53,0
3214,175,7,-1,-21.900000000005598,0.0,54,0
3214,176,4,-3,-22.90000000000567,0.0,55,0
3214,177,1,-1,-23.90000000000574,0.0,56,0
3214,178,11,-1,-24.966666666672477,0.0,57,0
3214,179,10,1,-25.96666666667255,0.0,58,0
3214,180,11,2,-26.96666666667263,0.0,59,0
3214,181,8,-2,-28.033333333339357,0.0,60,0
3214,182,9,2,-29.100000000006098,0.0,61,0
3214,183,2,-1,-30.10000000000617,0.0,62,0
3214,184,2,3,-31.10000000000624,0.0,63,0
3214,185,11,3,-32.10000000000631,0.0,64,0
3214,186,3,-3,-33.16666666667305,0.0,65,0
3214,187,3,1,-34.2333333333398,0.0,66,0
3214,188,4,3,-35.23333333333988,0.0,67,0
