time_step,passenger_sequence,target_x,target_y,current_x,current_y,current_cell,state
3889,178,11,-1,8.899999999994247,0.0,23,0
3889,179,10,1,6.266666666660866,0.0,26,0
3889,180,11,2,5.333333333327467,0.0,27,0
3889,181,8,-2,4.399999999994089,0.0,28,0
3889,182,9,2,3.4666666666606956,0.0,29,0
3889,183,2,-1,1.5333333333273023,0.0,30,2
3889,184,2,3,0.4999999999939101,0.0,32,1
3889,185,11,3,-0.500000000006147,0.0,33,1
3889,186,3,-3,-1.5000000000062021,0.0,34,1
3889,187,3,1,-2.500000000006265,0.0,35,1
3889,188,4,3,-3.5000000000063234,0.0,36,1
