time_step,passenger_sequence,target_x,target_y,current_x,current_y,current_cell,state
3089,143,8,1,4.833333333329767,0.0,27,0
3089,144,10,-2,3.3666666666630376,0.0,29,0
3089,145,7,-2,2.166666666662981,0.0,30,0
3089,146,6,-1,1.2333333333295815,0.0,31,0
3089,147,1,-2,0.2333333333295259,0.0,32,0
3089,148,8,3,-0.7666666666705396,0.0,33,0
3089,149,7,3,-1.7666666666706043,0.0,34,0
3089,150,7,-3,-2.7666666666706674,0.0,35,0
3089,151,4,1,-3.766666666670734,0.0,36,0
3089,152,3,-2,-4.766666666670803,0.0,37,0
3089,153,9,-1,-5.76666666667086,0.0,38,0
3089,154,10,-1,-6.76666666667092,0.0,39,0
3089,155,11,1,-7.83333333333764,0.0,40,0
3089,156,5,2,-8.833333333337707,0.0,41,0
3089,157,8,2,-9.833333333337768,0.0,42,0
3089,158,5,1,-10.900000000004491,0.0,43,0
3089,159,1,-3,-11.900000000004558,0.0,44,0
3089,160,10,3,-12.90000000000462,0.0,45,0
3089,161,7,1,-13.90000000000468,0.0,46,0
3089,162,7,2,-14.966666666671395,0.0,47,0
3089,163,10,-3,-15.96666666667146,0.0,48,0
3089,164,5,3,-16.966666666671532,0.0,49,0
3089,165,2,1,-17.966666666671607,0.0,50,0
3089,166,5,-1,-19.033333333338348,0.0,51,0
3089,167,6,-3,-20.033333333338422,0.0,52,0
3089,168,6,3,-21.0333333333385,0.0,53,0
3089,169,11,-3,-22.100000000005238,0.0,54,0
3089,170,4,-2,-23.16666666667198,0.0,55,0
3089,171,2,-2,-24.166666666672054,0.0,56,0
3089,172,10,2,-25.166666666672125,0.0,57,0
3089,173,3,2,-26.166666666672196,0.0,58,0
3089,174,2,-3,-27.233333333338937,0.0,59,0
3089,175,7,-1,-28.36666666667234,0.0,60,0
3089,176,4,-3,-29.500000000005745,0.0,62,0
3089,177,1,-1,-30.500000000005816,0.0,63,0
3089,178,11,-1,-31.500000000005887,0.0,64,0
3089,179,10,1,-32.56666666667263,0.0,65,0
3089,180,11,2,-33.63333333333939,0.0,66,0
3089,181,8,-2,-34.70000000000613,0.0,67,0
3089,182,9,2,-35.700000000006206,0.0,68,0
3089,183,2,-1,-36.766666666672954,0.0,69,0
3089,184,2,3,-37.76666666667303,0.0,70,0
3089,185,11,3,-38.76666666667311,0.0,71,0
3089,186,3,-3,-39.83333333333985,0.0,72,0
3089,187,3,1,-40.83333333333993,0.0,73,0
3089,188,4,3,-41.83333333334001,0.0,74,0
