time_step,passenger_sequence,target_x,target_y,current_x,current_y,current_cell,state
3019,140,9,3,5.133333333329947,0.0,27,0
3019,141,9,-3,3.5333333333298933,0.0,28,0
3019,142,4,-1,2.2666666666631623,0.0,30,0
3019,143,8,1,1.3333333333297663,0.0,31,0
3019,144,10,-2,0.3333333333297018,0.0,32,0
3019,145,7,-2,-0.6666666666703531,0.0,33,0
3019,146,6,-1,-1.666666666670419,0.0,34,0
3019,147,1,-2,-2.6666666666704755,0.0,35,0
3019,148,8,3,-3.666666666670542,0.0,36,0
3019,149,7,3,-4.666666666670604,0.0,37,0
3019,150,7,-3,-5.733333333337329,0.0,38,0
3019,151,4,1,-6.800000000004058,0.0,39,0
3019,152,3,-2,-7.800000000004125,0.0,40,0
3019,153,9,-1,-8.800000000004182,0.0,41,0
3019,154,10,-1,-9.800000000004243,0.0,42,0
3019,155,11,1,-10.800000000004296,0.0,43,0
3019,156,5,2,-11.800000000004363,0.0,44,0
3019,157,8,2,-12.86666666667109,0.0,45,0
3019,158,5,1,-13.933333333337814,0.0,46,0
3019,159,1,-3,-14.933333333337881,0.0,47,0
3019,160,10,3,-15.933333333337943,0.0,48,0
3019,161,7,1,-16.933333333338016,0.0,49,0
3019,162,7,2,-18.066666666671416,0.0,50,0
3019,163,10,-3,-19.066666666671495,0.0,51,0
3019,164,5,3,-20.06666666667157,0.0,52,0
3019,165,2,1,-21.066666666671644,0.0,53,0
3019,166,5,-1,-22.133333333338385,0.0,54,0
3019,167,6,-3,-23.200000000005126,0.0,55,0
3019,168,6,3,-24.333333333338537,0.0,56,0
3019,169,11,-3,-25.333333333338608,0.0,57,0
3019,170,4,-2,-26.333333333338683,0.0,58,0
3019,171,2,-2,-27.400000000005424,0.0,59,0
3019,172,10,2,-28.533333333338827,0.0,61,0
3019,173,3,2,-29.600000000005565,0.0,62,0
3019,174,2,-3,-30.666666666672306,0.0,63,0
3019,175,7,-1,-31.666666666672377,0.0,64,0
3019,176,4,-3,-32.666666666672455,0.0,65,0
3019,177,1,-1,-33.66666666667253,0.0,66,0
3019,178,11,-1,-34.73333333333928,0.0,67,0
3019,179,10,1,-35.73333333333936,0.0,68,0
3019,180,11,2,-36.733333333339445,0.0,69,0
3019,181,8,-2,-37.800000000006186,0.0,70,0
3019,182,9,2,-38.800000000006264,0.0,71,0
3019,183,2,-1,-39.86666666667301,0.0,72,0
3019,184,2,3,-40.86666666667309,0.0,73,0
3019,185,11,3,-41.86666666667317,0.0,74,0
3019,186,3,-3,-42.93333333333991,0.0,75,0
3019,187,3,1,-43.93333333333999,0.0,76,0
3019,188,4,3,-44.933333333340066,0.0,77,0
