time_step,passenger_sequence,target_x,target_y,current_x,current_y,current_cell,state
3602,166,5,-1,4.299999999994984,0.0,28,0
3602,167,6,-3,3.366666666661587,0.0,29,0
3602,168,6,3,2.4333333333281892,0.0,30,0
3602,169,11,-3,1.4999999999947968,0.0,31,0
3602,170,4,-2,0.5666666666614008,0.0,31,0
3602,171,2,-2,-0.43333333333865953,0.0,32,0
3602,172,10,2,-1.43333333333872,0.0,33,0
3602,173,3,2,-2.433333333338778,0.0,34,0
3602,174,2,-3,-3.433333333338841,0.0,35,0
3602,175,7,-1,-4.433333333338899,0.0,36,0
3602,176,4,-3,-5.433333333338952,0.0,37,0
3602,177,1,-1,-6.433333333339007,0.0,38,0
3602,178,11,-1,-7.433333333339062,0.0,39,0
3602,179,10,1,-8.433333333339116,0.0,40,0
3602,180,11,2,-9.433333333339181,0.0,41,0
3602,181,8,-2,-10.433333333339226,0.0,42,0
3602,182,9,2,-11.433333333339283,0.0,43,0
3602,183,2,-1,-12.433333333339338,0.0,44,0
3602,184,2,3,-13.433333333339393,0.0,45,0
3602,185,11,3,-14.433333333339446,0.0,46,0
3602,186,3,-3,-15.433333333339498,0.0,47,0
3602,187,3,1,-16.43333333333956,0.0,48,0
3602,188,4,3,-17.433333333339633,0.0,49,0
